datetime,open,high,low,close,volume
1970-02-12T00:00:00+00:00,2306.25,2306.25,2306.25,2306.25,0
1970-02-13T00:00:00+00:00,2306.25,2306.25,2306.25,2306.25,0
1970-02-17T00:00:00+00:00,2306.25,2306.25,2306.25,2306.25,0
1970-02-18T00:00:00+00:00,2306.25,2306.25,2306.25,2306.25,0
1970-02-19T00:00:00+00:00,2306.25,2306.25,2306.25,2306.25,0
1970-02-20T00:00:00+00:00,2306.25,2306.25,2306.25,2306.25,0
1970-02-24T00:00:00+00:00,2306.25,2306.25,2306.25,2306.25,0
1970-02-25T00:00:00+00:00,2306.25,2306.25,2306.25,2306.25,0
1970-02-26T00:00:00+00:00,2306.25,2306.25,2306.25,2306.25,0
1970-02-27T00:00:00+00:00,2306.25,2306.25,2306.25,2306.25,0
1970-03-03T00:00:00+00:00,2306.25,2306.25,2306.25,2306.25,0
1970-03-04T00:00:00+00:00,2306.25,2306.25,2306.25,2306.25,0
1970-03-05T00:00:00+00:00,2306.25,2306.25,2306.25,2306.25,0
1970-03-06T00:00:00+00:00,2306.25,2306.25,2306.25,2306.25,0
1970-03-10T00:00:00+00:00,2306.25,2306.25,2306.25,2306.25,0
1970-03-11T00:00:00+00:00,2306.25,2306.25,2306.25,2306.25,0
1970-03-12T00:00:00+00:00,2306.25,2306.25,2306.25,2306.25,0
1970-03-13T00:00:00+00:00,2306.25,2306.25,2306.25,2306.25,0
1970-03-17T00:00:00+00:00,2306.25,2306.25,2306.25,2306.25,0
1970-03-18T00:00:00+00:00,2306.25,2306.25,2306.25,2306.25,0
1970-03-19T00:00:00+00:00,2306.25,2306.25,2306.25,2306.25,0
1970-03-20T00:00:00+00:00,2306.25,2306.25,2306.25,2306.25,0
1970-03-24T00:00:00+00:00,2306.25,2306.25,2306.25,2306.25,0
1970-03-25T00:00:00+00:00,2306.25,2306.25,2306.25,2306.25,0
1970-03-26T00:00:00+00:00,2306.25,2306.25,2306.25,2306.25,0
1970-03-27T00:00:00+00:00,2306.25,2306.25,2306.25,2306.25,0
1970-03-31T00:00:00+00:00,2306.25,2306.25,2306.25,2306.25,0
1970-04-01T00:00:00+00:00,2306.25,2306.25,2306.25,2306.25,0
1970-04-02T00:00:00+00:00,2306.25,2306.25,2306.25,2306.25,0
1970-04-03T00:00:00+00:00,2306.25,2306.25,2306.25,2306.25,0
1970-04-07T00:00:00+00:00,2306.25,2306.25,2306.25,2306.25,0
1970-04-08T00:00:00+00:00,2306.25,2306.25,2306.25,2306.25,0
1970-04-09T00:00:00+00:00,2306.25,2306.25,2306.25,2306.25,0
1970-04-10T00:00:00+00:00,2306.25,2306.25,2306.25,2306.25,0
1970-04-14T00:00:00+00:00,2306.25,2306.25,2306.25,2306.25,0
1970-04-15T00:00:00+00:00,2306.25,2306.25,2306.25,2306.25,0
1970-04-16T00:00:00+00:00,2306.25,2306.25,2306.25,2306.25,0
1970-04-17T00:00:00+00:00,2306.25,2306.25,2306.25,2306.25,0
1970-04-21T00:00:00+00:00,2306.25,2306.25,2306.25,2306.25,0
1970-04-22T00:00:00+00:00,2306.25,2306.25,2306.25,2306.25,0
1970-04-23T00:00:00+00:00,2306.25,2306.25,2306.25,2306.25,0
1970-04-24T00:00:00+00:00,2306.25,2306.25,2306.25,2306.25,0
1970-04-28T00:00:00+00:00,2306.25,2306.25,2306.25,2306.25,0
1970-04-29T00:00:00+00:00,2306.25,2306.25,2306.25,2306.25,0
1970-05-01T00:00:00+00:00,2114.32,2114.32,2114.32,2114.32,0
1970-05-05T00:00:00+00:00,2114.32,2114.32,2114.32,2114.32,0
1970-05-07T00:00:00+00:00,2191.39,2191.39,2191.39,2191.39,0
1970-05-08T00:00:00+00:00,2191.39,2191.39,2191.39,2191.39,0
1970-05-12T00:00:00+00:00,2191.39,2191.39,2191.39,2191.39,0
1970-05-13T00:00:00+00:00,2191.39,2191.39,2191.39,2191.39,0
1970-05-14T00:00:00+00:00,2191.39,2191.39,2191.39,2191.39,0
1970-05-15T00:00:00+00:00,2191.39,2191.39,2191.39,2191.39,0
1970-05-19T00:00:00+00:00,2191.39,2191.39,2191.39,2191.39,0
1970-05-20T00:00:00+00:00,2191.39,2191.39,2191.39,2191.39,0
1970-05-21T00:00:00+00:00,2191.39,2191.39,2191.39,2191.39,0
1970-05-22T00:00:00+00:00,2191.39,2191.39,2191.39,2191.39,0
1970-05-26T00:00:00+00:00,2191.39,2191.39,2191.39,2191.39,0
1970-05-27T00:00:00+00:00,2191.39,2191.39,2191.39,2191.39,0
1970-05-28T00:00:00+00:00,2191.39,2191.39,2191.39,2191.39,0
1970-05-29T00:00:00+00:00,2191.39,2191.39,2191.39,2191.39,0
1970-06-02T00:00:00+00:00,2191.39,2191.39,2191.39,2191.39,0
1970-06-03T00:00:00+00:00,2191.39,2191.39,2191.39,2191.39,0
1970-06-04T00:00:00+00:00,2191.39,2191.39,2191.39,2191.39,0
1970-06-05T00:00:00+00:00,2191.39,2191.39,2191.39,2191.39,0
1970-06-09T00:00:00+00:00,2191.39,2191.39,2191.39,2191.39,0
1970-06-10T00:00:00+00:00,2191.39,2191.39,2191.39,2191.39,0
1970-06-11T00:00:00+00:00,2191.39,2191.39,2191.39,2191.39,0
1970-06-12T00:00:00+00:00,2191.39,2191.39,2191.39,2191.39,0
1970-06-16T00:00:00+00:00,2191.39,2191.39,2191.39,2191.39,0
1970-06-17T00:00:00+00:00,2191.39,2191.39,2191.39,2191.39,0
1970-06-18T00:00:00+00:00,2191.39,2191.39,2191.39,2191.39,0
1970-06-19T00:00:00+00:00,2191.39,2191.39,2191.39,2191.39,0
1970-06-23T00:00:00+00:00,2191.39,2191.39,2191.39,2191.39,0
1970-06-24T00:00:00+00:00,2191.39,2191.39,2191.39,2191.39,0
1970-06-25T00:00:00+00:00,2191.39,2191.39,2191.39,2191.39,0
1970-06-26T00:00:00+00:00,2191.39,2191.39,2191.39,2191.39,0
1970-06-30T00:00:00+00:00,2191.39,2191.39,2191.39,2191.39,0
1970-07-01T00:00:00+00:00,2191.39,2191.39,2191.39,2191.39,0
1970-07-02T00:00:00+00:00,2191.39,2191.39,2191.39,2191.39,0
1970-07-03T00:00:00+00:00,2191.39,2191.39,2191.39,2191.39,0
1970-07-07T00:00:00+00:00,2191.39,2191.39,2191.39,2191.39,0
1970-07-08T00:00:00+00:00,2191.39,2191.39,2191.39,2191.39,0
1970-07-09T00:00:00+00:00,2191.39,2191.39,2191.39,2191.39,0
1970-07-10T00:00:00+00:00,2191.39,2191.39,2191.39,2191.39,0
1970-07-14T00:00:00+00:00,2191.39,2191.39,2191.39,2191.39,0
1970-07-15T00:00:00+00:00,2191.39,2191.39,2191.39,2191.39,0
1970-07-16T00:00:00+00:00,2191.39,2191.39,2191.39,2191.39,0
1970-07-17T00:00:00+00:00,2191.39,2191.39,2191.39,2191.39,0
1970-07-21T00:00:00+00:00,2191.39,2191.39,2191.39,2191.39,0
1970-07-22T00:00:00+00:00,2191.39,2191.39,2191.39,2191.39,0
1970-07-23T00:00:00+00:00,2191.39,2191.39,2191.39,2191.39,0
1970-07-24T00:00:00+00:00,2191.39,2191.39,2191.39,2191.39,0
1970-07-28T00:00:00+00:00,2191.39,2191.39,2191.39,2191.39,0
1970-07-29T00:00:00+00:00,2191.39,2191.39,2191.39,2191.39,0
1970-07-30T00:00:00+00:00,2191.39,2191.39,2191.39,2191.39,0
1970-07-31T00:00:00+00:00,2191.39,2191.39,2191.39,2191.39,0
1970-08-04T00:00:00+00:00,2191.39,2191.39,2191.39,2191.39,0
1970-08-05T00:00:00+00:00,2191.39,2191.39,2191.39,2191.39,0
1970-08-06T00:00:00+00:00,2191.39,2191.39,2191.39,2191.39,0
1970-08-07T00:00:00+00:00,2191.39,2191.39,2191.39,2191.39,0
1970-08-11T00:00:00+00:00,2191.39,2191.39,2191.39,2191.39,0
1970-08-12T00:00:00+00:00,2191.39,2191.39,2191.39,2191.39,0
1970-08-13T00:00:00+00:00,2191.39,2191.39,2191.39,2191.39,0
1970-08-14T00:00:00+00:00,2191.39,2191.39,2191.39,2191.39,0
1970-08-18T00:00:00+00:00,2191.39,2191.39,2191.39,2191.39,0
1970-08-19T00:00:00+00:00,2191.39,2191.39,2191.39,2191.39,0
1970-08-20T00:00:00+00:00,2191.39,2191.39,2191.39,2191.39,0
1970-08-21T00:00:00+00:00,2191.39,2191.39,2191.39,2191.39,0
1970-08-25T00:00:00+00:00,2191.39,2191.39,2191.39,2191.39,0
1970-08-26T00:00:00+00:00,2191.39,2191.39,2191.39,2191.39,0
1970-08-27T00:00:00+00:00,2191.39,2191.39,2191.39,2191.39,0
1970-08-28T00:00:00+00:00,2191.39,2191.39,2191.39,2191.39,0
1970-09-01T00:00:00+00:00,2191.39,2191.39,2191.39,2191.39,0
1970-09-02T00:00:00+00:00,2191.39,2191.39,2191.39,2191.39,0
1970-09-03T00:00:00+00:00,2191.39,2191.39,2191.39,2191.39,0
1970-09-04T00:00:00+00:00,2191.39,2191.39,2191.39,2191.39,0
1970-09-08T00:00:00+00:00,2191.39,2191.39,2191.39,2191.39,0
1970-09-09T00:00:00+00:00,2191.39,2191.39,2191.39,2191.39,0
1970-09-10T00:00:00+00:00,2191.39,2191.39,2191.39,2191.39,0
1970-09-11T00:00:00+00:00,2191.39,2191.39,2191.39,2191.39,0
1970-09-15T00:00:00+00:00,2191.39,2191.39,2191.39,2191.39,0
1970-09-17T00:00:00+00:00,2139.9,2139.9,2139.9,2139.9,0
1970-09-18T00:00:00+00:00,2139.9,2139.9,2139.9,2139.9,0
1970-09-22T00:00:00+00:00,2139.9,2139.9,2139.9,2139.9,0
1970-09-23T00:00:00+00:00,2139.9,2139.9,2139.9,2139.9,0
1970-09-25T00:00:00+00:00,2085.01,2085.01,2085.01,2085.01,0
1970-09-29T00:00:00+00:00,2085.01,2085.01,2085.01,2085.01,0
1970-09-30T00:00:00+00:00,2085.01,2085.01,2085.01,2085.01,0
1970-10-01T00:00:00+00:00,2085.01,2085.01,2085.01,2085.01,0
1970-10-02T00:00:00+00:00,2085.01,2085.01,2085.01,2085.01,0
1970-10-06T00:00:00+00:00,2085.01,2085.01,2085.01,2085.01,0
1970-10-07T00:00:00+00:00,2085.01,2085.01,2085.01,2085.01,0
1970-10-08T00:00:00+00:00,2085.01,2085.01,2085.01,2085.01,0
1970-10-09T00:00:00+00:00,2085.01,2085.01,2085.01,2085.01,0
1970-10-13T00:00:00+00:00,2085.01,2085.01,2085.01,2085.01,0
1970-10-14T00:00:00+00:00,2085.01,2085.01,2085.01,2085.01,0
1970-10-15T00:00:00+00:00,2085.01,2085.01,2085.01,2085.01,0
1970-10-16T00:00:00+00:00,2085.01,2085.01,2085.01,2085.01,0
1970-10-20T00:00:00+00:00,2085.01,2085.01,2085.01,2085.01,0
1970-10-21T00:00:00+00:00,2085.01,2085.01,2085.01,2085.01,0
1970-10-22T00:00:00+00:00,2085.01,2085.01,2085.01,2085.01,0
1970-10-23T00:00:00+00:00,2085.01,2085.01,2085.01,2085.01,0
1970-10-27T00:00:00+00:00,2085.01,2085.01,2085.01,2085.01,0
1970-10-28T00:00:00+00:00,2085.01,2085.01,2085.01,2085.01,0
1970-10-29T00:00:00+00:00,2085.01,2085.01,2085.01,2085.01,0
1970-10-30T00:00:00+00:00,2085.01,2085.01,2085.01,2085.01,0
1970-11-03T00:00:00+00:00,2085.01,2085.01,2085.01,2085.01,0
1970-11-05T00:00:00+00:00,2143.72,2143.72,2143.72,2143.72,0
1970-11-06T00:00:00+00:00,2143.72,2143.72,2143.72,2143.72,0
1970-11-10T00:00:00+00:00,2143.72,2143.72,2143.72,2143.72,0
1970-11-11T00:00:00+00:00,2143.72,2143.72,2143.72,2143.72,0
1970-11-12T00:00:00+00:00,2143.72,2143.72,2143.72,2143.72,0
1970-11-13T00:00:00+00:00,2143.72,2143.72,2143.72,2143.72,0
1970-11-17T00:00:00+00:00,2143.72,2143.72,2143.72,2143.72,0
1970-11-18T00:00:00+00:00,2143.72,2143.72,2143.72,2143.72,0
1970-11-19T00:00:00+00:00,2143.72,2143.72,2143.72,2143.72,0
1970-11-20T00:00:00+00:00,2143.72,2143.72,2143.72,2143.72,0
1970-11-25T00:00:00+00:00,2060.03,2060.03,2060.03,2060.03,0
1970-11-26T00:00:00+00:00,2060.03,2060.03,2060.03,2060.03,0
1970-11-27T00:00:00+00:00,2060.03,2060.03,2060.03,2060.03,0
1970-12-01T00:00:00+00:00,2060.03,2060.03,2060.03,2060.03,0
1970-12-02T00:00:00+00:00,2060.03,2060.03,2060.03,2060.03,0
1970-12-03T00:00:00+00:00,2060.03,2060.03,2060.03,2060.03,0
1970-12-04T00:00:00+00:00,2060.03,2060.03,2060.03,2060.03,0
1970-12-08T00:00:00+00:00,2060.03,2060.03,2060.03,2060.03,0
1970-12-09T00:00:00+00:00,2060.03,2060.03,2060.03,2060.03,0
1970-12-10T00:00:00+00:00,2060.03,2060.03,2060.03,2060.03,0
1970-12-11T00:00:00+00:00,2060.03,2060.03,2060.03,2060.03,0
1970-12-15T00:00:00+00:00,2060.03,2060.03,2060.03,2060.03,0
1970-12-16T00:00:00+00:00,2060.03,2060.03,2060.03,2060.03,0
1970-12-17T00:00:00+00:00,2060.03,2060.03,2060.03,2060.03,0
1970-12-18T00:00:00+00:00,2060.03,2060.03,2060.03,2060.03,0
1970-12-22T00:00:00+00:00,2060.03,2060.03,2060.03,2060.03,0
1970-12-23T00:00:00+00:00,2060.03,2060.03,2060.03,2060.03,0
1970-12-24T00:00:00+00:00,2060.03,2060.03,2060.03,2060.03,0
1970-12-25T00:00:00+00:00,1987.96,1987.96,1987.96,1987.96,0
1970-12-29T00:00:00+00:00,1987.96,1987.96,1987.96,1987.96,0
1971-01-05T00:00:00+00:00,2001.34,2001.34,2001.34,2001.34,0
1971-01-06T00:00:00+00:00,2001.34,2001.34,2001.34,2001.34,0
1971-01-07T00:00:00+00:00,2001.34,2001.34,2001.34,2001.34,0
1971-01-08T00:00:00+00:00,2001.34,2001.34,2001.34,2001.34,0
1971-01-12T00:00:00+00:00,2001.34,2001.34,2001.34,2001.34,0
1971-01-13T00:00:00+00:00,2001.34,2001.34,2001.34,2001.34,0
1971-01-14T00:00:00+00:00,2001.34,2001.34,2001.34,2001.34,0
1971-01-15T00:00:00+00:00,2001.34,2001.34,2001.34,2001.34,0
1971-01-19T00:00:00+00:00,2001.34,2001.34,2001.34,2001.34,0
1971-01-20T00:00:00+00:00,2001.34,2001.34,2001.34,2001.34,0
1971-01-21T00:00:00+00:00,2001.34,2001.34,2001.34,2001.34,0
1971-01-22T00:00:00+00:00,2001.34,2001.34,2001.34,2001.34,0
1971-01-26T00:00:00+00:00,2001.34,2001.34,2001.34,2001.34,0
1971-01-27T00:00:00+00:00,2001.34,2001.34,2001.34,2001.34,0
1971-01-28T00:00:00+00:00,2001.34,2001.34,2001.34,2001.34,0
1971-01-29T00:00:00+00:00,2001.34,2001.34,2001.34,2001.34,0
1971-02-02T00:00:00+00:00,2001.34,2001.34,2001.34,2001.34,0
1971-02-03T00:00:00+00:00,2001.34,2001.34,2001.34,2001.34,0
1971-02-04T00:00:00+00:00,2001.34,2001.34,2001.34,2001.34,0
1971-02-05T00:00:00+00:00,2001.34,2001.34,2001.34,2001.34,0
1971-02-09T00:00:00+00:00,2001.34,2001.34,2001.34,2001.34,0
1971-02-10T00:00:00+00:00,2001.34,2001.34,2001.34,2001.34,0
1971-02-11T00:00:00+00:00,2001.34,2001.34,2001.34,2001.34,0
1971-02-16T00:00:00+00:00,2166.64,2166.64,2166.64,2166.64,0
1971-02-17T00:00:00+00:00,2166.64,2166.64,2166.64,2166.64,0
1971-02-18T00:00:00+00:00,2166.64,2166.64,2166.64,2166.64,0
1971-02-19T00:00:00+00:00,2166.64,2166.64,2166.64,2166.64,0
1971-02-23T00:00:00+00:00,2166.64,2166.64,2166.64,2166.64,0
1971-02-24T00:00:00+00:00,2166.64,2166.64,2166.64,2166.64,0
1971-02-25T00:00:00+00:00,2166.64,2166.64,2166.64,2166.64,0
1971-02-26T00:00:00+00:00,2166.64,2166.64,2166.64,2166.64,0
1971-03-02T00:00:00+00:00,2166.64,2166.64,2166.64,2166.64,0
1971-03-03T00:00:00+00:00,2166.64,2166.64,2166.64,2166.64,0
1971-03-04T00:00:00+00:00,2166.64,2166.64,2166.64,2166.64,0
1971-03-05T00:00:00+00:00,2166.64,2166.64,2166.64,2166.64,0
1971-03-09T00:00:00+00:00,2166.64,2166.64,2166.64,2166.64,0
1971-03-10T00:00:00+00:00,2166.64,2166.64,2166.64,2166.64,0
1971-03-11T00:00:00+00:00,2166.64,2166.64,2166.64,2166.64,0
1971-03-12T00:00:00+00:00,2166.64,2166.64,2166.64,2166.64,0
1971-03-16T00:00:00+00:00,2166.64,2166.64,2166.64,2166.64,0
1971-03-17T00:00:00+00:00,2166.64,2166.64,2166.64,2166.64,0
1971-03-18T00:00:00+00:00,2166.64,2166.64,2166.64,2166.64,0
1971-03-19T00:00:00+00:00,2166.64,2166.64,2166.64,2166.64,0
1971-03-23T00:00:00+00:00,2166.64,2166.64,2166.64,2166.64,0
1971-03-24T00:00:00+00:00,2166.64,2166.64,2166.64,2166.64,0
1971-03-25T00:00:00+00:00,2166.64,2166.64,2166.64,2166.64,0
1971-03-26T00:00:00+00:00,2166.64,2166.64,2166.64,2166.64,0
1971-03-30T00:00:00+00:00,2166.64,2166.64,2166.64,2166.64,0
1971-03-31T00:00:00+00:00,2166.64,2166.64,2166.64,2166.64,0
1971-04-01T00:00:00+00:00,2166.64,2166.64,2166.64,2166.64,0
1971-04-02T00:00:00+00:00,2166.64,2166.64,2166.64,2166.64,0
1971-04-06T00:00:00+00:00,2166.64,2166.64,2166.64,2166.64,0
1971-04-07T00:00:00+00:00,2166.64,2166.64,2166.64,2166.64,0
1971-04-08T00:00:00+00:00,2166.64,2166.64,2166.64,2166.64,0
1971-04-09T00:00:00+00:00,2166.64,2166.64,2166.64,2166.64,0
1971-04-13T00:00:00+00:00,2166.64,2166.64,2166.64,2166.64,0
1971-04-14T00:00:00+00:00,2166.64,2166.64,2166.64,2166.64,0
1971-04-15T00:00:00+00:00,2166.64,2166.64,2166.64,2166.64,0
1971-04-16T00:00:00+00:00,2166.64,2166.64,2166.64,2166.64,0
1971-04-20T00:00:00+00:00,2166.64,2166.64,2166.64,2166.64,0
1971-04-21T00:00:00+00:00,2166.64,2166.64,2166.64,2166.64,0
1971-04-22T00:00:00+00:00,2166.64,2166.64,2166.64,2166.64,0
1971-04-23T00:00:00+00:00,2166.64,2166.64,2166.64,2166.64,0
1971-04-27T00:00:00+00:00,2166.64,2166.64,2166.64,2166.64,0
1971-04-28T00:00:00+00:00,2166.64,2166.64,2166.64,2166.64,0
1971-04-29T00:00:00+00:00,2166.64,2166.64,2166.64,2166.64,0
1971-05-05T00:00:00+00:00,2489.35,2489.35,2489.35,2489.35,0
1971-05-07T00:00:00+00:00,2481.67,2481.67,2481.67,2481.67,0
1971-05-11T00:00:00+00:00,2481.67,2481.67,2481.67,2481.67,0
1971-05-12T00:00:00+00:00,2481.67,2481.67,2481.67,2481.67,0
1971-05-13T00:00:00+00:00,2481.67,2481.67,2481.67,2481.67,0
1971-05-14T00:00:00+00:00,2481.67,2481.67,2481.67,2481.67,0
1971-05-18T00:00:00+00:00,2481.67,2481.67,2481.67,2481.67,0
1971-05-19T00:00:00+00:00,2481.67,2481.67,2481.67,2481.67,0
1971-05-20T00:00:00+00:00,2481.67,2481.67,2481.67,2481.67,0
1971-05-21T00:00:00+00:00,2481.67,2481.67,2481.67,2481.67,0
1971-05-25T00:00:00+00:00,2481.67,2481.67,2481.67,2481.67,0
1971-05-26T00:00:00+00:00,2481.67,2481.67,2481.67,2481.67,0
1971-05-27T00:00:00+00:00,2481.67,2481.67,2481.67,2481.67,0
1971-05-28T00:00:00+00:00,2481.67,2481.67,2481.67,2481.67,0
1971-06-01T00:00:00+00:00,2481.67,2481.67,2481.67,2481.67,0
1971-06-02T00:00:00+00:00,2481.67,2481.67,2481.67,2481.67,0
1971-06-03T00:00:00+00:00,2481.67,2481.67,2481.67,2481.67,0
1971-06-04T00:00:00+00:00,2481.67,2481.67,2481.67,2481.67,0
1971-06-08T00:00:00+00:00,2481.67,2481.67,2481.67,2481.67,0
1971-06-09T00:00:00+00:00,2481.67,2481.67,2481.67,2481.67,0
1971-06-10T00:00:00+00:00,2481.67,2481.67,2481.67,2481.67,0
1971-06-11T00:00:00+00:00,2481.67,2481.67,2481.67,2481.67,0
1971-06-15T00:00:00+00:00,2481.67,2481.67,2481.67,2481.67,0
1971-06-16T00:00:00+00:00,2481.67,2481.67,2481.67,2481.67,0
1971-06-17T00:00:00+00:00,2481.67,2481.67,2481.67,2481.67,0
1971-06-18T00:00:00+00:00,2481.67,2481.67,2481.67,2481.67,0
1971-06-22T00:00:00+00:00,2481.67,2481.67,2481.67,2481.67,0
1971-06-23T00:00:00+00:00,2481.67,2481.67,2481.67,2481.67,0
1971-06-24T00:00:00+00:00,2481.67,2481.67,2481.67,2481.67,0
1971-06-25T00:00:00+00:00,2481.67,2481.67,2481.67,2481.67,0
1971-06-29T00:00:00+00:00,2481.67,2481.67,2481.67,2481.67,0
1971-06-30T00:00:00+00:00,2481.67,2481.67,2481.67,2481.67,0
1971-07-01T00:00:00+00:00,2481.67,2481.67,2481.67,2481.67,0
1971-07-02T00:00:00+00:00,2481.67,2481.67,2481.67,2481.67,0
1971-07-06T00:00:00+00:00,2481.67,2481.67,2481.67,2481.67,0
1971-07-07T00:00:00+00:00,2481.67,2481.67,2481.67,2481.67,0
1971-07-08T00:00:00+00:00,2481.67,2481.67,2481.67,2481.67,0
1971-07-09T00:00:00+00:00,2481.67,2481.67,2481.67,2481.67,0
1971-07-13T00:00:00+00:00,2481.67,2481.67,2481.67,2481.67,0
1971-07-14T00:00:00+00:00,2481.67,2481.67,2481.67,2481.67,0
1971-07-15T00:00:00+00:00,2481.67,2481.67,2481.67,2481.67,0
1971-07-16T00:00:00+00:00,2481.67,2481.67,2481.67,2481.67,0
1971-07-20T00:00:00+00:00,2481.67,2481.67,2481.67,2481.67,0
1971-07-21T00:00:00+00:00,2481.67,2481.67,2481.67,2481.67,0
1971-07-22T00:00:00+00:00,2481.67,2481.67,2481.67,2481.67,0
1971-07-23T00:00:00+00:00,2481.67,2481.67,2481.67,2481.67,0
1971-07-27T00:00:00+00:00,2481.67,2481.67,2481.67,2481.67,0
1971-07-28T00:00:00+00:00,2481.67,2481.67,2481.67,2481.67,0
1971-07-29T00:00:00+00:00,2481.67,2481.67,2481.67,2481.67,0
1971-07-30T00:00:00+00:00,2481.67,2481.67,2481.67,2481.67,0
1971-08-03T00:00:00+00:00,2481.67,2481.67,2481.67,2481.67,0
1971-08-04T00:00:00+00:00,2481.67,2481.67,2481.67,2481.67,0
1971-08-05T00:00:00+00:00,2481.67,2481.67,2481.67,2481.67,0
1971-08-06T00:00:00+00:00,2481.67,2481.67,2481.67,2481.67,0
1971-08-10T00:00:00+00:00,2481.67,2481.67,2481.67,2481.67,0
1971-08-11T00:00:00+00:00,2481.67,2481.67,2481.67,2481.67,0
1971-08-12T00:00:00+00:00,2481.67,2481.67,2481.67,2481.67,0
1971-08-13T00:00:00+00:00,2481.67,2481.67,2481.67,2481.67,0
1971-08-17T00:00:00+00:00,2481.67,2481.67,2481.67,2481.67,0
1971-08-18T00:00:00+00:00,2481.67,2481.67,2481.67,2481.67,0
1971-08-19T00:00:00+00:00,2481.67,2481.67,2481.67,2481.67,0
1971-08-20T00:00:00+00:00,2481.67,2481.67,2481.67,2481.67,0
1971-08-24T00:00:00+00:00,2481.67,2481.67,2481.67,2481.67,0
1971-08-25T00:00:00+00:00,2481.67,2481.67,2481.67,2481.67,0
1971-08-26T00:00:00+00:00,2481.67,2481.67,2481.67,2481.67,0
1971-08-27T00:00:00+00:00,2481.67,2481.67,2481.67,2481.67,0
1971-08-31T00:00:00+00:00,2481.67,2481.67,2481.67,2481.67,0
1971-09-01T00:00:00+00:00,2481.67,2481.67,2481.67,2481.67,0
1971-09-02T00:00:00+00:00,2481.67,2481.67,2481.67,2481.67,0
1971-09-03T00:00:00+00:00,2481.67,2481.67,2481.67,2481.67,0
1971-09-07T00:00:00+00:00,2481.67,2481.67,2481.67,2481.67,0
1971-09-08T00:00:00+00:00,2481.67,2481.67,2481.67,2481.67,0
1971-09-09T00:00:00+00:00,2481.67,2481.67,2481.67,2481.67,0
1971-09-10T00:00:00+00:00,2481.67,2481.67,2481.67,2481.67,0
1971-09-14T00:00:00+00:00,2481.67,2481.67,2481.67,2481.67,0
1971-09-15T00:00:00+00:00,2481.67,2481.67,2481.67,2481.67,0
1971-09-17T00:00:00+00:00,2347.35,2347.35,2347.35,2347.35,0
1971-09-21T00:00:00+00:00,2347.35,2347.35,2347.35,2347.35,0
1971-09-22T00:00:00+00:00,2347.35,2347.35,2347.35,2347.35,0
1971-09-23T00:00:00+00:00,2347.35,2347.35,2347.35,2347.35,0
1971-09-24T00:00:00+00:00,2347.35,2347.35,2347.35,2347.35,0
1971-09-28T00:00:00+00:00,2347.35,2347.35,2347.35,2347.35,0
1971-09-29T00:00:00+00:00,2347.35,2347.35,2347.35,2347.35,0
1971-09-30T00:00:00+00:00,2347.35,2347.35,2347.35,2347.35,0
1971-10-01T00:00:00+00:00,2347.35,2347.35,2347.35,2347.35,0
1971-10-05T00:00:00+00:00,2347.35,2347.35,2347.35,2347.35,0
1971-10-06T00:00:00+00:00,2347.35,2347.35,2347.35,2347.35,0
1971-10-07T00:00:00+00:00,2347.35,2347.35,2347.35,2347.35,0
1971-10-08T00:00:00+00:00,2347.35,2347.35,2347.35,2347.35,0
1971-10-12T00:00:00+00:00,2347.35,2347.35,2347.35,2347.35,0
1971-10-13T00:00:00+00:00,2347.35,2347.35,2347.35,2347.35,0
1971-10-14T00:00:00+00:00,2347.35,2347.35,2347.35,2347.35,0
1971-10-15T00:00:00+00:00,2347.35,2347.35,2347.35,2347.35,0
1971-10-19T00:00:00+00:00,2347.35,2347.35,2347.35,2347.35,0
1971-10-20T00:00:00+00:00,2347.35,2347.35,2347.35,2347.35,0
1971-10-21T00:00:00+00:00,2347.35,2347.35,2347.35,2347.35,0
1971-10-22T00:00:00+00:00,2347.35,2347.35,2347.35,2347.35,0
1971-10-26T00:00:00+00:00,2347.35,2347.35,2347.35,2347.35,0
1971-10-27T00:00:00+00:00,2347.35,2347.35,2347.35,2347.35,0
1971-10-28T00:00:00+00:00,2347.35,2347.35,2347.35,2347.35,0
1971-10-29T00:00:00+00:00,2347.35,2347.35,2347.35,2347.35,0
1971-11-02T00:00:00+00:00,2347.35,2347.35,2347.35,2347.35,0
1971-11-03T00:00:00+00:00,2347.35,2347.35,2347.35,2347.35,0
1971-11-05T00:00:00+00:00,2228.78,2228.78,2228.78,2228.78,0
1971-11-09T00:00:00+00:00,2228.78,2228.78,2228.78,2228.78,0
1971-11-10T00:00:00+00:00,2228.78,2228.78,2228.78,2228.78,0
1971-11-11T00:00:00+00:00,2228.78,2228.78,2228.78,2228.78,0
1971-11-12T00:00:00+00:00,2228.78,2228.78,2228.78,2228.78,0
1971-11-16T00:00:00+00:00,2228.78,2228.78,2228.78,2228.78,0
1971-11-17T00:00:00+00:00,2228.78,2228.78,2228.78,2228.78,0
1971-11-18T00:00:00+00:00,2228.78,2228.78,2228.78,2228.78,0
1971-11-19T00:00:00+00:00,2228.78,2228.78,2228.78,2228.78,0
1971-11-23T00:00:00+00:00,2228.78,2228.78,2228.78,2228.78,0
1971-11-25T00:00:00+00:00,2404.68,2404.68,2404.68,2404.68,0
1971-11-26T00:00:00+00:00,2404.68,2404.68,2404.68,2404.68,0
1971-11-30T00:00:00+00:00,2404.68,2404.68,2404.68,2404.68,0
1971-12-01T00:00:00+00:00,2404.68,2404.68,2404.68,2404.68,0
1971-12-02T00:00:00+00:00,2404.68,2404.68,2404.68,2404.68,0
1971-12-03T00:00:00+00:00,2404.68,2404.68,2404.68,2404.68,0
1971-12-07T00:00:00+00:00,2404.68,2404.68,2404.68,2404.68,0
1971-12-08T00:00:00+00:00,2404.68,2404.68,2404.68,2404.68,0
1971-12-09T00:00:00+00:00,2404.68,2404.68,2404.68,2404.68,0
1971-12-10T00:00:00+00:00,2404.68,2404.68,2404.68,2404.68,0
1971-12-14T00:00:00+00:00,2404.68,2404.68,2404.68,2404.68,0
1971-12-15T00:00:00+00:00,2404.68,2404.68,2404.68,2404.68,0
1971-12-16T00:00:00+00:00,2404.68,2404.68,2404.68,2404.68,0
1971-12-17T00:00:00+00:00,2404.68,2404.68,2404.68,2404.68,0
1971-12-21T00:00:00+00:00,2404.68,2404.68,2404.68,2404.68,0
1971-12-22T00:00:00+00:00,2404.68,2404.68,2404.68,2404.68,0
1971-12-23T00:00:00+00:00,2404.68,2404.68,2404.68,2404.68,0
1971-12-24T00:00:00+00:00,2404.68,2404.68,2404.68,2404.68,0
1971-12-28T00:00:00+00:00,2404.68,2404.68,2404.68,2404.68,0
1971-12-29T00:00:00+00:00,2404.68,2404.68,2404.68,2404.68,0
1972-01-05T00:00:00+00:00,2712.31,2712.31,2712.31,2712.31,0
1972-01-06T00:00:00+00:00,2712.31,2712.31,2712.31,2712.31,0
1972-01-07T00:00:00+00:00,2712.31,2712.31,2712.31,2712.31,0
1972-01-11T00:00:00+00:00,2712.31,2712.31,2712.31,2712.31,0
1972-01-12T00:00:00+00:00,2712.31,2712.31,2712.31,2712.31,0
1972-01-13T00:00:00+00:00,2712.31,2712.31,2712.31,2712.31,0
1972-01-14T00:00:00+00:00,2712.31,2712.31,2712.31,2712.31,0
1972-01-18T00:00:00+00:00,2712.31,2712.31,2712.31,2712.31,0
1972-01-19T00:00:00+00:00,2712.31,2712.31,2712.31,2712.31,0
1972-01-20T00:00:00+00:00,2712.31,2712.31,2712.31,2712.31,0
1972-01-21T00:00:00+00:00,2712.31,2712.31,2712.31,2712.31,0
1972-01-25T00:00:00+00:00,2712.31,2712.31,2712.31,2712.31,0
1972-01-26T00:00:00+00:00,2712.31,2712.31,2712.31,2712.31,0
1972-01-27T00:00:00+00:00,2712.31,2712.31,2712.31,2712.31,0
1972-01-28T00:00:00+00:00,2712.31,2712.31,2712.31,2712.31,0
1972-02-01T00:00:00+00:00,2712.31,2712.31,2712.31,2712.31,0
1972-02-02T00:00:00+00:00,2712.31,2712.31,2712.31,2712.31,0
1972-02-03T00:00:00+00:00,2712.31,2712.31,2712.31,2712.31,0
1972-02-04T00:00:00+00:00,2712.31,2712.31,2712.31,2712.31,0
1972-02-08T00:00:00+00:00,2712.31,2712.31,2712.31,2712.31,0
1972-02-09T00:00:00+00:00,2712.31,2712.31,2712.31,2712.31,0
1972-02-10T00:00:00+00:00,2712.31,2712.31,2712.31,2712.31,0
1972-02-11T00:00:00+00:00,2712.31,2712.31,2712.31,2712.31,0
1972-02-15T00:00:00+00:00,2712.31,2712.31,2712.31,2712.31,0
1972-02-16T00:00:00+00:00,2712.31,2712.31,2712.31,2712.31,0
1972-02-17T00:00:00+00:00,2712.31,2712.31,2712.31,2712.31,0
1972-02-18T00:00:00+00:00,2712.31,2712.31,2712.31,2712.31,0
1972-02-22T00:00:00+00:00,2712.31,2712.31,2712.31,2712.31,0
1972-02-23T00:00:00+00:00,2712.31,2712.31,2712.31,2712.31,0
1972-02-24T00:00:00+00:00,2712.31,2712.31,2712.31,2712.31,0
1972-02-25T00:00:00+00:00,2712.31,2712.31,2712.31,2712.31,0
1972-02-29T00:00:00+00:00,2712.31,2712.31,2712.31,2712.31,0
1972-03-01T00:00:00+00:00,2712.31,2712.31,2712.31,2712.31,0
1972-03-02T00:00:00+00:00,2712.31,2712.31,2712.31,2712.31,0
1972-03-03T00:00:00+00:00,2712.31,2712.31,2712.31,2712.31,0
1972-03-07T00:00:00+00:00,2712.31,2712.31,2712.31,2712.31,0
1972-03-08T00:00:00+00:00,2712.31,2712.31,2712.31,2712.31,0
1972-03-09T00:00:00+00:00,2712.31,2712.31,2712.31,2712.31,0
1972-03-10T00:00:00+00:00,2712.31,2712.31,2712.31,2712.31,0
1972-03-14T00:00:00+00:00,2712.31,2712.31,2712.31,2712.31,0
1972-03-15T00:00:00+00:00,2712.31,2712.31,2712.31,2712.31,0
1972-03-16T00:00:00+00:00,2712.31,2712.31,2712.31,2712.31,0
1972-03-17T00:00:00+00:00,2712.31,2712.31,2712.31,2712.31,0
1972-03-22T00:00:00+00:00,3036.43,3036.43,3036.43,3036.43,0
1972-03-23T00:00:00+00:00,3036.43,3036.43,3036.43,3036.43,0
1972-03-24T00:00:00+00:00,3036.43,3036.43,3036.43,3036.43,0
1972-03-28T00:00:00+00:00,3036.43,3036.43,3036.43,3036.43,0
1972-03-29T00:00:00+00:00,3036.43,3036.43,3036.43,3036.43,0
1972-03-30T00:00:00+00:00,3036.43,3036.43,3036.43,3036.43,0
1972-03-31T00:00:00+00:00,3036.43,3036.43,3036.43,3036.43,0
1972-04-04T00:00:00+00:00,3036.43,3036.43,3036.43,3036.43,0
1972-04-05T00:00:00+00:00,3036.43,3036.43,3036.43,3036.43,0
1972-04-06T00:00:00+00:00,3036.43,3036.43,3036.43,3036.43,0
1972-04-07T00:00:00+00:00,3036.43,3036.43,3036.43,3036.43,0
1972-04-11T00:00:00+00:00,3036.43,3036.43,3036.43,3036.43,0
1972-04-12T00:00:00+00:00,3036.43,3036.43,3036.43,3036.43,0
1972-04-13T00:00:00+00:00,3036.43,3036.43,3036.43,3036.43,0
1972-04-14T00:00:00+00:00,3036.43,3036.43,3036.43,3036.43,0
1972-04-18T00:00:00+00:00,3036.43,3036.43,3036.43,3036.43,0
1972-04-19T00:00:00+00:00,3036.43,3036.43,3036.43,3036.43,0
1972-04-20T00:00:00+00:00,3036.43,3036.43,3036.43,3036.43,0
1972-04-21T00:00:00+00:00,3036.43,3036.43,3036.43,3036.43,0
1972-04-25T00:00:00+00:00,3036.43,3036.43,3036.43,3036.43,0
1972-04-26T00:00:00+00:00,3036.43,3036.43,3036.43,3036.43,0
1972-04-27T00:00:00+00:00,3036.43,3036.43,3036.43,3036.43,0
1972-04-28T00:00:00+00:00,3036.43,3036.43,3036.43,3036.43,0
1972-05-02T00:00:00+00:00,3036.43,3036.43,3036.43,3036.43,0
1972-05-03T00:00:00+00:00,3036.43,3036.43,3036.43,3036.43,0
1972-05-05T00:00:00+00:00,3371.24,3371.24,3371.24,3371.24,0
1972-05-09T00:00:00+00:00,3371.24,3371.24,3371.24,3371.24,0
1972-05-10T00:00:00+00:00,3371.24,3371.24,3371.24,3371.24,0
1972-05-11T00:00:00+00:00,3371.24,3371.24,3371.24,3371.24,0
1972-05-12T00:00:00+00:00,3371.24,3371.24,3371.24,3371.24,0
1972-05-16T00:00:00+00:00,3371.24,3371.24,3371.24,3371.24,0
1972-05-17T00:00:00+00:00,3371.24,3371.24,3371.24,3371.24,0
1972-05-18T00:00:00+00:00,3371.24,3371.24,3371.24,3371.24,0
1972-05-19T00:00:00+00:00,3371.24,3371.24,3371.24,3371.24,0
1972-05-23T00:00:00+00:00,3371.24,3371.24,3371.24,3371.24,0
1972-05-24T00:00:00+00:00,3371.24,3371.24,3371.24,3371.24,0
1972-05-25T00:00:00+00:00,3371.24,3371.24,3371.24,3371.24,0
1972-05-26T00:00:00+00:00,3371.24,3371.24,3371.24,3371.24,0
1972-05-30T00:00:00+00:00,3371.24,3371.24,3371.24,3371.24,0
1972-05-31T00:00:00+00:00,3371.24,3371.24,3371.24,3371.24,0
1972-06-01T00:00:00+00:00,3371.24,3371.24,3371.24,3371.24,0
1972-06-02T00:00:00+00:00,3371.24,3371.24,3371.24,3371.24,0
1972-06-06T00:00:00+00:00,3371.24,3371.24,3371.24,3371.24,0
1972-06-07T00:00:00+00:00,3371.24,3371.24,3371.24,3371.24,0
1972-06-08T00:00:00+00:00,3371.24,3371.24,3371.24,3371.24,0
1972-06-09T00:00:00+00:00,3371.24,3371.24,3371.24,3371.24,0
1972-06-13T00:00:00+00:00,3371.24,3371.24,3371.24,3371.24,0
1972-06-14T00:00:00+00:00,3371.24,3371.24,3371.24,3371.24,0
1972-06-15T00:00:00+00:00,3371.24,3371.24,3371.24,3371.24,0
1972-06-16T00:00:00+00:00,3371.24,3371.24,3371.24,3371.24,0
1972-06-20T00:00:00+00:00,3371.24,3371.24,3371.24,3371.24,0
1972-06-21T00:00:00+00:00,3371.24,3371.24,3371.24,3371.24,0
1972-06-22T00:00:00+00:00,3371.24,3371.24,3371.24,3371.24,0
1972-06-23T00:00:00+00:00,3371.24,3371.24,3371.24,3371.24,0
1972-06-27T00:00:00+00:00,3371.24,3371.24,3371.24,3371.24,0
1972-06-28T00:00:00+00:00,3371.24,3371.24,3371.24,3371.24,0
1972-06-29T00:00:00+00:00,3371.24,3371.24,3371.24,3371.24,0
1972-06-30T00:00:00+00:00,3371.24,3371.24,3371.24,3371.24,0
1972-07-04T00:00:00+00:00,3371.24,3371.24,3371.24,3371.24,0
1972-07-05T00:00:00+00:00,3371.24,3371.24,3371.24,3371.24,0
1972-07-06T00:00:00+00:00,3371.24,3371.24,3371.24,3371.24,0
1972-07-07T00:00:00+00:00,3371.24,3371.24,3371.24,3371.24,0
1972-07-11T00:00:00+00:00,3371.24,3371.24,3371.24,3371.24,0
1972-07-12T00:00:00+00:00,3371.24,3371.24,3371.24,3371.24,0
1972-07-13T00:00:00+00:00,3371.24,3371.24,3371.24,3371.24,0
1972-07-14T00:00:00+00:00,3371.24,3371.24,3371.24,3371.24,0
1972-07-18T00:00:00+00:00,3371.24,3371.24,3371.24,3371.24,0
1972-07-19T00:00:00+00:00,3371.24,3371.24,3371.24,3371.24,0
1972-07-20T00:00:00+00:00,3371.24,3371.24,3371.24,3371.24,0
1972-07-21T00:00:00+00:00,3371.24,3371.24,3371.24,3371.24,0
1972-07-25T00:00:00+00:00,3371.24,3371.24,3371.24,3371.24,0
1972-07-26T00:00:00+00:00,3371.24,3371.24,3371.24,3371.24,0
1972-07-27T00:00:00+00:00,3371.24,3371.24,3371.24,3371.24,0
1972-07-28T00:00:00+00:00,3371.24,3371.24,3371.24,3371.24,0
1972-08-01T00:00:00+00:00,3371.24,3371.24,3371.24,3371.24,0
1972-08-02T00:00:00+00:00,3371.24,3371.24,3371.24,3371.24,0
1972-08-03T00:00:00+00:00,3371.24,3371.24,3371.24,3371.24,0
1972-08-04T00:00:00+00:00,3371.24,3371.24,3371.24,3371.24,0
1972-08-08T00:00:00+00:00,3371.24,3371.24,3371.24,3371.24,0
1972-08-09T00:00:00+00:00,3371.24,3371.24,3371.24,3371.24,0
1972-08-10T00:00:00+00:00,3371.24,3371.24,3371.24,3371.24,0
1972-08-11T00:00:00+00:00,3371.24,3371.24,3371.24,3371.24,0
1972-08-15T00:00:00+00:00,3371.24,3371.24,3371.24,3371.24,0
1972-08-16T00:00:00+00:00,3371.24,3371.24,3371.24,3371.24,0
1972-08-17T00:00:00+00:00,3371.24,3371.24,3371.24,3371.24,0
1972-08-18T00:00:00+00:00,3371.24,3371.24,3371.24,3371.24,0
1972-08-22T00:00:00+00:00,3371.24,3371.24,3371.24,3371.24,0
1972-08-23T00:00:00+00:00,3371.24,3371.24,3371.24,3371.24,0
1972-08-24T00:00:00+00:00,3371.24,3371.24,3371.24,3371.24,0
1972-08-25T00:00:00+00:00,3371.24,3371.24,3371.24,3371.24,0
1972-08-29T00:00:00+00:00,3371.24,3371.24,3371.24,3371.24,0
1972-08-30T00:00:00+00:00,3371.24,3371.24,3371.24,3371.24,0
1972-08-31T00:00:00+00:00,3371.24,3371.24,3371.24,3371.24,0
1972-09-01T00:00:00+00:00,3371.24,3371.24,3371.24,3371.24,0
1972-09-05T00:00:00+00:00,3371.24,3371.24,3371.24,3371.24,0
1972-09-06T00:00:00+00:00,3371.24,3371.24,3371.24,3371.24,0
1972-09-07T00:00:00+00:00,3371.24,3371.24,3371.24,3371.24,0
1972-09-08T00:00:00+00:00,3371.24,3371.24,3371.24,3371.24,0
1972-09-12T00:00:00+00:00,3371.24,3371.24,3371.24,3371.24,0
1972-09-13T00:00:00+00:00,3371.24,3371.24,3371.24,3371.24,0
1972-09-14T00:00:00+00:00,3371.24,3371.24,3371.24,3371.24,0
1972-09-15T00:00:00+00:00,3371.24,3371.24,3371.24,3371.24,0
1972-09-19T00:00:00+00:00,3371.24,3371.24,3371.24,3371.24,0
1972-09-20T00:00:00+00:00,3371.24,3371.24,3371.24,3371.24,0
1972-09-21T00:00:00+00:00,3371.24,3371.24,3371.24,3371.24,0
1972-09-22T00:00:00+00:00,3371.24,3371.24,3371.24,3371.24,0
1972-09-26T00:00:00+00:00,3371.24,3371.24,3371.24,3371.24,0
1972-09-27T00:00:00+00:00,3371.24,3371.24,3371.24,3371.24,0
1972-09-28T00:00:00+00:00,3371.24,3371.24,3371.24,3371.24,0
1972-09-29T00:00:00+00:00,3371.24,3371.24,3371.24,3371.24,0
1972-10-03T00:00:00+00:00,3371.24,3371.24,3371.24,3371.24,0
1972-10-04T00:00:00+00:00,3371.24,3371.24,3371.24,3371.24,0
1972-10-05T00:00:00+00:00,3371.24,3371.24,3371.24,3371.24,0
1972-10-06T00:00:00+00:00,3371.24,3371.24,3371.24,3371.24,0
1972-10-10T00:00:00+00:00,3371.24,3371.24,3371.24,3371.24,0
1972-10-12T00:00:00+00:00,4443.09,4443.09,4443.09,4443.09,0
1972-10-13T00:00:00+00:00,4443.09,4443.09,4443.09,4443.09,0
1972-10-17T00:00:00+00:00,4443.09,4443.09,4443.09,4443.09,0
1972-10-18T00:00:00+00:00,4443.09,4443.09,4443.09,4443.09,0
1972-10-19T00:00:00+00:00,4443.09,4443.09,4443.09,4443.09,0
1972-10-20T00:00:00+00:00,4443.09,4443.09,4443.09,4443.09,0
1972-10-24T00:00:00+00:00,4443.09,4443.09,4443.09,4443.09,0
1972-10-25T00:00:00+00:00,4443.09,4443.09,4443.09,4443.09,0
1972-10-26T00:00:00+00:00,4443.09,4443.09,4443.09,4443.09,0
1972-10-27T00:00:00+00:00,4443.09,4443.09,4443.09,4443.09,0
1972-10-31T00:00:00+00:00,4443.09,4443.09,4443.09,4443.09,0
1972-11-01T00:00:00+00:00,4443.09,4443.09,4443.09,4443.09,0
1972-11-02T00:00:00+00:00,4443.09,4443.09,4443.09,4443.09,0
1972-11-03T00:00:00+00:00,4443.09,4443.09,4443.09,4443.09,0
1972-11-07T00:00:00+00:00,4443.09,4443.09,4443.09,4443.09,0
1972-11-08T00:00:00+00:00,4443.09,4443.09,4443.09,4443.09,0
1972-11-09T00:00:00+00:00,4443.09,4443.09,4443.09,4443.09,0
1972-11-10T00:00:00+00:00,4443.09,4443.09,4443.09,4443.09,0
1972-11-14T00:00:00+00:00,4443.09,4443.09,4443.09,4443.09,0
1972-11-15T00:00:00+00:00,4443.09,4443.09,4443.09,4443.09,0
1972-11-16T00:00:00+00:00,4443.09,4443.09,4443.09,4443.09,0
1972-11-17T00:00:00+00:00,4443.09,4443.09,4443.09,4443.09,0
1972-11-21T00:00:00+00:00,4443.09,4443.09,4443.09,4443.09,0
1972-11-22T00:00:00+00:00,4443.09,4443.09,4443.09,4443.09,0
1972-11-23T00:00:00+00:00,4443.09,4443.09,4443.09,4443.09,0
1972-11-28T00:00:00+00:00,4742.16,4742.16,4742.16,4742.16,0
1972-11-29T00:00:00+00:00,4742.16,4742.16,4742.16,4742.16,0
1972-11-30T00:00:00+00:00,4742.16,4742.16,4742.16,4742.16,0
1972-12-01T00:00:00+00:00,4742.16,4742.16,4742.16,4742.16,0
1972-12-05T00:00:00+00:00,4742.16,4742.16,4742.16,4742.16,0
1972-12-06T00:00:00+00:00,4742.16,4742.16,4742.16,4742.16,0
1972-12-07T00:00:00+00:00,4742.16,4742.16,4742.16,4742.16,0
1972-12-08T00:00:00+00:00,4742.16,4742.16,4742.16,4742.16,0
1972-12-12T00:00:00+00:00,4742.16,4742.16,4742.16,4742.16,0
1972-12-13T00:00:00+00:00,4742.16,4742.16,4742.16,4742.16,0
1972-12-14T00:00:00+00:00,4742.16,4742.16,4742.16,4742.16,0
1972-12-15T00:00:00+00:00,4742.16,4742.16,4742.16,4742.16,0
1972-12-19T00:00:00+00:00,4742.16,4742.16,4742.16,4742.16,0
1972-12-20T00:00:00+00:00,4742.16,4742.16,4742.16,4742.16,0
1972-12-21T00:00:00+00:00,4742.16,4742.16,4742.16,4742.16,0
1972-12-22T00:00:00+00:00,4742.16,4742.16,4742.16,4742.16,0
1972-12-26T00:00:00+00:00,4742.16,4742.16,4742.16,4742.16,0
1972-12-27T00:00:00+00:00,4742.16,4742.16,4742.16,4742.16,0
1972-12-28T00:00:00+00:00,4742.16,4742.16,4742.16,4742.16,0
1972-12-29T00:00:00+00:00,4742.16,4742.16,4742.16,4742.16,0
1973-01-05T00:00:00+00:00,5232.86,5232.86,5232.86,5232.86,0
1973-01-09T00:00:00+00:00,5232.86,5232.86,5232.86,5232.86,0
1973-01-10T00:00:00+00:00,5232.86,5232.86,5232.86,5232.86,0
1973-01-11T00:00:00+00:00,5232.86,5232.86,5232.86,5232.86,0
1973-01-12T00:00:00+00:00,5232.86,5232.86,5232.86,5232.86,0
1973-01-17T00:00:00+00:00,5188.4,5188.4,5188.4,5188.4,0
1973-01-18T00:00:00+00:00,5188.4,5188.4,5188.4,5188.4,0
1973-01-19T00:00:00+00:00,5188.4,5188.4,5188.4,5188.4,0
1973-01-23T00:00:00+00:00,5188.4,5188.4,5188.4,5188.4,0
1973-01-24T00:00:00+00:00,5188.4,5188.4,5188.4,5188.4,0
1973-01-25T00:00:00+00:00,5188.4,5188.4,5188.4,5188.4,0
1973-01-26T00:00:00+00:00,5188.4,5188.4,5188.4,5188.4,0
1973-01-30T00:00:00+00:00,5188.4,5188.4,5188.4,5188.4,0
1973-01-31T00:00:00+00:00,5188.4,5188.4,5188.4,5188.4,0
1973-02-01T00:00:00+00:00,5188.4,5188.4,5188.4,5188.4,0
1973-02-02T00:00:00+00:00,5188.4,5188.4,5188.4,5188.4,0
1973-02-06T00:00:00+00:00,5188.4,5188.4,5188.4,5188.4,0
1973-02-07T00:00:00+00:00,5188.4,5188.4,5188.4,5188.4,0
1973-02-08T00:00:00+00:00,5188.4,5188.4,5188.4,5188.4,0
1973-02-09T00:00:00+00:00,5188.4,5188.4,5188.4,5188.4,0
1973-02-13T00:00:00+00:00,5188.4,5188.4,5188.4,5188.4,0
1973-02-14T00:00:00+00:00,5188.4,5188.4,5188.4,5188.4,0
1973-02-15T00:00:00+00:00,5188.4,5188.4,5188.4,5188.4,0
1973-02-16T00:00:00+00:00,5188.4,5188.4,5188.4,5188.4,0
1973-02-20T00:00:00+00:00,5188.4,5188.4,5188.4,5188.4,0
1973-02-21T00:00:00+00:00,5188.4,5188.4,5188.4,5188.4,0
1973-02-22T00:00:00+00:00,5188.4,5188.4,5188.4,5188.4,0
1973-02-23T00:00:00+00:00,5188.4,5188.4,5188.4,5188.4,0
1973-02-27T00:00:00+00:00,5188.4,5188.4,5188.4,5188.4,0
1973-02-28T00:00:00+00:00,5188.4,5188.4,5188.4,5188.4,0
1973-03-01T00:00:00+00:00,5188.4,5188.4,5188.4,5188.4,0
1973-03-02T00:00:00+00:00,5188.4,5188.4,5188.4,5188.4,0
1973-03-06T00:00:00+00:00,5188.4,5188.4,5188.4,5188.4,0
1973-03-07T00:00:00+00:00,5188.4,5188.4,5188.4,5188.4,0
1973-03-08T00:00:00+00:00,5188.4,5188.4,5188.4,5188.4,0
1973-03-09T00:00:00+00:00,5188.4,5188.4,5188.4,5188.4,0
1973-03-13T00:00:00+00:00,5188.4,5188.4,5188.4,5188.4,0
1973-03-14T00:00:00+00:00,5188.4,5188.4,5188.4,5188.4,0
1973-03-15T00:00:00+00:00,5188.4,5188.4,5188.4,5188.4,0
1973-03-16T00:00:00+00:00,5188.4,5188.4,5188.4,5188.4,0
1973-03-20T00:00:00+00:00,5188.4,5188.4,5188.4,5188.4,0
1973-03-21T00:00:00+00:00,5188.4,5188.4,5188.4,5188.4,0
1973-03-23T00:00:00+00:00,5101.36,5101.36,5101.36,5101.36,0
1973-03-27T00:00:00+00:00,5101.36,5101.36,5101.36,5101.36,0
1973-03-28T00:00:00+00:00,5101.36,5101.36,5101.36,5101.36,0
1973-03-29T00:00:00+00:00,5101.36,5101.36,5101.36,5101.36,0
1973-03-30T00:00:00+00:00,5101.36,5101.36,5101.36,5101.36,0
1973-04-03T00:00:00+00:00,5101.36,5101.36,5101.36,5101.36,0
1973-04-04T00:00:00+00:00,5101.36,5101.36,5101.36,5101.36,0
1973-04-05T00:00:00+00:00,5101.36,5101.36,5101.36,5101.36,0
1973-04-06T00:00:00+00:00,5101.36,5101.36,5101.36,5101.36,0
1973-04-10T00:00:00+00:00,5101.36,5101.36,5101.36,5101.36,0
1973-04-11T00:00:00+00:00,5101.36,5101.36,5101.36,5101.36,0
1973-04-12T00:00:00+00:00,5101.36,5101.36,5101.36,5101.36,0
1973-04-13T00:00:00+00:00,5101.36,5101.36,5101.36,5101.36,0
1973-04-17T00:00:00+00:00,5101.36,5101.36,5101.36,5101.36,0
1973-04-18T00:00:00+00:00,5101.36,5101.36,5101.36,5101.36,0
1973-04-19T00:00:00+00:00,5101.36,5101.36,5101.36,5101.36,0
1973-04-20T00:00:00+00:00,5101.36,5101.36,5101.36,5101.36,0
1973-04-24T00:00:00+00:00,5101.36,5101.36,5101.36,5101.36,0
1973-04-25T00:00:00+00:00,5101.36,5101.36,5101.36,5101.36,0
1973-04-26T00:00:00+00:00,5101.36,5101.36,5101.36,5101.36,0
1973-04-27T00:00:00+00:00,5101.36,5101.36,5101.36,5101.36,0
1973-05-02T00:00:00+00:00,4594.65,4594.65,4594.65,4594.65,0
1973-05-03T00:00:00+00:00,4594.65,4594.65,4594.65,4594.65,0
1973-05-08T00:00:00+00:00,4671.07,4671.07,4671.07,4671.07,0
1973-05-09T00:00:00+00:00,4671.07,4671.07,4671.07,4671.07,0
1973-05-10T00:00:00+00:00,4671.07,4671.07,4671.07,4671.07,0
1973-05-11T00:00:00+00:00,4671.07,4671.07,4671.07,4671.07,0
1973-05-15T00:00:00+00:00,4671.07,4671.07,4671.07,4671.07,0
1973-05-16T00:00:00+00:00,4671.07,4671.07,4671.07,4671.07,0
1973-05-17T00:00:00+00:00,4671.07,4671.07,4671.07,4671.07,0
1973-05-18T00:00:00+00:00,4671.07,4671.07,4671.07,4671.07,0
1973-05-22T00:00:00+00:00,4671.07,4671.07,4671.07,4671.07,0
1973-05-23T00:00:00+00:00,4671.07,4671.07,4671.07,4671.07,0
1973-05-24T00:00:00+00:00,4671.07,4671.07,4671.07,4671.07,0
1973-05-25T00:00:00+00:00,4671.07,4671.07,4671.07,4671.07,0
1973-05-29T00:00:00+00:00,4671.07,4671.07,4671.07,4671.07,0
1973-05-30T00:00:00+00:00,4671.07,4671.07,4671.07,4671.07,0
1973-05-31T00:00:00+00:00,4671.07,4671.07,4671.07,4671.07,0
1973-06-01T00:00:00+00:00,4671.07,4671.07,4671.07,4671.07,0
1973-06-05T00:00:00+00:00,4671.07,4671.07,4671.07,4671.07,0
1973-06-06T00:00:00+00:00,4671.07,4671.07,4671.07,4671.07,0
1973-06-07T00:00:00+00:00,4671.07,4671.07,4671.07,4671.07,0
1973-06-08T00:00:00+00:00,4671.07,4671.07,4671.07,4671.07,0
1973-06-12T00:00:00+00:00,4671.07,4671.07,4671.07,4671.07,0
1973-06-13T00:00:00+00:00,4671.07,4671.07,4671.07,4671.07,0
1973-06-14T00:00:00+00:00,4671.07,4671.07,4671.07,4671.07,0
1973-06-15T00:00:00+00:00,4671.07,4671.07,4671.07,4671.07,0
1973-06-19T00:00:00+00:00,4671.07,4671.07,4671.07,4671.07,0
1973-06-20T00:00:00+00:00,4671.07,4671.07,4671.07,4671.07,0
1973-06-21T00:00:00+00:00,4671.07,4671.07,4671.07,4671.07,0
1973-06-22T00:00:00+00:00,4671.07,4671.07,4671.07,4671.07,0
1973-06-26T00:00:00+00:00,4671.07,4671.07,4671.07,4671.07,0
1973-06-27T00:00:00+00:00,4671.07,4671.07,4671.07,4671.07,0
1973-06-28T00:00:00+00:00,4671.07,4671.07,4671.07,4671.07,0
1973-06-29T00:00:00+00:00,4671.07,4671.07,4671.07,4671.07,0
1973-07-03T00:00:00+00:00,4671.07,4671.07,4671.07,4671.07,0
1973-07-04T00:00:00+00:00,4671.07,4671.07,4671.07,4671.07,0
1973-07-05T00:00:00+00:00,4671.07,4671.07,4671.07,4671.07,0
1973-07-06T00:00:00+00:00,4671.07,4671.07,4671.07,4671.07,0
1973-07-10T00:00:00+00:00,4671.07,4671.07,4671.07,4671.07,0
1973-07-11T00:00:00+00:00,4671.07,4671.07,4671.07,4671.07,0
1973-07-12T00:00:00+00:00,4671.07,4671.07,4671.07,4671.07,0
1973-07-13T00:00:00+00:00,4671.07,4671.07,4671.07,4671.07,0
1973-07-17T00:00:00+00:00,4671.07,4671.07,4671.07,4671.07,0
1973-07-18T00:00:00+00:00,4671.07,4671.07,4671.07,4671.07,0
1973-07-19T00:00:00+00:00,4671.07,4671.07,4671.07,4671.07,0
1973-07-20T00:00:00+00:00,4671.07,4671.07,4671.07,4671.07,0
1973-07-24T00:00:00+00:00,4671.07,4671.07,4671.07,4671.07,0
1973-07-25T00:00:00+00:00,4671.07,4671.07,4671.07,4671.07,0
1973-07-26T00:00:00+00:00,4671.07,4671.07,4671.07,4671.07,0
1973-07-27T00:00:00+00:00,4671.07,4671.07,4671.07,4671.07,0
1973-07-31T00:00:00+00:00,4671.07,4671.07,4671.07,4671.07,0
1973-08-01T00:00:00+00:00,4671.07,4671.07,4671.07,4671.07,0
1973-08-02T00:00:00+00:00,4671.07,4671.07,4671.07,4671.07,0
1973-08-03T00:00:00+00:00,4671.07,4671.07,4671.07,4671.07,0
1973-08-07T00:00:00+00:00,4671.07,4671.07,4671.07,4671.07,0
1973-08-08T00:00:00+00:00,4671.07,4671.07,4671.07,4671.07,0
1973-08-09T00:00:00+00:00,4671.07,4671.07,4671.07,4671.07,0
1973-08-10T00:00:00+00:00,4671.07,4671.07,4671.07,4671.07,0
1973-08-14T00:00:00+00:00,4671.07,4671.07,4671.07,4671.07,0
1973-08-15T00:00:00+00:00,4671.07,4671.07,4671.07,4671.07,0
1973-08-16T00:00:00+00:00,4671.07,4671.07,4671.07,4671.07,0
1973-08-17T00:00:00+00:00,4671.07,4671.07,4671.07,4671.07,0
1973-08-21T00:00:00+00:00,4671.07,4671.07,4671.07,4671.07,0
1973-08-22T00:00:00+00:00,4671.07,4671.07,4671.07,4671.07,0
1973-08-23T00:00:00+00:00,4671.07,4671.07,4671.07,4671.07,0
1973-08-24T00:00:00+00:00,4671.07,4671.07,4671.07,4671.07,0
1973-08-28T00:00:00+00:00,4671.07,4671.07,4671.07,4671.07,0
1973-08-29T00:00:00+00:00,4671.07,4671.07,4671.07,4671.07,0
1973-08-30T00:00:00+00:00,4671.07,4671.07,4671.07,4671.07,0
1973-08-31T00:00:00+00:00,4671.07,4671.07,4671.07,4671.07,0
1973-09-04T00:00:00+00:00,4671.07,4671.07,4671.07,4671.07,0
1973-09-05T00:00:00+00:00,4671.07,4671.07,4671.07,4671.07,0
1973-09-06T00:00:00+00:00,4671.07,4671.07,4671.07,4671.07,0
1973-09-07T00:00:00+00:00,4671.07,4671.07,4671.07,4671.07,0
1973-09-11T00:00:00+00:00,4671.07,4671.07,4671.07,4671.07,0
1973-09-12T00:00:00+00:00,4671.07,4671.07,4671.07,4671.07,0
1973-09-13T00:00:00+00:00,4671.07,4671.07,4671.07,4671.07,0
1973-09-14T00:00:00+00:00,4671.07,4671.07,4671.07,4671.07,0
1973-09-18T00:00:00+00:00,4671.07,4671.07,4671.07,4671.07,0
1973-09-19T00:00:00+00:00,4671.07,4671.07,4671.07,4671.07,0
1973-09-20T00:00:00+00:00,4671.07,4671.07,4671.07,4671.07,0
1973-09-21T00:00:00+00:00,4671.07,4671.07,4671.07,4671.07,0
1973-09-26T00:00:00+00:00,4472.78,4472.78,4472.78,4472.78,0
1973-09-27T00:00:00+00:00,4472.78,4472.78,4472.78,4472.78,0
1973-09-28T00:00:00+00:00,4472.78,4472.78,4472.78,4472.78,0
1973-10-02T00:00:00+00:00,4472.78,4472.78,4472.78,4472.78,0
1973-10-03T00:00:00+00:00,4472.78,4472.78,4472.78,4472.78,0
1973-10-04T00:00:00+00:00,4472.78,4472.78,4472.78,4472.78,0
1973-10-05T00:00:00+00:00,4472.78,4472.78,4472.78,4472.78,0
1973-10-09T00:00:00+00:00,4472.78,4472.78,4472.78,4472.78,0
1973-10-10T00:00:00+00:00,4472.78,4472.78,4472.78,4472.78,0
1973-10-12T00:00:00+00:00,4487.93,4487.93,4487.93,4487.93,0
1973-10-16T00:00:00+00:00,4487.93,4487.93,4487.93,4487.93,0
1973-10-17T00:00:00+00:00,4487.93,4487.93,4487.93,4487.93,0
1973-10-18T00:00:00+00:00,4487.93,4487.93,4487.93,4487.93,0
1973-10-19T00:00:00+00:00,4487.93,4487.93,4487.93,4487.93,0
1973-10-23T00:00:00+00:00,4487.93,4487.93,4487.93,4487.93,0
1973-10-24T00:00:00+00:00,4487.93,4487.93,4487.93,4487.93,0
1973-10-25T00:00:00+00:00,4487.93,4487.93,4487.93,4487.93,0
1973-10-26T00:00:00+00:00,4487.93,4487.93,4487.93,4487.93,0
1973-10-30T00:00:00+00:00,4487.93,4487.93,4487.93,4487.93,0
1973-10-31T00:00:00+00:00,4487.93,4487.93,4487.93,4487.93,0
1973-11-01T00:00:00+00:00,4487.93,4487.93,4487.93,4487.93,0
1973-11-02T00:00:00+00:00,4487.93,4487.93,4487.93,4487.93,0
1973-11-06T00:00:00+00:00,4487.93,4487.93,4487.93,4487.93,0
1973-11-07T00:00:00+00:00,4487.93,4487.93,4487.93,4487.93,0
1973-11-08T00:00:00+00:00,4487.93,4487.93,4487.93,4487.93,0
1973-11-09T00:00:00+00:00,4487.93,4487.93,4487.93,4487.93,0
1973-11-13T00:00:00+00:00,4487.93,4487.93,4487.93,4487.93,0
1973-11-14T00:00:00+00:00,4487.93,4487.93,4487.93,4487.93,0
1973-11-15T00:00:00+00:00,4487.93,4487.93,4487.93,4487.93,0
1973-11-16T00:00:00+00:00,4487.93,4487.93,4487.93,4487.93,0
1973-11-20T00:00:00+00:00,4487.93,4487.93,4487.93,4487.93,0
1973-11-21T00:00:00+00:00,4487.93,4487.93,4487.93,4487.93,0
1973-11-22T00:00:00+00:00,4487.93,4487.93,4487.93,4487.93,0
1973-11-23T00:00:00+00:00,4487.93,4487.93,4487.93,4487.93,0
1973-11-27T00:00:00+00:00,4487.93,4487.93,4487.93,4487.93,0
1973-11-28T00:00:00+00:00,4487.93,4487.93,4487.93,4487.93,0
1973-11-29T00:00:00+00:00,4487.93,4487.93,4487.93,4487.93,0
1973-11-30T00:00:00+00:00,4487.93,4487.93,4487.93,4487.93,0
1973-12-04T00:00:00+00:00,4487.93,4487.93,4487.93,4487.93,0
1973-12-05T00:00:00+00:00,4487.93,4487.93,4487.93,4487.93,0
1973-12-06T00:00:00+00:00,4487.93,4487.93,4487.93,4487.93,0
1973-12-07T00:00:00+00:00,4487.93,4487.93,4487.93,4487.93,0
1973-12-11T00:00:00+00:00,4487.93,4487.93,4487.93,4487.93,0
1973-12-12T00:00:00+00:00,4487.93,4487.93,4487.93,4487.93,0
1973-12-13T00:00:00+00:00,4487.93,4487.93,4487.93,4487.93,0
1973-12-14T00:00:00+00:00,4487.93,4487.93,4487.93,4487.93,0
1973-12-18T00:00:00+00:00,4487.93,4487.93,4487.93,4487.93,0
1973-12-19T00:00:00+00:00,4487.93,4487.93,4487.93,4487.93,0
1973-12-20T00:00:00+00:00,4487.93,4487.93,4487.93,4487.93,0
1973-12-21T00:00:00+00:00,4487.93,4487.93,4487.93,4487.93,0
1973-12-25T00:00:00+00:00,4028.45,4028.45,4028.45,4028.45,0
1973-12-26T00:00:00+00:00,4028.45,4028.45,4028.45,4028.45,0
1973-12-27T00:00:00+00:00,4028.45,4028.45,4028.45,4028.45,0
1973-12-28T00:00:00+00:00,4028.45,4028.45,4028.45,4028.45,0
1974-01-08T00:00:00+00:00,4180.7,4180.7,4180.7,4180.7,0
1974-01-09T00:00:00+00:00,4180.7,4180.7,4180.7,4180.7,0
1974-01-10T00:00:00+00:00,4180.7,4180.7,4180.7,4180.7,0
1974-01-11T00:00:00+00:00,4180.7,4180.7,4180.7,4180.7,0
1974-01-15T00:00:00+00:00,4180.7,4180.7,4180.7,4180.7,0
1974-01-17T00:00:00+00:00,4314.13,4314.13,4314.13,4314.13,0
1974-01-18T00:00:00+00:00,4314.13,4314.13,4314.13,4314.13,0
1974-01-22T00:00:00+00:00,4314.13,4314.13,4314.13,4314.13,0
1974-01-23T00:00:00+00:00,4314.13,4314.13,4314.13,4314.13,0
1974-01-24T00:00:00+00:00,4314.13,4314.13,4314.13,4314.13,0
1974-01-25T00:00:00+00:00,4314.13,4314.13,4314.13,4314.13,0
1974-01-29T00:00:00+00:00,4314.13,4314.13,4314.13,4314.13,0
1974-01-30T00:00:00+00:00,4314.13,4314.13,4314.13,4314.13,0
1974-01-31T00:00:00+00:00,4314.13,4314.13,4314.13,4314.13,0
1974-02-01T00:00:00+00:00,4314.13,4314.13,4314.13,4314.13,0
1974-02-05T00:00:00+00:00,4314.13,4314.13,4314.13,4314.13,0
1974-02-06T00:00:00+00:00,4314.13,4314.13,4314.13,4314.13,0
1974-02-07T00:00:00+00:00,4314.13,4314.13,4314.13,4314.13,0
1974-02-08T00:00:00+00:00,4314.13,4314.13,4314.13,4314.13,0
1974-02-13T00:00:00+00:00,4601.2,4601.2,4601.2,4601.2,0
1974-02-14T00:00:00+00:00,4601.2,4601.2,4601.2,4601.2,0
1974-02-15T00:00:00+00:00,4601.2,4601.2,4601.2,4601.2,0
1974-02-19T00:00:00+00:00,4601.2,4601.2,4601.2,4601.2,0
1974-02-20T00:00:00+00:00,4601.2,4601.2,4601.2,4601.2,0
1974-02-21T00:00:00+00:00,4601.2,4601.2,4601.2,4601.2,0
1974-02-22T00:00:00+00:00,4601.2,4601.2,4601.2,4601.2,0
1974-02-26T00:00:00+00:00,4601.2,4601.2,4601.2,4601.2,0
1974-02-27T00:00:00+00:00,4601.2,4601.2,4601.2,4601.2,0
1974-02-28T00:00:00+00:00,4601.2,4601.2,4601.2,4601.2,0
1974-03-01T00:00:00+00:00,4601.2,4601.2,4601.2,4601.2,0
1974-03-05T00:00:00+00:00,4601.2,4601.2,4601.2,4601.2,0
1974-03-06T00:00:00+00:00,4601.2,4601.2,4601.2,4601.2,0
1974-03-07T00:00:00+00:00,4601.2,4601.2,4601.2,4601.2,0
1974-03-08T00:00:00+00:00,4601.2,4601.2,4601.2,4601.2,0
1974-03-12T00:00:00+00:00,4601.2,4601.2,4601.2,4601.2,0
1974-03-13T00:00:00+00:00,4601.2,4601.2,4601.2,4601.2,0
1974-03-14T00:00:00+00:00,4601.2,4601.2,4601.2,4601.2,0
1974-03-15T00:00:00+00:00,4601.2,4601.2,4601.2,4601.2,0
1974-03-19T00:00:00+00:00,4601.2,4601.2,4601.2,4601.2,0
1974-03-20T00:00:00+00:00,4601.2,4601.2,4601.2,4601.2,0
1974-03-21T00:00:00+00:00,4601.2,4601.2,4601.2,4601.2,0
1974-03-26T00:00:00+00:00,4389.89,4389.89,4389.89,4389.89,0
1974-03-27T00:00:00+00:00,4389.89,4389.89,4389.89,4389.89,0
1974-03-28T00:00:00+00:00,4389.89,4389.89,4389.89,4389.89,0
1974-03-29T00:00:00+00:00,4389.89,4389.89,4389.89,4389.89,0
1974-04-02T00:00:00+00:00,4389.89,4389.89,4389.89,4389.89,0
1974-04-03T00:00:00+00:00,4389.89,4389.89,4389.89,4389.89,0
1974-04-04T00:00:00+00:00,4389.89,4389.89,4389.89,4389.89,0
1974-04-05T00:00:00+00:00,4389.89,4389.89,4389.89,4389.89,0
1974-04-09T00:00:00+00:00,4389.89,4389.89,4389.89,4389.89,0
1974-04-10T00:00:00+00:00,4389.89,4389.89,4389.89,4389.89,0
1974-04-11T00:00:00+00:00,4389.89,4389.89,4389.89,4389.89,0
1974-04-12T00:00:00+00:00,4389.89,4389.89,4389.89,4389.89,0
1974-04-16T00:00:00+00:00,4389.89,4389.89,4389.89,4389.89,0
1974-04-17T00:00:00+00:00,4389.89,4389.89,4389.89,4389.89,0
1974-04-18T00:00:00+00:00,4389.89,4389.89,4389.89,4389.89,0
1974-04-19T00:00:00+00:00,4389.89,4389.89,4389.89,4389.89,0
1974-04-23T00:00:00+00:00,4389.89,4389.89,4389.89,4389.89,0
1974-04-24T00:00:00+00:00,4389.89,4389.89,4389.89,4389.89,0
1974-04-25T00:00:00+00:00,4389.89,4389.89,4389.89,4389.89,0
1974-04-26T00:00:00+00:00,4389.89,4389.89,4389.89,4389.89,0
1974-05-01T00:00:00+00:00,4622.35,4622.35,4622.35,4622.35,0
1974-05-02T00:00:00+00:00,4622.35,4622.35,4622.35,4622.35,0
1974-05-03T00:00:00+00:00,4622.35,4622.35,4622.35,4622.35,0
1974-05-08T00:00:00+00:00,4690.78,4690.78,4690.78,4690.78,0
1974-05-09T00:00:00+00:00,4690.78,4690.78,4690.78,4690.78,0
1974-05-10T00:00:00+00:00,4690.78,4690.78,4690.78,4690.78,0
1974-05-14T00:00:00+00:00,4690.78,4690.78,4690.78,4690.78,0
1974-05-15T00:00:00+00:00,4690.78,4690.78,4690.78,4690.78,0
1974-05-16T00:00:00+00:00,4690.78,4690.78,4690.78,4690.78,0
1974-05-17T00:00:00+00:00,4690.78,4690.78,4690.78,4690.78,0
1974-05-21T00:00:00+00:00,4690.78,4690.78,4690.78,4690.78,0
1974-05-22T00:00:00+00:00,4690.78,4690.78,4690.78,4690.78,0
1974-05-23T00:00:00+00:00,4690.78,4690.78,4690.78,4690.78,0
1974-05-24T00:00:00+00:00,4690.78,4690.78,4690.78,4690.78,0
1974-05-28T00:00:00+00:00,4690.78,4690.78,4690.78,4690.78,0
1974-05-29T00:00:00+00:00,4690.78,4690.78,4690.78,4690.78,0
1974-05-30T00:00:00+00:00,4690.78,4690.78,4690.78,4690.78,0
1974-05-31T00:00:00+00:00,4690.78,4690.78,4690.78,4690.78,0
1974-06-04T00:00:00+00:00,4690.78,4690.78,4690.78,4690.78,0
1974-06-05T00:00:00+00:00,4690.78,4690.78,4690.78,4690.78,0
1974-06-06T00:00:00+00:00,4690.78,4690.78,4690.78,4690.78,0
1974-06-07T00:00:00+00:00,4690.78,4690.78,4690.78,4690.78,0
1974-06-11T00:00:00+00:00,4690.78,4690.78,4690.78,4690.78,0
1974-06-12T00:00:00+00:00,4690.78,4690.78,4690.78,4690.78,0
1974-06-13T00:00:00+00:00,4690.78,4690.78,4690.78,4690.78,0
1974-06-14T00:00:00+00:00,4690.78,4690.78,4690.78,4690.78,0
1974-06-18T00:00:00+00:00,4690.78,4690.78,4690.78,4690.78,0
1974-06-19T00:00:00+00:00,4690.78,4690.78,4690.78,4690.78,0
1974-06-20T00:00:00+00:00,4690.78,4690.78,4690.78,4690.78,0
1974-06-21T00:00:00+00:00,4690.78,4690.78,4690.78,4690.78,0
1974-06-25T00:00:00+00:00,4690.78,4690.78,4690.78,4690.78,0
1974-06-26T00:00:00+00:00,4690.78,4690.78,4690.78,4690.78,0
1974-06-27T00:00:00+00:00,4690.78,4690.78,4690.78,4690.78,0
1974-06-28T00:00:00+00:00,4690.78,4690.78,4690.78,4690.78,0
1974-07-02T00:00:00+00:00,4690.78,4690.78,4690.78,4690.78,0
1974-07-03T00:00:00+00:00,4690.78,4690.78,4690.78,4690.78,0
1974-07-04T00:00:00+00:00,4690.78,4690.78,4690.78,4690.78,0
1974-07-05T00:00:00+00:00,4690.78,4690.78,4690.78,4690.78,0
1974-07-09T00:00:00+00:00,4690.78,4690.78,4690.78,4690.78,0
1974-07-10T00:00:00+00:00,4690.78,4690.78,4690.78,4690.78,0
1974-07-11T00:00:00+00:00,4690.78,4690.78,4690.78,4690.78,0
1974-07-12T00:00:00+00:00,4690.78,4690.78,4690.78,4690.78,0
1974-07-16T00:00:00+00:00,4690.78,4690.78,4690.78,4690.78,0
1974-07-17T00:00:00+00:00,4690.78,4690.78,4690.78,4690.78,0
1974-07-18T00:00:00+00:00,4690.78,4690.78,4690.78,4690.78,0
1974-07-19T00:00:00+00:00,4690.78,4690.78,4690.78,4690.78,0
1974-07-23T00:00:00+00:00,4690.78,4690.78,4690.78,4690.78,0
1974-07-24T00:00:00+00:00,4690.78,4690.78,4690.78,4690.78,0
1974-07-25T00:00:00+00:00,4690.78,4690.78,4690.78,4690.78,0
1974-07-26T00:00:00+00:00,4690.78,4690.78,4690.78,4690.78,0
1974-07-30T00:00:00+00:00,4690.78,4690.78,4690.78,4690.78,0
1974-07-31T00:00:00+00:00,4690.78,4690.78,4690.78,4690.78,0
1974-08-01T00:00:00+00:00,4690.78,4690.78,4690.78,4690.78,0
1974-08-02T00:00:00+00:00,4690.78,4690.78,4690.78,4690.78,0
1974-08-06T00:00:00+00:00,4690.78,4690.78,4690.78,4690.78,0
1974-08-07T00:00:00+00:00,4690.78,4690.78,4690.78,4690.78,0
1974-08-08T00:00:00+00:00,4690.78,4690.78,4690.78,4690.78,0
1974-08-09T00:00:00+00:00,4690.78,4690.78,4690.78,4690.78,0
1974-08-13T00:00:00+00:00,4690.78,4690.78,4690.78,4690.78,0
1974-08-14T00:00:00+00:00,4690.78,4690.78,4690.78,4690.78,0
1974-08-15T00:00:00+00:00,4690.78,4690.78,4690.78,4690.78,0
1974-08-16T00:00:00+00:00,4690.78,4690.78,4690.78,4690.78,0
1974-08-20T00:00:00+00:00,4690.78,4690.78,4690.78,4690.78,0
1974-08-21T00:00:00+00:00,4690.78,4690.78,4690.78,4690.78,0
1974-08-22T00:00:00+00:00,4690.78,4690.78,4690.78,4690.78,0
1974-08-23T00:00:00+00:00,4690.78,4690.78,4690.78,4690.78,0
1974-08-27T00:00:00+00:00,4690.78,4690.78,4690.78,4690.78,0
1974-08-28T00:00:00+00:00,4690.78,4690.78,4690.78,4690.78,0
1974-08-29T00:00:00+00:00,4690.78,4690.78,4690.78,4690.78,0
1974-08-30T00:00:00+00:00,4690.78,4690.78,4690.78,4690.78,0
1974-09-03T00:00:00+00:00,4690.78,4690.78,4690.78,4690.78,0
1974-09-04T00:00:00+00:00,4690.78,4690.78,4690.78,4690.78,0
1974-09-05T00:00:00+00:00,4690.78,4690.78,4690.78,4690.78,0
1974-09-06T00:00:00+00:00,4690.78,4690.78,4690.78,4690.78,0
1974-09-10T00:00:00+00:00,4690.78,4690.78,4690.78,4690.78,0
1974-09-11T00:00:00+00:00,4690.78,4690.78,4690.78,4690.78,0
1974-09-12T00:00:00+00:00,4690.78,4690.78,4690.78,4690.78,0
1974-09-13T00:00:00+00:00,4690.78,4690.78,4690.78,4690.78,0
1974-09-18T00:00:00+00:00,3965.62,3965.62,3965.62,3965.62,0
1974-09-19T00:00:00+00:00,3965.62,3965.62,3965.62,3965.62,0
1974-09-20T00:00:00+00:00,3965.62,3965.62,3965.62,3965.62,0
1974-09-25T00:00:00+00:00,4036.62,4036.62,4036.62,4036.62,0
1974-09-26T00:00:00+00:00,4036.62,4036.62,4036.62,4036.62,0
1974-09-27T00:00:00+00:00,4036.62,4036.62,4036.62,4036.62,0
1974-10-01T00:00:00+00:00,4036.62,4036.62,4036.62,4036.62,0
1974-10-02T00:00:00+00:00,4036.62,4036.62,4036.62,4036.62,0
1974-10-03T00:00:00+00:00,4036.62,4036.62,4036.62,4036.62,0
1974-10-04T00:00:00+00:00,4036.62,4036.62,4036.62,4036.62,0
1974-10-08T00:00:00+00:00,4036.62,4036.62,4036.62,4036.62,0
1974-10-09T00:00:00+00:00,4036.62,4036.62,4036.62,4036.62,0
1974-10-10T00:00:00+00:00,4036.62,4036.62,4036.62,4036.62,0
1974-10-15T00:00:00+00:00,3601.89,3601.89,3601.89,3601.89,0
1974-10-16T00:00:00+00:00,3601.89,3601.89,3601.89,3601.89,0
1974-10-17T00:00:00+00:00,3601.89,3601.89,3601.89,3601.89,0
1974-10-18T00:00:00+00:00,3601.89,3601.89,3601.89,3601.89,0
1974-10-22T00:00:00+00:00,3601.89,3601.89,3601.89,3601.89,0
1974-10-23T00:00:00+00:00,3601.89,3601.89,3601.89,3601.89,0
1974-10-24T00:00:00+00:00,3601.89,3601.89,3601.89,3601.89,0
1974-10-25T00:00:00+00:00,3601.89,3601.89,3601.89,3601.89,0
1974-10-29T00:00:00+00:00,3601.89,3601.89,3601.89,3601.89,0
1974-10-30T00:00:00+00:00,3601.89,3601.89,3601.89,3601.89,0
1974-10-31T00:00:00+00:00,3601.89,3601.89,3601.89,3601.89,0
1974-11-01T00:00:00+00:00,3601.89,3601.89,3601.89,3601.89,0
1974-11-06T00:00:00+00:00,3558.31,3558.31,3558.31,3558.31,0
1974-11-07T00:00:00+00:00,3558.31,3558.31,3558.31,3558.31,0
1974-11-08T00:00:00+00:00,3558.31,3558.31,3558.31,3558.31,0
1974-11-12T00:00:00+00:00,3558.31,3558.31,3558.31,3558.31,0
1974-11-13T00:00:00+00:00,3558.31,3558.31,3558.31,3558.31,0
1974-11-14T00:00:00+00:00,3558.31,3558.31,3558.31,3558.31,0
1974-11-15T00:00:00+00:00,3558.31,3558.31,3558.31,3558.31,0
1974-11-19T00:00:00+00:00,3558.31,3558.31,3558.31,3558.31,0
1974-11-20T00:00:00+00:00,3558.31,3558.31,3558.31,3558.31,0
1974-11-21T00:00:00+00:00,3558.31,3558.31,3558.31,3558.31,0
1974-11-22T00:00:00+00:00,3558.31,3558.31,3558.31,3558.31,0
1974-11-26T00:00:00+00:00,3558.31,3558.31,3558.31,3558.31,0
1974-11-27T00:00:00+00:00,3558.31,3558.31,3558.31,3558.31,0
1974-11-28T00:00:00+00:00,3558.31,3558.31,3558.31,3558.31,0
1974-11-29T00:00:00+00:00,3558.31,3558.31,3558.31,3558.31,0
1974-12-03T00:00:00+00:00,3558.31,3558.31,3558.31,3558.31,0
1974-12-04T00:00:00+00:00,3558.31,3558.31,3558.31,3558.31,0
1974-12-05T00:00:00+00:00,3558.31,3558.31,3558.31,3558.31,0
1974-12-06T00:00:00+00:00,3558.31,3558.31,3558.31,3558.31,0
1974-12-10T00:00:00+00:00,3558.31,3558.31,3558.31,3558.31,0
1974-12-11T00:00:00+00:00,3558.31,3558.31,3558.31,3558.31,0
1974-12-12T00:00:00+00:00,3558.31,3558.31,3558.31,3558.31,0
1974-12-13T00:00:00+00:00,3558.31,3558.31,3558.31,3558.31,0
1974-12-17T00:00:00+00:00,3558.31,3558.31,3558.31,3558.31,0
1974-12-18T00:00:00+00:00,3558.31,3558.31,3558.31,3558.31,0
1974-12-19T00:00:00+00:00,3558.31,3558.31,3558.31,3558.31,0
1974-12-20T00:00:00+00:00,3558.31,3558.31,3558.31,3558.31,0
1974-12-24T00:00:00+00:00,3558.31,3558.31,3558.31,3558.31,0
1974-12-25T00:00:00+00:00,3834.21,3834.21,3834.21,3834.21,0
1974-12-26T00:00:00+00:00,3834.21,3834.21,3834.21,3834.21,0
1974-12-27T00:00:00+00:00,3834.21,3834.21,3834.21,3834.21,0
1975-01-07T00:00:00+00:00,3717.58,3717.58,3717.58,3717.58,0
1975-01-08T00:00:00+00:00,3717.58,3717.58,3717.58,3717.58,0
1975-01-09T00:00:00+00:00,3717.58,3717.58,3717.58,3717.58,0
1975-01-10T00:00:00+00:00,3717.58,3717.58,3717.58,3717.58,0
1975-01-14T00:00:00+00:00,3717.58,3717.58,3717.58,3717.58,0
1975-01-15T00:00:00+00:00,3717.58,3717.58,3717.58,3717.58,0
1975-01-17T00:00:00+00:00,3741.2,3741.2,3741.2,3741.2,0
1975-01-21T00:00:00+00:00,3741.2,3741.2,3741.2,3741.2,0
1975-01-22T00:00:00+00:00,3741.2,3741.2,3741.2,3741.2,0
1975-01-23T00:00:00+00:00,3741.2,3741.2,3741.2,3741.2,0
1975-01-24T00:00:00+00:00,3741.2,3741.2,3741.2,3741.2,0
1975-01-28T00:00:00+00:00,3741.2,3741.2,3741.2,3741.2,0
1975-01-29T00:00:00+00:00,3741.2,3741.2,3741.2,3741.2,0
1975-01-30T00:00:00+00:00,3741.2,3741.2,3741.2,3741.2,0
1975-01-31T00:00:00+00:00,3741.2,3741.2,3741.2,3741.2,0
1975-02-04T00:00:00+00:00,3741.2,3741.2,3741.2,3741.2,0
1975-02-05T00:00:00+00:00,3741.2,3741.2,3741.2,3741.2,0
1975-02-06T00:00:00+00:00,3741.2,3741.2,3741.2,3741.2,0
1975-02-07T00:00:00+00:00,3741.2,3741.2,3741.2,3741.2,0
1975-02-11T00:00:00+00:00,3741.2,3741.2,3741.2,3741.2,0
1975-02-13T00:00:00+00:00,4094.31,4094.31,4094.31,4094.31,0
1975-02-14T00:00:00+00:00,4094.31,4094.31,4094.31,4094.31,0
1975-02-18T00:00:00+00:00,4094.31,4094.31,4094.31,4094.31,0
1975-02-19T00:00:00+00:00,4094.31,4094.31,4094.31,4094.31,0
1975-02-20T00:00:00+00:00,4094.31,4094.31,4094.31,4094.31,0
1975-02-21T00:00:00+00:00,4094.31,4094.31,4094.31,4094.31,0
1975-02-25T00:00:00+00:00,4094.31,4094.31,4094.31,4094.31,0
1975-02-26T00:00:00+00:00,4094.31,4094.31,4094.31,4094.31,0
1975-02-27T00:00:00+00:00,4094.31,4094.31,4094.31,4094.31,0
1975-02-28T00:00:00+00:00,4094.31,4094.31,4094.31,4094.31,0
1975-03-04T00:00:00+00:00,4094.31,4094.31,4094.31,4094.31,0
1975-03-05T00:00:00+00:00,4094.31,4094.31,4094.31,4094.31,0
1975-03-06T00:00:00+00:00,4094.31,4094.31,4094.31,4094.31,0
1975-03-07T00:00:00+00:00,4094.31,4094.31,4094.31,4094.31,0
1975-03-11T00:00:00+00:00,4094.31,4094.31,4094.31,4094.31,0
1975-03-12T00:00:00+00:00,4094.31,4094.31,4094.31,4094.31,0
1975-03-13T00:00:00+00:00,4094.31,4094.31,4094.31,4094.31,0
1975-03-14T00:00:00+00:00,4094.31,4094.31,4094.31,4094.31,0
1975-03-18T00:00:00+00:00,4094.31,4094.31,4094.31,4094.31,0
1975-03-19T00:00:00+00:00,4094.31,4094.31,4094.31,4094.31,0
1975-03-20T00:00:00+00:00,4094.31,4094.31,4094.31,4094.31,0
1975-03-21T00:00:00+00:00,4094.31,4094.31,4094.31,4094.31,0
1975-03-25T00:00:00+00:00,4094.31,4094.31,4094.31,4094.31,0
1975-03-26T00:00:00+00:00,4094.31,4094.31,4094.31,4094.31,0
1975-03-27T00:00:00+00:00,4094.31,4094.31,4094.31,4094.31,0
1975-03-28T00:00:00+00:00,4094.31,4094.31,4094.31,4094.31,0
1975-04-01T00:00:00+00:00,4094.31,4094.31,4094.31,4094.31,0
1975-04-02T00:00:00+00:00,4094.31,4094.31,4094.31,4094.31,0
1975-04-03T00:00:00+00:00,4094.31,4094.31,4094.31,4094.31,0
1975-04-04T00:00:00+00:00,4094.31,4094.31,4094.31,4094.31,0
1975-04-08T00:00:00+00:00,4094.31,4094.31,4094.31,4094.31,0
1975-04-09T00:00:00+00:00,4094.31,4094.31,4094.31,4094.31,0
1975-04-10T00:00:00+00:00,4094.31,4094.31,4094.31,4094.31,0
1975-04-11T00:00:00+00:00,4094.31,4094.31,4094.31,4094.31,0
1975-04-15T00:00:00+00:00,4094.31,4094.31,4094.31,4094.31,0
1975-04-16T00:00:00+00:00,4094.31,4094.31,4094.31,4094.31,0
1975-04-17T00:00:00+00:00,4094.31,4094.31,4094.31,4094.31,0
1975-04-18T00:00:00+00:00,4094.31,4094.31,4094.31,4094.31,0
1975-04-22T00:00:00+00:00,4094.31,4094.31,4094.31,4094.31,0
1975-04-23T00:00:00+00:00,4094.31,4094.31,4094.31,4094.31,0
1975-04-24T00:00:00+00:00,4094.31,4094.31,4094.31,4094.31,0
1975-04-25T00:00:00+00:00,4094.31,4094.31,4094.31,4094.31,0
1975-04-29T00:00:00+00:00,4094.31,4094.31,4094.31,4094.31,0
1975-05-01T00:00:00+00:00,4484.84,4484.84,4484.84,4484.84,0
1975-05-02T00:00:00+00:00,4484.84,4484.84,4484.84,4484.84,0
1975-05-07T00:00:00+00:00,4548.4,4548.4,4548.4,4548.4,0
1975-05-08T00:00:00+00:00,4548.4,4548.4,4548.4,4548.4,0
1975-05-09T00:00:00+00:00,4548.4,4548.4,4548.4,4548.4,0
1975-05-13T00:00:00+00:00,4548.4,4548.4,4548.4,4548.4,0
1975-05-14T00:00:00+00:00,4548.4,4548.4,4548.4,4548.4,0
1975-05-15T00:00:00+00:00,4548.4,4548.4,4548.4,4548.4,0
1975-05-16T00:00:00+00:00,4548.4,4548.4,4548.4,4548.4,0
1975-05-20T00:00:00+00:00,4548.4,4548.4,4548.4,4548.4,0
1975-05-21T00:00:00+00:00,4548.4,4548.4,4548.4,4548.4,0
1975-05-22T00:00:00+00:00,4548.4,4548.4,4548.4,4548.4,0
1975-05-23T00:00:00+00:00,4548.4,4548.4,4548.4,4548.4,0
1975-05-27T00:00:00+00:00,4548.4,4548.4,4548.4,4548.4,0
1975-05-28T00:00:00+00:00,4548.4,4548.4,4548.4,4548.4,0
1975-05-29T00:00:00+00:00,4548.4,4548.4,4548.4,4548.4,0
1975-05-30T00:00:00+00:00,4548.4,4548.4,4548.4,4548.4,0
1975-06-03T00:00:00+00:00,4548.4,4548.4,4548.4,4548.4,0
1975-06-04T00:00:00+00:00,4548.4,4548.4,4548.4,4548.4,0
1975-06-05T00:00:00+00:00,4548.4,4548.4,4548.4,4548.4,0
1975-06-06T00:00:00+00:00,4548.4,4548.4,4548.4,4548.4,0
1975-06-10T00:00:00+00:00,4548.4,4548.4,4548.4,4548.4,0
1975-06-11T00:00:00+00:00,4548.4,4548.4,4548.4,4548.4,0
1975-06-12T00:00:00+00:00,4548.4,4548.4,4548.4,4548.4,0
1975-06-13T00:00:00+00:00,4548.4,4548.4,4548.4,4548.4,0
1975-06-17T00:00:00+00:00,4548.4,4548.4,4548.4,4548.4,0
1975-06-18T00:00:00+00:00,4548.4,4548.4,4548.4,4548.4,0
1975-06-19T00:00:00+00:00,4548.4,4548.4,4548.4,4548.4,0
1975-06-20T00:00:00+00:00,4548.4,4548.4,4548.4,4548.4,0
1975-06-24T00:00:00+00:00,4548.4,4548.4,4548.4,4548.4,0
1975-06-25T00:00:00+00:00,4548.4,4548.4,4548.4,4548.4,0
1975-06-26T00:00:00+00:00,4548.4,4548.4,4548.4,4548.4,0
1975-06-27T00:00:00+00:00,4548.4,4548.4,4548.4,4548.4,0
1975-07-01T00:00:00+00:00,4548.4,4548.4,4548.4,4548.4,0
1975-07-02T00:00:00+00:00,4548.4,4548.4,4548.4,4548.4,0
1975-07-03T00:00:00+00:00,4548.4,4548.4,4548.4,4548.4,0
1975-07-04T00:00:00+00:00,4548.4,4548.4,4548.4,4548.4,0
1975-07-08T00:00:00+00:00,4548.4,4548.4,4548.4,4548.4,0
1975-07-09T00:00:00+00:00,4548.4,4548.4,4548.4,4548.4,0
1975-07-10T00:00:00+00:00,4548.4,4548.4,4548.4,4548.4,0
1975-07-11T00:00:00+00:00,4548.4,4548.4,4548.4,4548.4,0
1975-07-15T00:00:00+00:00,4548.4,4548.4,4548.4,4548.4,0
1975-07-16T00:00:00+00:00,4548.4,4548.4,4548.4,4548.4,0
1975-07-17T00:00:00+00:00,4548.4,4548.4,4548.4,4548.4,0
1975-07-18T00:00:00+00:00,4548.4,4548.4,4548.4,4548.4,0
1975-07-22T00:00:00+00:00,4548.4,4548.4,4548.4,4548.4,0
1975-07-23T00:00:00+00:00,4548.4,4548.4,4548.4,4548.4,0
1975-07-24T00:00:00+00:00,4548.4,4548.4,4548.4,4548.4,0
1975-07-25T00:00:00+00:00,4548.4,4548.4,4548.4,4548.4,0
1975-07-29T00:00:00+00:00,4548.4,4548.4,4548.4,4548.4,0
1975-07-30T00:00:00+00:00,4548.4,4548.4,4548.4,4548.4,0
1975-07-31T00:00:00+00:00,4548.4,4548.4,4548.4,4548.4,0
1975-08-01T00:00:00+00:00,4548.4,4548.4,4548.4,4548.4,0
1975-08-05T00:00:00+00:00,4548.4,4548.4,4548.4,4548.4,0
1975-08-06T00:00:00+00:00,4548.4,4548.4,4548.4,4548.4,0
1975-08-07T00:00:00+00:00,4548.4,4548.4,4548.4,4548.4,0
1975-08-08T00:00:00+00:00,4548.4,4548.4,4548.4,4548.4,0
1975-08-12T00:00:00+00:00,4548.4,4548.4,4548.4,4548.4,0
1975-08-13T00:00:00+00:00,4548.4,4548.4,4548.4,4548.4,0
1975-08-14T00:00:00+00:00,4548.4,4548.4,4548.4,4548.4,0
1975-08-15T00:00:00+00:00,4548.4,4548.4,4548.4,4548.4,0
1975-08-19T00:00:00+00:00,4548.4,4548.4,4548.4,4548.4,0
1975-08-20T00:00:00+00:00,4548.4,4548.4,4548.4,4548.4,0
1975-08-21T00:00:00+00:00,4548.4,4548.4,4548.4,4548.4,0
1975-08-22T00:00:00+00:00,4548.4,4548.4,4548.4,4548.4,0
1975-08-26T00:00:00+00:00,4548.4,4548.4,4548.4,4548.4,0
1975-08-27T00:00:00+00:00,4548.4,4548.4,4548.4,4548.4,0
1975-08-28T00:00:00+00:00,4548.4,4548.4,4548.4,4548.4,0
1975-08-29T00:00:00+00:00,4548.4,4548.4,4548.4,4548.4,0
1975-09-02T00:00:00+00:00,4548.4,4548.4,4548.4,4548.4,0
1975-09-03T00:00:00+00:00,4548.4,4548.4,4548.4,4548.4,0
1975-09-04T00:00:00+00:00,4548.4,4548.4,4548.4,4548.4,0
1975-09-05T00:00:00+00:00,4548.4,4548.4,4548.4,4548.4,0
1975-09-09T00:00:00+00:00,4548.4,4548.4,4548.4,4548.4,0
1975-09-10T00:00:00+00:00,4548.4,4548.4,4548.4,4548.4,0
1975-09-11T00:00:00+00:00,4548.4,4548.4,4548.4,4548.4,0
1975-09-12T00:00:00+00:00,4548.4,4548.4,4548.4,4548.4,0
1975-09-17T00:00:00+00:00,4031.75,4031.75,4031.75,4031.75,0
1975-09-18T00:00:00+00:00,4031.75,4031.75,4031.75,4031.75,0
1975-09-19T00:00:00+00:00,4031.75,4031.75,4031.75,4031.75,0
1975-09-23T00:00:00+00:00,4031.75,4031.75,4031.75,4031.75,0
1975-09-24T00:00:00+00:00,4031.75,4031.75,4031.75,4031.75,0
1975-09-26T00:00:00+00:00,3933.32,3933.32,3933.32,3933.32,0
1975-09-30T00:00:00+00:00,3933.32,3933.32,3933.32,3933.32,0
1975-10-01T00:00:00+00:00,3933.32,3933.32,3933.32,3933.32,0
1975-10-02T00:00:00+00:00,3933.32,3933.32,3933.32,3933.32,0
1975-10-03T00:00:00+00:00,3933.32,3933.32,3933.32,3933.32,0
1975-10-07T00:00:00+00:00,3933.32,3933.32,3933.32,3933.32,0
1975-10-08T00:00:00+00:00,3933.32,3933.32,3933.32,3933.32,0
1975-10-09T00:00:00+00:00,3933.32,3933.32,3933.32,3933.32,0
1975-10-10T00:00:00+00:00,3933.32,3933.32,3933.32,3933.32,0
1975-10-14T00:00:00+00:00,3933.32,3933.32,3933.32,3933.32,0
1975-10-15T00:00:00+00:00,3933.32,3933.32,3933.32,3933.32,0
1975-10-16T00:00:00+00:00,3933.32,3933.32,3933.32,3933.32,0
1975-10-17T00:00:00+00:00,3933.32,3933.32,3933.32,3933.32,0
1975-10-21T00:00:00+00:00,3933.32,3933.32,3933.32,3933.32,0
1975-10-22T00:00:00+00:00,3933.32,3933.32,3933.32,3933.32,0
1975-10-23T00:00:00+00:00,3933.32,3933.32,3933.32,3933.32,0
1975-10-24T00:00:00+00:00,3933.32,3933.32,3933.32,3933.32,0
1975-10-28T00:00:00+00:00,3933.32,3933.32,3933.32,3933.32,0
1975-10-29T00:00:00+00:00,3933.32,3933.32,3933.32,3933.32,0
1975-10-30T00:00:00+00:00,3933.32,3933.32,3933.32,3933.32,0
1975-10-31T00:00:00+00:00,3933.32,3933.32,3933.32,3933.32,0
1975-11-05T00:00:00+00:00,4339.48,4339.48,4339.48,4339.48,0
1975-11-06T00:00:00+00:00,4339.48,4339.48,4339.48,4339.48,0
1975-11-07T00:00:00+00:00,4339.48,4339.48,4339.48,4339.48,0
1975-11-11T00:00:00+00:00,4339.48,4339.48,4339.48,4339.48,0
1975-11-12T00:00:00+00:00,4339.48,4339.48,4339.48,4339.48,0
1975-11-13T00:00:00+00:00,4339.48,4339.48,4339.48,4339.48,0
1975-11-14T00:00:00+00:00,4339.48,4339.48,4339.48,4339.48,0
1975-11-18T00:00:00+00:00,4339.48,4339.48,4339.48,4339.48,0
1975-11-19T00:00:00+00:00,4339.48,4339.48,4339.48,4339.48,0
1975-11-20T00:00:00+00:00,4339.48,4339.48,4339.48,4339.48,0
1975-11-21T00:00:00+00:00,4339.48,4339.48,4339.48,4339.48,0
1975-11-26T00:00:00+00:00,4245.39,4245.39,4245.39,4245.39,0
1975-11-27T00:00:00+00:00,4245.39,4245.39,4245.39,4245.39,0
1975-11-28T00:00:00+00:00,4245.39,4245.39,4245.39,4245.39,0
1975-12-02T00:00:00+00:00,4245.39,4245.39,4245.39,4245.39,0
1975-12-03T00:00:00+00:00,4245.39,4245.39,4245.39,4245.39,0
1975-12-04T00:00:00+00:00,4245.39,4245.39,4245.39,4245.39,0
1975-12-05T00:00:00+00:00,4245.39,4245.39,4245.39,4245.39,0
1975-12-09T00:00:00+00:00,4245.39,4245.39,4245.39,4245.39,0
1975-12-10T00:00:00+00:00,4245.39,4245.39,4245.39,4245.39,0
1975-12-11T00:00:00+00:00,4245.39,4245.39,4245.39,4245.39,0
1975-12-12T00:00:00+00:00,4245.39,4245.39,4245.39,4245.39,0
1975-12-16T00:00:00+00:00,4245.39,4245.39,4245.39,4245.39,0
1975-12-17T00:00:00+00:00,4245.39,4245.39,4245.39,4245.39,0
1975-12-18T00:00:00+00:00,4245.39,4245.39,4245.39,4245.39,0
1975-12-19T00:00:00+00:00,4245.39,4245.39,4245.39,4245.39,0
1975-12-23T00:00:00+00:00,4245.39,4245.39,4245.39,4245.39,0
1975-12-24T00:00:00+00:00,4245.39,4245.39,4245.39,4245.39,0
1975-12-25T00:00:00+00:00,4258.3,4258.3,4258.3,4258.3,0
1975-12-26T00:00:00+00:00,4258.3,4258.3,4258.3,4258.3,0
1976-01-06T00:00:00+00:00,4403.06,4403.06,4403.06,4403.06,0
1976-01-07T00:00:00+00:00,4403.06,4403.06,4403.06,4403.06,0
1976-01-08T00:00:00+00:00,4403.06,4403.06,4403.06,4403.06,0
1976-01-09T00:00:00+00:00,4403.06,4403.06,4403.06,4403.06,0
1976-01-13T00:00:00+00:00,4403.06,4403.06,4403.06,4403.06,0
1976-01-14T00:00:00+00:00,4403.06,4403.06,4403.06,4403.06,0
1976-01-15T00:00:00+00:00,4403.06,4403.06,4403.06,4403.06,0
1976-01-20T00:00:00+00:00,4609.26,4609.26,4609.26,4609.26,0
1976-01-21T00:00:00+00:00,4609.26,4609.26,4609.26,4609.26,0
1976-01-22T00:00:00+00:00,4609.26,4609.26,4609.26,4609.26,0
1976-01-23T00:00:00+00:00,4609.26,4609.26,4609.26,4609.26,0
1976-01-27T00:00:00+00:00,4609.26,4609.26,4609.26,4609.26,0
1976-01-28T00:00:00+00:00,4609.26,4609.26,4609.26,4609.26,0
1976-01-29T00:00:00+00:00,4609.26,4609.26,4609.26,4609.26,0
1976-01-30T00:00:00+00:00,4609.26,4609.26,4609.26,4609.26,0
1976-02-03T00:00:00+00:00,4609.26,4609.26,4609.26,4609.26,0
1976-02-04T00:00:00+00:00,4609.26,4609.26,4609.26,4609.26,0
1976-02-05T00:00:00+00:00,4609.26,4609.26,4609.26,4609.26,0
1976-02-06T00:00:00+00:00,4609.26,4609.26,4609.26,4609.26,0
1976-02-10T00:00:00+00:00,4609.26,4609.26,4609.26,4609.26,0
1976-02-11T00:00:00+00:00,4609.26,4609.26,4609.26,4609.26,0
1976-02-13T00:00:00+00:00,4537.79,4537.79,4537.79,4537.79,0
1976-02-17T00:00:00+00:00,4537.79,4537.79,4537.79,4537.79,0
1976-02-18T00:00:00+00:00,4537.79,4537.79,4537.79,4537.79,0
1976-02-19T00:00:00+00:00,4537.79,4537.79,4537.79,4537.79,0
1976-02-20T00:00:00+00:00,4537.79,4537.79,4537.79,4537.79,0
1976-02-24T00:00:00+00:00,4537.79,4537.79,4537.79,4537.79,0
1976-02-25T00:00:00+00:00,4537.79,4537.79,4537.79,4537.79,0
1976-02-26T00:00:00+00:00,4537.79,4537.79,4537.79,4537.79,0
1976-02-27T00:00:00+00:00,4537.79,4537.79,4537.79,4537.79,0
1976-03-02T00:00:00+00:00,4537.79,4537.79,4537.79,4537.79,0
1976-03-03T00:00:00+00:00,4537.79,4537.79,4537.79,4537.79,0
1976-03-04T00:00:00+00:00,4537.79,4537.79,4537.79,4537.79,0
1976-03-05T00:00:00+00:00,4537.79,4537.79,4537.79,4537.79,0
1976-03-09T00:00:00+00:00,4537.79,4537.79,4537.79,4537.79,0
1976-03-10T00:00:00+00:00,4537.79,4537.79,4537.79,4537.79,0
1976-03-11T00:00:00+00:00,4537.79,4537.79,4537.79,4537.79,0
1976-03-12T00:00:00+00:00,4537.79,4537.79,4537.79,4537.79,0
1976-03-16T00:00:00+00:00,4537.79,4537.79,4537.79,4537.79,0
1976-03-17T00:00:00+00:00,4537.79,4537.79,4537.79,4537.79,0
1976-03-18T00:00:00+00:00,4537.79,4537.79,4537.79,4537.79,0
1976-03-19T00:00:00+00:00,4537.79,4537.79,4537.79,4537.79,0
1976-03-23T00:00:00+00:00,4537.79,4537.79,4537.79,4537.79,0
1976-03-24T00:00:00+00:00,4537.79,4537.79,4537.79,4537.79,0
1976-03-25T00:00:00+00:00,4537.79,4537.79,4537.79,4537.79,0
1976-03-26T00:00:00+00:00,4537.79,4537.79,4537.79,4537.79,0
1976-03-30T00:00:00+00:00,4537.79,4537.79,4537.79,4537.79,0
1976-03-31T00:00:00+00:00,4537.79,4537.79,4537.79,4537.79,0
1976-04-01T00:00:00+00:00,4537.79,4537.79,4537.79,4537.79,0
1976-04-02T00:00:00+00:00,4537.79,4537.79,4537.79,4537.79,0
1976-04-06T00:00:00+00:00,4537.79,4537.79,4537.79,4537.79,0
1976-04-07T00:00:00+00:00,4537.79,4537.79,4537.79,4537.79,0
1976-04-08T00:00:00+00:00,4537.79,4537.79,4537.79,4537.79,0
1976-04-09T00:00:00+00:00,4537.79,4537.79,4537.79,4537.79,0
1976-04-13T00:00:00+00:00,4537.79,4537.79,4537.79,4537.79,0
1976-04-14T00:00:00+00:00,4537.79,4537.79,4537.79,4537.79,0
1976-04-15T00:00:00+00:00,4537.79,4537.79,4537.79,4537.79,0
1976-04-16T00:00:00+00:00,4537.79,4537.79,4537.79,4537.79,0
1976-04-20T00:00:00+00:00,4537.79,4537.79,4537.79,4537.79,0
1976-04-21T00:00:00+00:00,4537.79,4537.79,4537.79,4537.79,0
1976-04-22T00:00:00+00:00,4537.79,4537.79,4537.79,4537.79,0
1976-04-23T00:00:00+00:00,4537.79,4537.79,4537.79,4537.79,0
1976-04-27T00:00:00+00:00,4537.79,4537.79,4537.79,4537.79,0
1976-04-28T00:00:00+00:00,4537.79,4537.79,4537.79,4537.79,0
1976-04-29T00:00:00+00:00,4537.79,4537.79,4537.79,4537.79,0
1976-05-05T00:00:00+00:00,4638.13,4638.13,4638.13,4638.13,0
1976-05-07T00:00:00+00:00,4581.71,4581.71,4581.71,4581.71,0
1976-05-11T00:00:00+00:00,4581.71,4581.71,4581.71,4581.71,0
1976-05-12T00:00:00+00:00,4581.71,4581.71,4581.71,4581.71,0
1976-05-13T00:00:00+00:00,4581.71,4581.71,4581.71,4581.71,0
1976-05-14T00:00:00+00:00,4581.71,4581.71,4581.71,4581.71,0
1976-05-18T00:00:00+00:00,4581.71,4581.71,4581.71,4581.71,0
1976-05-19T00:00:00+00:00,4581.71,4581.71,4581.71,4581.71,0
1976-05-20T00:00:00+00:00,4581.71,4581.71,4581.71,4581.71,0
1976-05-21T00:00:00+00:00,4581.71,4581.71,4581.71,4581.71,0
1976-05-25T00:00:00+00:00,4581.71,4581.71,4581.71,4581.71,0
1976-05-26T00:00:00+00:00,4581.71,4581.71,4581.71,4581.71,0
1976-05-27T00:00:00+00:00,4581.71,4581.71,4581.71,4581.71,0
1976-05-28T00:00:00+00:00,4581.71,4581.71,4581.71,4581.71,0
1976-06-01T00:00:00+00:00,4581.71,4581.71,4581.71,4581.71,0
1976-06-02T00:00:00+00:00,4581.71,4581.71,4581.71,4581.71,0
1976-06-03T00:00:00+00:00,4581.71,4581.71,4581.71,4581.71,0
1976-06-04T00:00:00+00:00,4581.71,4581.71,4581.71,4581.71,0
1976-06-08T00:00:00+00:00,4581.71,4581.71,4581.71,4581.71,0
1976-06-09T00:00:00+00:00,4581.71,4581.71,4581.71,4581.71,0
1976-06-10T00:00:00+00:00,4581.71,4581.71,4581.71,4581.71,0
1976-06-11T00:00:00+00:00,4581.71,4581.71,4581.71,4581.71,0
1976-06-15T00:00:00+00:00,4581.71,4581.71,4581.71,4581.71,0
1976-06-16T00:00:00+00:00,4581.71,4581.71,4581.71,4581.71,0
1976-06-17T00:00:00+00:00,4581.71,4581.71,4581.71,4581.71,0
1976-06-18T00:00:00+00:00,4581.71,4581.71,4581.71,4581.71,0
1976-06-22T00:00:00+00:00,4581.71,4581.71,4581.71,4581.71,0
1976-06-23T00:00:00+00:00,4581.71,4581.71,4581.71,4581.71,0
1976-06-24T00:00:00+00:00,4581.71,4581.71,4581.71,4581.71,0
1976-06-25T00:00:00+00:00,4581.71,4581.71,4581.71,4581.71,0
1976-06-29T00:00:00+00:00,4581.71,4581.71,4581.71,4581.71,0
1976-06-30T00:00:00+00:00,4581.71,4581.71,4581.71,4581.71,0
1976-07-01T00:00:00+00:00,4581.71,4581.71,4581.71,4581.71,0
1976-07-02T00:00:00+00:00,4581.71,4581.71,4581.71,4581.71,0
1976-07-06T00:00:00+00:00,4581.71,4581.71,4581.71,4581.71,0
1976-07-07T00:00:00+00:00,4581.71,4581.71,4581.71,4581.71,0
1976-07-08T00:00:00+00:00,4581.71,4581.71,4581.71,4581.71,0
1976-07-09T00:00:00+00:00,4581.71,4581.71,4581.71,4581.71,0
1976-07-13T00:00:00+00:00,4581.71,4581.71,4581.71,4581.71,0
1976-07-14T00:00:00+00:00,4581.71,4581.71,4581.71,4581.71,0
1976-07-15T00:00:00+00:00,4581.71,4581.71,4581.71,4581.71,0
1976-07-16T00:00:00+00:00,4581.71,4581.71,4581.71,4581.71,0
1976-07-20T00:00:00+00:00,4581.71,4581.71,4581.71,4581.71,0
1976-07-21T00:00:00+00:00,4581.71,4581.71,4581.71,4581.71,0
1976-07-22T00:00:00+00:00,4581.71,4581.71,4581.71,4581.71,0
1976-07-23T00:00:00+00:00,4581.71,4581.71,4581.71,4581.71,0
1976-07-27T00:00:00+00:00,4581.71,4581.71,4581.71,4581.71,0
1976-07-28T00:00:00+00:00,4581.71,4581.71,4581.71,4581.71,0
1976-07-29T00:00:00+00:00,4581.71,4581.71,4581.71,4581.71,0
1976-07-30T00:00:00+00:00,4581.71,4581.71,4581.71,4581.71,0
1976-08-03T00:00:00+00:00,4581.71,4581.71,4581.71,4581.71,0
1976-08-04T00:00:00+00:00,4581.71,4581.71,4581.71,4581.71,0
1976-08-05T00:00:00+00:00,4581.71,4581.71,4581.71,4581.71,0
1976-08-06T00:00:00+00:00,4581.71,4581.71,4581.71,4581.71,0
1976-08-10T00:00:00+00:00,4581.71,4581.71,4581.71,4581.71,0
1976-08-11T00:00:00+00:00,4581.71,4581.71,4581.71,4581.71,0
1976-08-12T00:00:00+00:00,4581.71,4581.71,4581.71,4581.71,0
1976-08-13T00:00:00+00:00,4581.71,4581.71,4581.71,4581.71,0
1976-08-17T00:00:00+00:00,4581.71,4581.71,4581.71,4581.71,0
1976-08-18T00:00:00+00:00,4581.71,4581.71,4581.71,4581.71,0
1976-08-19T00:00:00+00:00,4581.71,4581.71,4581.71,4581.71,0
1976-08-20T00:00:00+00:00,4581.71,4581.71,4581.71,4581.71,0
1976-08-24T00:00:00+00:00,4581.71,4581.71,4581.71,4581.71,0
1976-08-25T00:00:00+00:00,4581.71,4581.71,4581.71,4581.71,0
1976-08-26T00:00:00+00:00,4581.71,4581.71,4581.71,4581.71,0
1976-08-27T00:00:00+00:00,4581.71,4581.71,4581.71,4581.71,0
1976-08-31T00:00:00+00:00,4581.71,4581.71,4581.71,4581.71,0
1976-09-01T00:00:00+00:00,4581.71,4581.71,4581.71,4581.71,0
1976-09-02T00:00:00+00:00,4581.71,4581.71,4581.71,4581.71,0
1976-09-03T00:00:00+00:00,4581.71,4581.71,4581.71,4581.71,0
1976-09-07T00:00:00+00:00,4581.71,4581.71,4581.71,4581.71,0
1976-09-08T00:00:00+00:00,4581.71,4581.71,4581.71,4581.71,0
1976-09-09T00:00:00+00:00,4581.71,4581.71,4581.71,4581.71,0
1976-09-10T00:00:00+00:00,4581.71,4581.71,4581.71,4581.71,0
1976-09-14T00:00:00+00:00,4581.71,4581.71,4581.71,4581.71,0
1976-09-15T00:00:00+00:00,4581.71,4581.71,4581.71,4581.71,0
1976-09-17T00:00:00+00:00,4710.97,4710.97,4710.97,4710.97,0
1976-09-21T00:00:00+00:00,4710.97,4710.97,4710.97,4710.97,0
1976-09-22T00:00:00+00:00,4710.97,4710.97,4710.97,4710.97,0
1976-09-23T00:00:00+00:00,4710.97,4710.97,4710.97,4710.97,0
1976-09-28T00:00:00+00:00,4722.06,4722.06,4722.06,4722.06,0
1976-09-29T00:00:00+00:00,4722.06,4722.06,4722.06,4722.06,0
1976-09-30T00:00:00+00:00,4722.06,4722.06,4722.06,4722.06,0
1976-10-01T00:00:00+00:00,4722.06,4722.06,4722.06,4722.06,0
1976-10-05T00:00:00+00:00,4722.06,4722.06,4722.06,4722.06,0
1976-10-06T00:00:00+00:00,4722.06,4722.06,4722.06,4722.06,0
1976-10-07T00:00:00+00:00,4722.06,4722.06,4722.06,4722.06,0
1976-10-08T00:00:00+00:00,4722.06,4722.06,4722.06,4722.06,0
1976-10-13T00:00:00+00:00,4693.24,4693.24,4693.24,4693.24,0
1976-10-14T00:00:00+00:00,4693.24,4693.24,4693.24,4693.24,0
1976-10-15T00:00:00+00:00,4693.24,4693.24,4693.24,4693.24,0
1976-10-19T00:00:00+00:00,4693.24,4693.24,4693.24,4693.24,0
1976-10-20T00:00:00+00:00,4693.24,4693.24,4693.24,4693.24,0
1976-10-21T00:00:00+00:00,4693.24,4693.24,4693.24,4693.24,0
1976-10-22T00:00:00+00:00,4693.24,4693.24,4693.24,4693.24,0
1976-10-26T00:00:00+00:00,4693.24,4693.24,4693.24,4693.24,0
1976-10-27T00:00:00+00:00,4693.24,4693.24,4693.24,4693.24,0
1976-10-28T00:00:00+00:00,4693.24,4693.24,4693.24,4693.24,0
1976-10-29T00:00:00+00:00,4693.24,4693.24,4693.24,4693.24,0
1976-11-02T00:00:00+00:00,4693.24,4693.24,4693.24,4693.24,0
1976-11-03T00:00:00+00:00,4693.24,4693.24,4693.24,4693.24,0
1976-11-05T00:00:00+00:00,4575.74,4575.74,4575.74,4575.74,0
1976-11-09T00:00:00+00:00,4575.74,4575.74,4575.74,4575.74,0
1976-11-10T00:00:00+00:00,4575.74,4575.74,4575.74,4575.74,0
1976-11-11T00:00:00+00:00,4575.74,4575.74,4575.74,4575.74,0
1976-11-12T00:00:00+00:00,4575.74,4575.74,4575.74,4575.74,0
1976-11-16T00:00:00+00:00,4575.74,4575.74,4575.74,4575.74,0
1976-11-17T00:00:00+00:00,4575.74,4575.74,4575.74,4575.74,0
1976-11-18T00:00:00+00:00,4575.74,4575.74,4575.74,4575.74,0
1976-11-19T00:00:00+00:00,4575.74,4575.74,4575.74,4575.74,0
1976-11-23T00:00:00+00:00,4575.74,4575.74,4575.74,4575.74,0
1976-11-25T00:00:00+00:00,4534.17,4534.17,4534.17,4534.17,0
1976-11-26T00:00:00+00:00,4534.17,4534.17,4534.17,4534.17,0
1976-11-30T00:00:00+00:00,4534.17,4534.17,4534.17,4534.17,0
1976-12-01T00:00:00+00:00,4534.17,4534.17,4534.17,4534.17,0
1976-12-02T00:00:00+00:00,4534.17,4534.17,4534.17,4534.17,0
1976-12-03T00:00:00+00:00,4534.17,4534.17,4534.17,4534.17,0
1976-12-07T00:00:00+00:00,4534.17,4534.17,4534.17,4534.17,0
1976-12-08T00:00:00+00:00,4534.17,4534.17,4534.17,4534.17,0
1976-12-09T00:00:00+00:00,4534.17,4534.17,4534.17,4534.17,0
1976-12-10T00:00:00+00:00,4534.17,4534.17,4534.17,4534.17,0
1976-12-14T00:00:00+00:00,4534.17,4534.17,4534.17,4534.17,0
1976-12-15T00:00:00+00:00,4534.17,4534.17,4534.17,4534.17,0
1976-12-16T00:00:00+00:00,4534.17,4534.17,4534.17,4534.17,0
1976-12-17T00:00:00+00:00,4534.17,4534.17,4534.17,4534.17,0
1976-12-21T00:00:00+00:00,4534.17,4534.17,4534.17,4534.17,0
1976-12-22T00:00:00+00:00,4534.17,4534.17,4534.17,4534.17,0
1976-12-23T00:00:00+00:00,4534.17,4534.17,4534.17,4534.17,0
1976-12-24T00:00:00+00:00,4534.17,4534.17,4534.17,4534.17,0
1976-12-28T00:00:00+00:00,4534.17,4534.17,4534.17,4534.17,0
1976-12-29T00:00:00+00:00,4534.17,4534.17,4534.17,4534.17,0
1977-01-05T00:00:00+00:00,4998.85,4998.85,4998.85,4998.85,0
1977-01-06T00:00:00+00:00,4998.85,4998.85,4998.85,4998.85,0
1977-01-07T00:00:00+00:00,4998.85,4998.85,4998.85,4998.85,0
1977-01-11T00:00:00+00:00,4998.85,4998.85,4998.85,4998.85,0
1977-01-12T00:00:00+00:00,4998.85,4998.85,4998.85,4998.85,0
1977-01-13T00:00:00+00:00,4998.85,4998.85,4998.85,4998.85,0
1977-01-14T00:00:00+00:00,4998.85,4998.85,4998.85,4998.85,0
1977-01-18T00:00:00+00:00,4998.85,4998.85,4998.85,4998.85,0
1977-01-19T00:00:00+00:00,4998.85,4998.85,4998.85,4998.85,0
1977-01-20T00:00:00+00:00,4998.85,4998.85,4998.85,4998.85,0
1977-01-21T00:00:00+00:00,4998.85,4998.85,4998.85,4998.85,0
1977-01-25T00:00:00+00:00,4998.85,4998.85,4998.85,4998.85,0
1977-01-26T00:00:00+00:00,4998.85,4998.85,4998.85,4998.85,0
1977-01-27T00:00:00+00:00,4998.85,4998.85,4998.85,4998.85,0
1977-01-28T00:00:00+00:00,4998.85,4998.85,4998.85,4998.85,0
1977-02-01T00:00:00+00:00,4998.85,4998.85,4998.85,4998.85,0
1977-02-02T00:00:00+00:00,4998.85,4998.85,4998.85,4998.85,0
1977-02-03T00:00:00+00:00,4998.85,4998.85,4998.85,4998.85,0
1977-02-04T00:00:00+00:00,4998.85,4998.85,4998.85,4998.85,0
1977-02-08T00:00:00+00:00,4998.85,4998.85,4998.85,4998.85,0
1977-02-09T00:00:00+00:00,4998.85,4998.85,4998.85,4998.85,0
1977-02-10T00:00:00+00:00,4998.85,4998.85,4998.85,4998.85,0
1977-02-11T00:00:00+00:00,4998.85,4998.85,4998.85,4998.85,0
1977-02-15T00:00:00+00:00,4998.85,4998.85,4998.85,4998.85,0
1977-02-16T00:00:00+00:00,4998.85,4998.85,4998.85,4998.85,0
1977-02-17T00:00:00+00:00,4998.85,4998.85,4998.85,4998.85,0
1977-02-18T00:00:00+00:00,4998.85,4998.85,4998.85,4998.85,0
1977-02-22T00:00:00+00:00,4998.85,4998.85,4998.85,4998.85,0
1977-02-23T00:00:00+00:00,4998.85,4998.85,4998.85,4998.85,0
1977-02-24T00:00:00+00:00,4998.85,4998.85,4998.85,4998.85,0
1977-02-25T00:00:00+00:00,4998.85,4998.85,4998.85,4998.85,0
1977-03-01T00:00:00+00:00,4998.85,4998.85,4998.85,4998.85,0
1977-03-02T00:00:00+00:00,4998.85,4998.85,4998.85,4998.85,0
1977-03-03T00:00:00+00:00,4998.85,4998.85,4998.85,4998.85,0
1977-03-04T00:00:00+00:00,4998.85,4998.85,4998.85,4998.85,0
1977-03-08T00:00:00+00:00,4998.85,4998.85,4998.85,4998.85,0
1977-03-09T00:00:00+00:00,4998.85,4998.85,4998.85,4998.85,0
1977-03-10T00:00:00+00:00,4998.85,4998.85,4998.85,4998.85,0
1977-03-11T00:00:00+00:00,4998.85,4998.85,4998.85,4998.85,0
1977-03-15T00:00:00+00:00,4998.85,4998.85,4998.85,4998.85,0
1977-03-16T00:00:00+00:00,4998.85,4998.85,4998.85,4998.85,0
1977-03-17T00:00:00+00:00,4998.85,4998.85,4998.85,4998.85,0
1977-03-18T00:00:00+00:00,4998.85,4998.85,4998.85,4998.85,0
1977-03-23T00:00:00+00:00,4989.09,4989.09,4989.09,4989.09,0
1977-03-24T00:00:00+00:00,4989.09,4989.09,4989.09,4989.09,0
1977-03-25T00:00:00+00:00,4989.09,4989.09,4989.09,4989.09,0
1977-03-29T00:00:00+00:00,4989.09,4989.09,4989.09,4989.09,0
1977-03-30T00:00:00+00:00,4989.09,4989.09,4989.09,4989.09,0
1977-03-31T00:00:00+00:00,4989.09,4989.09,4989.09,4989.09,0
1977-04-01T00:00:00+00:00,4989.09,4989.09,4989.09,4989.09,0
1977-04-05T00:00:00+00:00,4989.09,4989.09,4989.09,4989.09,0
1977-04-06T00:00:00+00:00,4989.09,4989.09,4989.09,4989.09,0
1977-04-07T00:00:00+00:00,4989.09,4989.09,4989.09,4989.09,0
1977-04-08T00:00:00+00:00,4989.09,4989.09,4989.09,4989.09,0
1977-04-12T00:00:00+00:00,4989.09,4989.09,4989.09,4989.09,0
1977-04-13T00:00:00+00:00,4989.09,4989.09,4989.09,4989.09,0
1977-04-14T00:00:00+00:00,4989.09,4989.09,4989.09,4989.09,0
1977-04-15T00:00:00+00:00,4989.09,4989.09,4989.09,4989.09,0
1977-04-19T00:00:00+00:00,4989.09,4989.09,4989.09,4989.09,0
1977-04-20T00:00:00+00:00,4989.09,4989.09,4989.09,4989.09,0
1977-04-21T00:00:00+00:00,4989.09,4989.09,4989.09,4989.09,0
1977-04-22T00:00:00+00:00,4989.09,4989.09,4989.09,4989.09,0
1977-04-26T00:00:00+00:00,4989.09,4989.09,4989.09,4989.09,0
1977-04-27T00:00:00+00:00,4989.09,4989.09,4989.09,4989.09,0
1977-04-28T00:00:00+00:00,4989.09,4989.09,4989.09,4989.09,0
1977-04-29T00:00:00+00:00,4989.09,4989.09,4989.09,4989.09,0
1977-05-03T00:00:00+00:00,4989.09,4989.09,4989.09,4989.09,0
1977-05-05T00:00:00+00:00,5141.86,5141.86,5141.86,5141.86,0
1977-05-10T00:00:00+00:00,5124.21,5124.21,5124.21,5124.21,0
1977-05-11T00:00:00+00:00,5124.21,5124.21,5124.21,5124.21,0
1977-05-12T00:00:00+00:00,5124.21,5124.21,5124.21,5124.21,0
1977-05-13T00:00:00+00:00,5124.21,5124.21,5124.21,5124.21,0
1977-05-17T00:00:00+00:00,5124.21,5124.21,5124.21,5124.21,0
1977-05-18T00:00:00+00:00,5124.21,5124.21,5124.21,5124.21,0
1977-05-19T00:00:00+00:00,5124.21,5124.21,5124.21,5124.21,0
1977-05-20T00:00:00+00:00,5124.21,5124.21,5124.21,5124.21,0
1977-05-24T00:00:00+00:00,5124.21,5124.21,5124.21,5124.21,0
1977-05-25T00:00:00+00:00,5124.21,5124.21,5124.21,5124.21,0
1977-05-26T00:00:00+00:00,5124.21,5124.21,5124.21,5124.21,0
1977-05-27T00:00:00+00:00,5124.21,5124.21,5124.21,5124.21,0
1977-05-31T00:00:00+00:00,5124.21,5124.21,5124.21,5124.21,0
1977-06-01T00:00:00+00:00,5124.21,5124.21,5124.21,5124.21,0
1977-06-02T00:00:00+00:00,5124.21,5124.21,5124.21,5124.21,0
1977-06-03T00:00:00+00:00,5124.21,5124.21,5124.21,5124.21,0
1977-06-07T00:00:00+00:00,5124.21,5124.21,5124.21,5124.21,0
1977-06-08T00:00:00+00:00,5124.21,5124.21,5124.21,5124.21,0
1977-06-09T00:00:00+00:00,5124.21,5124.21,5124.21,5124.21,0
1977-06-10T00:00:00+00:00,5124.21,5124.21,5124.21,5124.21,0
1977-06-14T00:00:00+00:00,5124.21,5124.21,5124.21,5124.21,0
1977-06-15T00:00:00+00:00,5124.21,5124.21,5124.21,5124.21,0
1977-06-16T00:00:00+00:00,5124.21,5124.21,5124.21,5124.21,0
1977-06-17T00:00:00+00:00,5124.21,5124.21,5124.21,5124.21,0
1977-06-21T00:00:00+00:00,5124.21,5124.21,5124.21,5124.21,0
1977-06-22T00:00:00+00:00,5124.21,5124.21,5124.21,5124.21,0
1977-06-23T00:00:00+00:00,5124.21,5124.21,5124.21,5124.21,0
1977-06-24T00:00:00+00:00,5124.21,5124.21,5124.21,5124.21,0
1977-06-28T00:00:00+00:00,5124.21,5124.21,5124.21,5124.21,0
1977-06-29T00:00:00+00:00,5124.21,5124.21,5124.21,5124.21,0
1977-06-30T00:00:00+00:00,5124.21,5124.21,5124.21,5124.21,0
1977-07-01T00:00:00+00:00,5124.21,5124.21,5124.21,5124.21,0
1977-07-05T00:00:00+00:00,5124.21,5124.21,5124.21,5124.21,0
1977-07-06T00:00:00+00:00,5124.21,5124.21,5124.21,5124.21,0
1977-07-07T00:00:00+00:00,5124.21,5124.21,5124.21,5124.21,0
1977-07-08T00:00:00+00:00,5124.21,5124.21,5124.21,5124.21,0
1977-07-12T00:00:00+00:00,5124.21,5124.21,5124.21,5124.21,0
1977-07-13T00:00:00+00:00,5124.21,5124.21,5124.21,5124.21,0
1977-07-14T00:00:00+00:00,5124.21,5124.21,5124.21,5124.21,0
1977-07-15T00:00:00+00:00,5124.21,5124.21,5124.21,5124.21,0
1977-07-19T00:00:00+00:00,5124.21,5124.21,5124.21,5124.21,0
1977-07-20T00:00:00+00:00,5124.21,5124.21,5124.21,5124.21,0
1977-07-21T00:00:00+00:00,5124.21,5124.21,5124.21,5124.21,0
1977-07-22T00:00:00+00:00,5124.21,5124.21,5124.21,5124.21,0
1977-07-26T00:00:00+00:00,5124.21,5124.21,5124.21,5124.21,0
1977-07-27T00:00:00+00:00,5124.21,5124.21,5124.21,5124.21,0
1977-07-28T00:00:00+00:00,5124.21,5124.21,5124.21,5124.21,0
1977-07-29T00:00:00+00:00,5124.21,5124.21,5124.21,5124.21,0
1977-08-02T00:00:00+00:00,5124.21,5124.21,5124.21,5124.21,0
1977-08-03T00:00:00+00:00,5124.21,5124.21,5124.21,5124.21,0
1977-08-04T00:00:00+00:00,5124.21,5124.21,5124.21,5124.21,0
1977-08-05T00:00:00+00:00,5124.21,5124.21,5124.21,5124.21,0
1977-08-09T00:00:00+00:00,5124.21,5124.21,5124.21,5124.21,0
1977-08-10T00:00:00+00:00,5124.21,5124.21,5124.21,5124.21,0
1977-08-11T00:00:00+00:00,5124.21,5124.21,5124.21,5124.21,0
1977-08-12T00:00:00+00:00,5124.21,5124.21,5124.21,5124.21,0
1977-08-16T00:00:00+00:00,5124.21,5124.21,5124.21,5124.21,0
1977-08-17T00:00:00+00:00,5124.21,5124.21,5124.21,5124.21,0
1977-08-18T00:00:00+00:00,5124.21,5124.21,5124.21,5124.21,0
1977-08-19T00:00:00+00:00,5124.21,5124.21,5124.21,5124.21,0
1977-08-23T00:00:00+00:00,5124.21,5124.21,5124.21,5124.21,0
1977-08-24T00:00:00+00:00,5124.21,5124.21,5124.21,5124.21,0
1977-08-25T00:00:00+00:00,5124.21,5124.21,5124.21,5124.21,0
1977-08-26T00:00:00+00:00,5124.21,5124.21,5124.21,5124.21,0
1977-08-30T00:00:00+00:00,5124.21,5124.21,5124.21,5124.21,0
1977-08-31T00:00:00+00:00,5124.21,5124.21,5124.21,5124.21,0
1977-09-01T00:00:00+00:00,5124.21,5124.21,5124.21,5124.21,0
1977-09-02T00:00:00+00:00,5124.21,5124.21,5124.21,5124.21,0
1977-09-06T00:00:00+00:00,5124.21,5124.21,5124.21,5124.21,0
1977-09-07T00:00:00+00:00,5124.21,5124.21,5124.21,5124.21,0
1977-09-08T00:00:00+00:00,5124.21,5124.21,5124.21,5124.21,0
1977-09-09T00:00:00+00:00,5124.21,5124.21,5124.21,5124.21,0
1977-09-13T00:00:00+00:00,5124.21,5124.21,5124.21,5124.21,0
1977-09-14T00:00:00+00:00,5124.21,5124.21,5124.21,5124.21,0
1977-09-15T00:00:00+00:00,5124.21,5124.21,5124.21,5124.21,0
1977-09-20T00:00:00+00:00,5177.71,5177.71,5177.71,5177.71,0
1977-09-21T00:00:00+00:00,5177.71,5177.71,5177.71,5177.71,0
1977-09-22T00:00:00+00:00,5177.71,5177.71,5177.71,5177.71,0
1977-09-23T00:00:00+00:00,5177.71,5177.71,5177.71,5177.71,0
1977-09-27T00:00:00+00:00,5177.71,5177.71,5177.71,5177.71,0
1977-09-28T00:00:00+00:00,5177.71,5177.71,5177.71,5177.71,0
1977-09-29T00:00:00+00:00,5177.71,5177.71,5177.71,5177.71,0
1977-09-30T00:00:00+00:00,5177.71,5177.71,5177.71,5177.71,0
1977-10-04T00:00:00+00:00,5177.71,5177.71,5177.71,5177.71,0
1977-10-05T00:00:00+00:00,5177.71,5177.71,5177.71,5177.71,0
1977-10-06T00:00:00+00:00,5177.71,5177.71,5177.71,5177.71,0
1977-10-07T00:00:00+00:00,5177.71,5177.71,5177.71,5177.71,0
1977-10-12T00:00:00+00:00,5138.06,5138.06,5138.06,5138.06,0
1977-10-13T00:00:00+00:00,5138.06,5138.06,5138.06,5138.06,0
1977-10-14T00:00:00+00:00,5138.06,5138.06,5138.06,5138.06,0
1977-10-18T00:00:00+00:00,5138.06,5138.06,5138.06,5138.06,0
1977-10-19T00:00:00+00:00,5138.06,5138.06,5138.06,5138.06,0
1977-10-20T00:00:00+00:00,5138.06,5138.06,5138.06,5138.06,0
1977-10-21T00:00:00+00:00,5138.06,5138.06,5138.06,5138.06,0
1977-10-25T00:00:00+00:00,5138.06,5138.06,5138.06,5138.06,0
1977-10-26T00:00:00+00:00,5138.06,5138.06,5138.06,5138.06,0
1977-10-27T00:00:00+00:00,5138.06,5138.06,5138.06,5138.06,0
1977-10-28T00:00:00+00:00,5138.06,5138.06,5138.06,5138.06,0
1977-11-01T00:00:00+00:00,5138.06,5138.06,5138.06,5138.06,0
1977-11-02T00:00:00+00:00,5138.06,5138.06,5138.06,5138.06,0
1977-11-03T00:00:00+00:00,5138.06,5138.06,5138.06,5138.06,0
1977-11-08T00:00:00+00:00,5024.28,5024.28,5024.28,5024.28,0
1977-11-09T00:00:00+00:00,5024.28,5024.28,5024.28,5024.28,0
1977-11-10T00:00:00+00:00,5024.28,5024.28,5024.28,5024.28,0
1977-11-11T00:00:00+00:00,5024.28,5024.28,5024.28,5024.28,0
1977-11-15T00:00:00+00:00,5024.28,5024.28,5024.28,5024.28,0
1977-11-16T00:00:00+00:00,5024.28,5024.28,5024.28,5024.28,0
1977-11-17T00:00:00+00:00,5024.28,5024.28,5024.28,5024.28,0
1977-11-18T00:00:00+00:00,5024.28,5024.28,5024.28,5024.28,0
1977-11-22T00:00:00+00:00,5024.28,5024.28,5024.28,5024.28,0
1977-11-23T00:00:00+00:00,5024.28,5024.28,5024.28,5024.28,0
1977-11-25T00:00:00+00:00,4597.26,4597.26,4597.26,4597.26,0
1977-11-29T00:00:00+00:00,4597.26,4597.26,4597.26,4597.26,0
1977-11-30T00:00:00+00:00,4597.26,4597.26,4597.26,4597.26,0
1977-12-01T00:00:00+00:00,4597.26,4597.26,4597.26,4597.26,0
1977-12-02T00:00:00+00:00,4597.26,4597.26,4597.26,4597.26,0
1977-12-06T00:00:00+00:00,4597.26,4597.26,4597.26,4597.26,0
1977-12-07T00:00:00+00:00,4597.26,4597.26,4597.26,4597.26,0
1977-12-08T00:00:00+00:00,4597.26,4597.26,4597.26,4597.26,0
1977-12-09T00:00:00+00:00,4597.26,4597.26,4597.26,4597.26,0
1977-12-13T00:00:00+00:00,4597.26,4597.26,4597.26,4597.26,0
1977-12-14T00:00:00+00:00,4597.26,4597.26,4597.26,4597.26,0
1977-12-15T00:00:00+00:00,4597.26,4597.26,4597.26,4597.26,0
1977-12-16T00:00:00+00:00,4597.26,4597.26,4597.26,4597.26,0
1977-12-20T00:00:00+00:00,4597.26,4597.26,4597.26,4597.26,0
1977-12-21T00:00:00+00:00,4597.26,4597.26,4597.26,4597.26,0
1977-12-22T00:00:00+00:00,4597.26,4597.26,4597.26,4597.26,0
1977-12-23T00:00:00+00:00,4597.26,4597.26,4597.26,4597.26,0
1977-12-27T00:00:00+00:00,4597.26,4597.26,4597.26,4597.26,0
1977-12-28T00:00:00+00:00,4597.26,4597.26,4597.26,4597.26,0
1977-12-29T00:00:00+00:00,4597.26,4597.26,4597.26,4597.26,0
1978-01-05T00:00:00+00:00,4867.91,4867.91,4867.91,4867.91,0
1978-01-06T00:00:00+00:00,4867.91,4867.91,4867.91,4867.91,0
1978-01-10T00:00:00+00:00,4867.91,4867.91,4867.91,4867.91,0
1978-01-11T00:00:00+00:00,4867.91,4867.91,4867.91,4867.91,0
1978-01-12T00:00:00+00:00,4867.91,4867.91,4867.91,4867.91,0
1978-01-13T00:00:00+00:00,4867.91,4867.91,4867.91,4867.91,0
1978-01-18T00:00:00+00:00,5038.92,5038.92,5038.92,5038.92,0
1978-01-19T00:00:00+00:00,5038.92,5038.92,5038.92,5038.92,0
1978-01-20T00:00:00+00:00,5038.92,5038.92,5038.92,5038.92,0
1978-01-24T00:00:00+00:00,5038.92,5038.92,5038.92,5038.92,0
1978-01-25T00:00:00+00:00,5038.92,5038.92,5038.92,5038.92,0
1978-01-26T00:00:00+00:00,5038.92,5038.92,5038.92,5038.92,0
1978-01-27T00:00:00+00:00,5038.92,5038.92,5038.92,5038.92,0
1978-01-31T00:00:00+00:00,5038.92,5038.92,5038.92,5038.92,0
1978-02-01T00:00:00+00:00,5038.92,5038.92,5038.92,5038.92,0
1978-02-02T00:00:00+00:00,5038.92,5038.92,5038.92,5038.92,0
1978-02-03T00:00:00+00:00,5038.92,5038.92,5038.92,5038.92,0
1978-02-07T00:00:00+00:00,5038.92,5038.92,5038.92,5038.92,0
1978-02-08T00:00:00+00:00,5038.92,5038.92,5038.92,5038.92,0
1978-02-09T00:00:00+00:00,5038.92,5038.92,5038.92,5038.92,0
1978-02-10T00:00:00+00:00,5038.92,5038.92,5038.92,5038.92,0
1978-02-14T00:00:00+00:00,5038.92,5038.92,5038.92,5038.92,0
1978-02-15T00:00:00+00:00,5038.92,5038.92,5038.92,5038.92,0
1978-02-16T00:00:00+00:00,5038.92,5038.92,5038.92,5038.92,0
1978-02-17T00:00:00+00:00,5038.92,5038.92,5038.92,5038.92,0
1978-02-21T00:00:00+00:00,5038.92,5038.92,5038.92,5038.92,0
1978-02-22T00:00:00+00:00,5038.92,5038.92,5038.92,5038.92,0
1978-02-23T00:00:00+00:00,5038.92,5038.92,5038.92,5038.92,0
1978-02-24T00:00:00+00:00,5038.92,5038.92,5038.92,5038.92,0
1978-02-28T00:00:00+00:00,5038.92,5038.92,5038.92,5038.92,0
1978-03-01T00:00:00+00:00,5038.92,5038.92,5038.92,5038.92,0
1978-03-02T00:00:00+00:00,5038.92,5038.92,5038.92,5038.92,0
1978-03-03T00:00:00+00:00,5038.92,5038.92,5038.92,5038.92,0
1978-03-07T00:00:00+00:00,5038.92,5038.92,5038.92,5038.92,0
1978-03-08T00:00:00+00:00,5038.92,5038.92,5038.92,5038.92,0
1978-03-09T00:00:00+00:00,5038.92,5038.92,5038.92,5038.92,0
1978-03-10T00:00:00+00:00,5038.92,5038.92,5038.92,5038.92,0
1978-03-14T00:00:00+00:00,5038.92,5038.92,5038.92,5038.92,0
1978-03-15T00:00:00+00:00,5038.92,5038.92,5038.92,5038.92,0
1978-03-16T00:00:00+00:00,5038.92,5038.92,5038.92,5038.92,0
1978-03-17T00:00:00+00:00,5038.92,5038.92,5038.92,5038.92,0
1978-03-21T00:00:00+00:00,5038.92,5038.92,5038.92,5038.92,0
1978-03-23T00:00:00+00:00,5273.67,5273.67,5273.67,5273.67,0
1978-03-24T00:00:00+00:00,5273.67,5273.67,5273.67,5273.67,0
1978-03-28T00:00:00+00:00,5273.67,5273.67,5273.67,5273.67,0
1978-03-29T00:00:00+00:00,5273.67,5273.67,5273.67,5273.67,0
1978-03-30T00:00:00+00:00,5273.67,5273.67,5273.67,5273.67,0
1978-03-31T00:00:00+00:00,5273.67,5273.67,5273.67,5273.67,0
1978-04-04T00:00:00+00:00,5273.67,5273.67,5273.67,5273.67,0
1978-04-05T00:00:00+00:00,5273.67,5273.67,5273.67,5273.67,0
1978-04-06T00:00:00+00:00,5273.67,5273.67,5273.67,5273.67,0
1978-04-07T00:00:00+00:00,5273.67,5273.67,5273.67,5273.67,0
1978-04-11T00:00:00+00:00,5273.67,5273.67,5273.67,5273.67,0
1978-04-12T00:00:00+00:00,5273.67,5273.67,5273.67,5273.67,0
1978-04-13T00:00:00+00:00,5273.67,5273.67,5273.67,5273.67,0
1978-04-14T00:00:00+00:00,5273.67,5273.67,5273.67,5273.67,0
1978-04-18T00:00:00+00:00,5273.67,5273.67,5273.67,5273.67,0
1978-04-19T00:00:00+00:00,5273.67,5273.67,5273.67,5273.67,0
1978-04-20T00:00:00+00:00,5273.67,5273.67,5273.67,5273.67,0
1978-04-21T00:00:00+00:00,5273.67,5273.67,5273.67,5273.67,0
1978-04-25T00:00:00+00:00,5273.67,5273.67,5273.67,5273.67,0
1978-04-26T00:00:00+00:00,5273.67,5273.67,5273.67,5273.67,0
1978-04-27T00:00:00+00:00,5273.67,5273.67,5273.67,5273.67,0
1978-04-28T00:00:00+00:00,5273.67,5273.67,5273.67,5273.67,0
1978-05-02T00:00:00+00:00,5273.67,5273.67,5273.67,5273.67,0
1978-05-03T00:00:00+00:00,5273.67,5273.67,5273.67,5273.67,0
1978-05-05T00:00:00+00:00,5542.09,5542.09,5542.09,5542.09,0
1978-05-09T00:00:00+00:00,5542.09,5542.09,5542.09,5542.09,0
1978-05-10T00:00:00+00:00,5542.09,5542.09,5542.09,5542.09,0
1978-05-11T00:00:00+00:00,5542.09,5542.09,5542.09,5542.09,0
1978-05-12T00:00:00+00:00,5542.09,5542.09,5542.09,5542.09,0
1978-05-16T00:00:00+00:00,5542.09,5542.09,5542.09,5542.09,0
1978-05-17T00:00:00+00:00,5542.09,5542.09,5542.09,5542.09,0
1978-05-18T00:00:00+00:00,5542.09,5542.09,5542.09,5542.09,0
1978-05-19T00:00:00+00:00,5542.09,5542.09,5542.09,5542.09,0
1978-05-23T00:00:00+00:00,5542.09,5542.09,5542.09,5542.09,0
1978-05-24T00:00:00+00:00,5542.09,5542.09,5542.09,5542.09,0
1978-05-25T00:00:00+00:00,5542.09,5542.09,5542.09,5542.09,0
1978-05-26T00:00:00+00:00,5542.09,5542.09,5542.09,5542.09,0
1978-05-30T00:00:00+00:00,5542.09,5542.09,5542.09,5542.09,0
1978-05-31T00:00:00+00:00,5542.09,5542.09,5542.09,5542.09,0
1978-06-01T00:00:00+00:00,5542.09,5542.09,5542.09,5542.09,0
1978-06-02T00:00:00+00:00,5542.09,5542.09,5542.09,5542.09,0
1978-06-06T00:00:00+00:00,5542.09,5542.09,5542.09,5542.09,0
1978-06-07T00:00:00+00:00,5542.09,5542.09,5542.09,5542.09,0
1978-06-08T00:00:00+00:00,5542.09,5542.09,5542.09,5542.09,0
1978-06-09T00:00:00+00:00,5542.09,5542.09,5542.09,5542.09,0
1978-06-13T00:00:00+00:00,5542.09,5542.09,5542.09,5542.09,0
1978-06-14T00:00:00+00:00,5542.09,5542.09,5542.09,5542.09,0
1978-06-15T00:00:00+00:00,5542.09,5542.09,5542.09,5542.09,0
1978-06-16T00:00:00+00:00,5542.09,5542.09,5542.09,5542.09,0
1978-06-20T00:00:00+00:00,5542.09,5542.09,5542.09,5542.09,0
1978-06-21T00:00:00+00:00,5542.09,5542.09,5542.09,5542.09,0
1978-06-22T00:00:00+00:00,5542.09,5542.09,5542.09,5542.09,0
1978-06-23T00:00:00+00:00,5542.09,5542.09,5542.09,5542.09,0
1978-06-27T00:00:00+00:00,5542.09,5542.09,5542.09,5542.09,0
1978-06-28T00:00:00+00:00,5542.09,5542.09,5542.09,5542.09,0
1978-06-29T00:00:00+00:00,5542.09,5542.09,5542.09,5542.09,0
1978-06-30T00:00:00+00:00,5542.09,5542.09,5542.09,5542.09,0
1978-07-04T00:00:00+00:00,5542.09,5542.09,5542.09,5542.09,0
1978-07-05T00:00:00+00:00,5542.09,5542.09,5542.09,5542.09,0
1978-07-06T00:00:00+00:00,5542.09,5542.09,5542.09,5542.09,0
1978-07-07T00:00:00+00:00,5542.09,5542.09,5542.09,5542.09,0
1978-07-11T00:00:00+00:00,5542.09,5542.09,5542.09,5542.09,0
1978-07-12T00:00:00+00:00,5542.09,5542.09,5542.09,5542.09,0
1978-07-13T00:00:00+00:00,5542.09,5542.09,5542.09,5542.09,0
1978-07-14T00:00:00+00:00,5542.09,5542.09,5542.09,5542.09,0
1978-07-18T00:00:00+00:00,5542.09,5542.09,5542.09,5542.09,0
1978-07-19T00:00:00+00:00,5542.09,5542.09,5542.09,5542.09,0
1978-07-20T00:00:00+00:00,5542.09,5542.09,5542.09,5542.09,0
1978-07-21T00:00:00+00:00,5542.09,5542.09,5542.09,5542.09,0
1978-07-25T00:00:00+00:00,5542.09,5542.09,5542.09,5542.09,0
1978-07-26T00:00:00+00:00,5542.09,5542.09,5542.09,5542.09,0
1978-07-27T00:00:00+00:00,5542.09,5542.09,5542.09,5542.09,0
1978-07-28T00:00:00+00:00,5542.09,5542.09,5542.09,5542.09,0
1978-08-01T00:00:00+00:00,5542.09,5542.09,5542.09,5542.09,0
1978-08-02T00:00:00+00:00,5542.09,5542.09,5542.09,5542.09,0
1978-08-03T00:00:00+00:00,5542.09,5542.09,5542.09,5542.09,0
1978-08-04T00:00:00+00:00,5542.09,5542.09,5542.09,5542.09,0
1978-08-08T00:00:00+00:00,5542.09,5542.09,5542.09,5542.09,0
1978-08-09T00:00:00+00:00,5542.09,5542.09,5542.09,5542.09,0
1978-08-10T00:00:00+00:00,5542.09,5542.09,5542.09,5542.09,0
1978-08-11T00:00:00+00:00,5542.09,5542.09,5542.09,5542.09,0
1978-08-15T00:00:00+00:00,5542.09,5542.09,5542.09,5542.09,0
1978-08-16T00:00:00+00:00,5542.09,5542.09,5542.09,5542.09,0
1978-08-17T00:00:00+00:00,5542.09,5542.09,5542.09,5542.09,0
1978-08-18T00:00:00+00:00,5542.09,5542.09,5542.09,5542.09,0
1978-08-22T00:00:00+00:00,5542.09,5542.09,5542.09,5542.09,0
1978-08-23T00:00:00+00:00,5542.09,5542.09,5542.09,5542.09,0
1978-08-24T00:00:00+00:00,5542.09,5542.09,5542.09,5542.09,0
1978-08-25T00:00:00+00:00,5542.09,5542.09,5542.09,5542.09,0
1978-08-29T00:00:00+00:00,5542.09,5542.09,5542.09,5542.09,0
1978-08-30T00:00:00+00:00,5542.09,5542.09,5542.09,5542.09,0
1978-08-31T00:00:00+00:00,5542.09,5542.09,5542.09,5542.09,0
1978-09-01T00:00:00+00:00,5542.09,5542.09,5542.09,5542.09,0
1978-09-05T00:00:00+00:00,5542.09,5542.09,5542.09,5542.09,0
1978-09-06T00:00:00+00:00,5542.09,5542.09,5542.09,5542.09,0
1978-09-07T00:00:00+00:00,5542.09,5542.09,5542.09,5542.09,0
1978-09-08T00:00:00+00:00,5542.09,5542.09,5542.09,5542.09,0
1978-09-12T00:00:00+00:00,5542.09,5542.09,5542.09,5542.09,0
1978-09-13T00:00:00+00:00,5542.09,5542.09,5542.09,5542.09,0
1978-09-14T00:00:00+00:00,5542.09,5542.09,5542.09,5542.09,0
1978-09-15T00:00:00+00:00,5542.09,5542.09,5542.09,5542.09,0
1978-09-19T00:00:00+00:00,5542.09,5542.09,5542.09,5542.09,0
1978-09-20T00:00:00+00:00,5542.09,5542.09,5542.09,5542.09,0
1978-09-21T00:00:00+00:00,5542.09,5542.09,5542.09,5542.09,0
1978-09-22T00:00:00+00:00,5542.09,5542.09,5542.09,5542.09,0
1978-09-26T00:00:00+00:00,5542.09,5542.09,5542.09,5542.09,0
1978-09-27T00:00:00+00:00,5542.09,5542.09,5542.09,5542.09,0
1978-09-28T00:00:00+00:00,5542.09,5542.09,5542.09,5542.09,0
1978-09-29T00:00:00+00:00,5542.09,5542.09,5542.09,5542.09,0
1978-10-03T00:00:00+00:00,5542.09,5542.09,5542.09,5542.09,0
1978-10-04T00:00:00+00:00,5542.09,5542.09,5542.09,5542.09,0
1978-10-05T00:00:00+00:00,5542.09,5542.09,5542.09,5542.09,0
1978-10-06T00:00:00+00:00,5542.09,5542.09,5542.09,5542.09,0
1978-10-10T00:00:00+00:00,5542.09,5542.09,5542.09,5542.09,0
1978-10-12T00:00:00+00:00,5757.57,5757.57,5757.57,5757.57,0
1978-10-13T00:00:00+00:00,5757.57,5757.57,5757.57,5757.57,0
1978-10-17T00:00:00+00:00,5757.57,5757.57,5757.57,5757.57,0
1978-10-18T00:00:00+00:00,5757.57,5757.57,5757.57,5757.57,0
1978-10-19T00:00:00+00:00,5757.57,5757.57,5757.57,5757.57,0
1978-10-20T00:00:00+00:00,5757.57,5757.57,5757.57,5757.57,0
1978-10-24T00:00:00+00:00,5757.57,5757.57,5757.57,5757.57,0
1978-10-25T00:00:00+00:00,5757.57,5757.57,5757.57,5757.57,0
1978-10-26T00:00:00+00:00,5757.57,5757.57,5757.57,5757.57,0
1978-10-27T00:00:00+00:00,5757.57,5757.57,5757.57,5757.57,0
1978-10-31T00:00:00+00:00,5757.57,5757.57,5757.57,5757.57,0
1978-11-01T00:00:00+00:00,5757.57,5757.57,5757.57,5757.57,0
1978-11-02T00:00:00+00:00,5757.57,5757.57,5757.57,5757.57,0
1978-11-03T00:00:00+00:00,5757.57,5757.57,5757.57,5757.57,0
1978-11-07T00:00:00+00:00,5757.57,5757.57,5757.57,5757.57,0
1978-11-08T00:00:00+00:00,5757.57,5757.57,5757.57,5757.57,0
1978-11-09T00:00:00+00:00,5757.57,5757.57,5757.57,5757.57,0
1978-11-10T00:00:00+00:00,5757.57,5757.57,5757.57,5757.57,0
1978-11-14T00:00:00+00:00,5757.57,5757.57,5757.57,5757.57,0
1978-11-15T00:00:00+00:00,5757.57,5757.57,5757.57,5757.57,0
1978-11-16T00:00:00+00:00,5757.57,5757.57,5757.57,5757.57,0
1978-11-17T00:00:00+00:00,5757.57,5757.57,5757.57,5757.57,0
1978-11-21T00:00:00+00:00,5757.57,5757.57,5757.57,5757.57,0
1978-11-22T00:00:00+00:00,5757.57,5757.57,5757.57,5757.57,0
1978-11-23T00:00:00+00:00,5757.57,5757.57,5757.57,5757.57,0
1978-11-28T00:00:00+00:00,5979.44,5979.44,5979.44,5979.44,0
1978-11-29T00:00:00+00:00,5979.44,5979.44,5979.44,5979.44,0
1978-11-30T00:00:00+00:00,5979.44,5979.44,5979.44,5979.44,0
1978-12-01T00:00:00+00:00,5979.44,5979.44,5979.44,5979.44,0
1978-12-05T00:00:00+00:00,5979.44,5979.44,5979.44,5979.44,0
1978-12-06T00:00:00+00:00,5979.44,5979.44,5979.44,5979.44,0
1978-12-07T00:00:00+00:00,5979.44,5979.44,5979.44,5979.44,0
1978-12-08T00:00:00+00:00,5979.44,5979.44,5979.44,5979.44,0
1978-12-12T00:00:00+00:00,5979.44,5979.44,5979.44,5979.44,0
1978-12-13T00:00:00+00:00,5979.44,5979.44,5979.44,5979.44,0
1978-12-14T00:00:00+00:00,5979.44,5979.44,5979.44,5979.44,0
1978-12-15T00:00:00+00:00,5979.44,5979.44,5979.44,5979.44,0
1978-12-19T00:00:00+00:00,5979.44,5979.44,5979.44,5979.44,0
1978-12-20T00:00:00+00:00,5979.44,5979.44,5979.44,5979.44,0
1978-12-21T00:00:00+00:00,5979.44,5979.44,5979.44,5979.44,0
1978-12-22T00:00:00+00:00,5979.44,5979.44,5979.44,5979.44,0
1978-12-26T00:00:00+00:00,5979.44,5979.44,5979.44,5979.44,0
1978-12-27T00:00:00+00:00,5979.44,5979.44,5979.44,5979.44,0
1978-12-28T00:00:00+00:00,5979.44,5979.44,5979.44,5979.44,0
1978-12-29T00:00:00+00:00,5979.44,5979.44,5979.44,5979.44,0
1979-01-05T00:00:00+00:00,6041.57,6041.57,6041.57,6041.57,0
1979-01-09T00:00:00+00:00,6041.57,6041.57,6041.57,6041.57,0
1979-01-10T00:00:00+00:00,6041.57,6041.57,6041.57,6041.57,0
1979-01-11T00:00:00+00:00,6041.57,6041.57,6041.57,6041.57,0
1979-01-12T00:00:00+00:00,6041.57,6041.57,6041.57,6041.57,0
1979-01-17T00:00:00+00:00,6118.04,6118.04,6118.04,6118.04,0
1979-01-18T00:00:00+00:00,6118.04,6118.04,6118.04,6118.04,0
1979-01-19T00:00:00+00:00,6118.04,6118.04,6118.04,6118.04,0
1979-01-23T00:00:00+00:00,6118.04,6118.04,6118.04,6118.04,0
1979-01-24T00:00:00+00:00,6118.04,6118.04,6118.04,6118.04,0
1979-01-25T00:00:00+00:00,6118.04,6118.04,6118.04,6118.04,0
1979-01-26T00:00:00+00:00,6118.04,6118.04,6118.04,6118.04,0
1979-01-30T00:00:00+00:00,6118.04,6118.04,6118.04,6118.04,0
1979-01-31T00:00:00+00:00,6118.04,6118.04,6118.04,6118.04,0
1979-02-01T00:00:00+00:00,6118.04,6118.04,6118.04,6118.04,0
1979-02-02T00:00:00+00:00,6118.04,6118.04,6118.04,6118.04,0
1979-02-06T00:00:00+00:00,6118.04,6118.04,6118.04,6118.04,0
1979-02-07T00:00:00+00:00,6118.04,6118.04,6118.04,6118.04,0
1979-02-08T00:00:00+00:00,6118.04,6118.04,6118.04,6118.04,0
1979-02-09T00:00:00+00:00,6118.04,6118.04,6118.04,6118.04,0
1979-02-14T00:00:00+00:00,6023.64,6023.64,6023.64,6023.64,0
1979-02-15T00:00:00+00:00,6023.64,6023.64,6023.64,6023.64,0
1979-02-16T00:00:00+00:00,6023.64,6023.64,6023.64,6023.64,0
1979-02-20T00:00:00+00:00,6023.64,6023.64,6023.64,6023.64,0
1979-02-21T00:00:00+00:00,6023.64,6023.64,6023.64,6023.64,0
1979-02-22T00:00:00+00:00,6023.64,6023.64,6023.64,6023.64,0
1979-02-23T00:00:00+00:00,6023.64,6023.64,6023.64,6023.64,0
1979-02-27T00:00:00+00:00,6023.64,6023.64,6023.64,6023.64,0
1979-02-28T00:00:00+00:00,6023.64,6023.64,6023.64,6023.64,0
1979-03-01T00:00:00+00:00,6023.64,6023.64,6023.64,6023.64,0
1979-03-02T00:00:00+00:00,6023.64,6023.64,6023.64,6023.64,0
1979-03-06T00:00:00+00:00,6023.64,6023.64,6023.64,6023.64,0
1979-03-07T00:00:00+00:00,6023.64,6023.64,6023.64,6023.64,0
1979-03-08T00:00:00+00:00,6023.64,6023.64,6023.64,6023.64,0
1979-03-09T00:00:00+00:00,6023.64,6023.64,6023.64,6023.64,0
1979-03-13T00:00:00+00:00,6023.64,6023.64,6023.64,6023.64,0
1979-03-14T00:00:00+00:00,6023.64,6023.64,6023.64,6023.64,0
1979-03-15T00:00:00+00:00,6023.64,6023.64,6023.64,6023.64,0
1979-03-16T00:00:00+00:00,6023.64,6023.64,6023.64,6023.64,0
1979-03-20T00:00:00+00:00,6023.64,6023.64,6023.64,6023.64,0
1979-03-21T00:00:00+00:00,6023.64,6023.64,6023.64,6023.64,0
1979-03-23T00:00:00+00:00,6074.71,6074.71,6074.71,6074.71,0
1979-03-27T00:00:00+00:00,6074.71,6074.71,6074.71,6074.71,0
1979-03-28T00:00:00+00:00,6074.71,6074.71,6074.71,6074.71,0
1979-03-29T00:00:00+00:00,6074.71,6074.71,6074.71,6074.71,0
1979-03-30T00:00:00+00:00,6074.71,6074.71,6074.71,6074.71,0
1979-04-03T00:00:00+00:00,6074.71,6074.71,6074.71,6074.71,0
1979-04-04T00:00:00+00:00,6074.71,6074.71,6074.71,6074.71,0
1979-04-05T00:00:00+00:00,6074.71,6074.71,6074.71,6074.71,0
1979-04-06T00:00:00+00:00,6074.71,6074.71,6074.71,6074.71,0
1979-04-10T00:00:00+00:00,6074.71,6074.71,6074.71,6074.71,0
1979-04-11T00:00:00+00:00,6074.71,6074.71,6074.71,6074.71,0
1979-04-12T00:00:00+00:00,6074.71,6074.71,6074.71,6074.71,0
1979-04-13T00:00:00+00:00,6074.71,6074.71,6074.71,6074.71,0
1979-04-17T00:00:00+00:00,6074.71,6074.71,6074.71,6074.71,0
1979-04-18T00:00:00+00:00,6074.71,6074.71,6074.71,6074.71,0
1979-04-19T00:00:00+00:00,6074.71,6074.71,6074.71,6074.71,0
1979-04-20T00:00:00+00:00,6074.71,6074.71,6074.71,6074.71,0
1979-04-24T00:00:00+00:00,6074.71,6074.71,6074.71,6074.71,0
1979-04-25T00:00:00+00:00,6074.71,6074.71,6074.71,6074.71,0
1979-04-26T00:00:00+00:00,6074.71,6074.71,6074.71,6074.71,0
1979-04-27T00:00:00+00:00,6074.71,6074.71,6074.71,6074.71,0
1979-05-02T00:00:00+00:00,6236.92,6236.92,6236.92,6236.92,0
1979-05-03T00:00:00+00:00,6236.92,6236.92,6236.92,6236.92,0
1979-05-08T00:00:00+00:00,6253.56,6253.56,6253.56,6253.56,0
1979-05-09T00:00:00+00:00,6253.56,6253.56,6253.56,6253.56,0
1979-05-10T00:00:00+00:00,6253.56,6253.56,6253.56,6253.56,0
1979-05-11T00:00:00+00:00,6253.56,6253.56,6253.56,6253.56,0
1979-05-15T00:00:00+00:00,6253.56,6253.56,6253.56,6253.56,0
1979-05-16T00:00:00+00:00,6253.56,6253.56,6253.56,6253.56,0
1979-05-17T00:00:00+00:00,6253.56,6253.56,6253.56,6253.56,0
1979-05-18T00:00:00+00:00,6253.56,6253.56,6253.56,6253.56,0
1979-05-22T00:00:00+00:00,6253.56,6253.56,6253.56,6253.56,0
1979-05-23T00:00:00+00:00,6253.56,6253.56,6253.56,6253.56,0
1979-05-24T00:00:00+00:00,6253.56,6253.56,6253.56,6253.56,0
1979-05-25T00:00:00+00:00,6253.56,6253.56,6253.56,6253.56,0
1979-05-29T00:00:00+00:00,6253.56,6253.56,6253.56,6253.56,0
1979-05-30T00:00:00+00:00,6253.56,6253.56,6253.56,6253.56,0
1979-05-31T00:00:00+00:00,6253.56,6253.56,6253.56,6253.56,0
1979-06-01T00:00:00+00:00,6253.56,6253.56,6253.56,6253.56,0
1979-06-05T00:00:00+00:00,6253.56,6253.56,6253.56,6253.56,0
1979-06-06T00:00:00+00:00,6253.56,6253.56,6253.56,6253.56,0
1979-06-07T00:00:00+00:00,6253.56,6253.56,6253.56,6253.56,0
1979-06-08T00:00:00+00:00,6253.56,6253.56,6253.56,6253.56,0
1979-06-12T00:00:00+00:00,6253.56,6253.56,6253.56,6253.56,0
1979-06-13T00:00:00+00:00,6253.56,6253.56,6253.56,6253.56,0
1979-06-14T00:00:00+00:00,6253.56,6253.56,6253.56,6253.56,0
1979-06-15T00:00:00+00:00,6253.56,6253.56,6253.56,6253.56,0
1979-06-19T00:00:00+00:00,6253.56,6253.56,6253.56,6253.56,0
1979-06-20T00:00:00+00:00,6253.56,6253.56,6253.56,6253.56,0
1979-06-21T00:00:00+00:00,6253.56,6253.56,6253.56,6253.56,0
1979-06-22T00:00:00+00:00,6253.56,6253.56,6253.56,6253.56,0
1979-06-26T00:00:00+00:00,6253.56,6253.56,6253.56,6253.56,0
1979-06-27T00:00:00+00:00,6253.56,6253.56,6253.56,6253.56,0
1979-06-28T00:00:00+00:00,6253.56,6253.56,6253.56,6253.56,0
1979-06-29T00:00:00+00:00,6253.56,6253.56,6253.56,6253.56,0
1979-07-03T00:00:00+00:00,6253.56,6253.56,6253.56,6253.56,0
1979-07-04T00:00:00+00:00,6253.56,6253.56,6253.56,6253.56,0
1979-07-05T00:00:00+00:00,6253.56,6253.56,6253.56,6253.56,0
1979-07-06T00:00:00+00:00,6253.56,6253.56,6253.56,6253.56,0
1979-07-10T00:00:00+00:00,6253.56,6253.56,6253.56,6253.56,0
1979-07-11T00:00:00+00:00,6253.56,6253.56,6253.56,6253.56,0
1979-07-12T00:00:00+00:00,6253.56,6253.56,6253.56,6253.56,0
1979-07-13T00:00:00+00:00,6253.56,6253.56,6253.56,6253.56,0
1979-07-17T00:00:00+00:00,6253.56,6253.56,6253.56,6253.56,0
1979-07-18T00:00:00+00:00,6253.56,6253.56,6253.56,6253.56,0
1979-07-19T00:00:00+00:00,6253.56,6253.56,6253.56,6253.56,0
1979-07-20T00:00:00+00:00,6253.56,6253.56,6253.56,6253.56,0
1979-07-24T00:00:00+00:00,6253.56,6253.56,6253.56,6253.56,0
1979-07-25T00:00:00+00:00,6253.56,6253.56,6253.56,6253.56,0
1979-07-26T00:00:00+00:00,6253.56,6253.56,6253.56,6253.56,0
1979-07-27T00:00:00+00:00,6253.56,6253.56,6253.56,6253.56,0
1979-07-31T00:00:00+00:00,6253.56,6253.56,6253.56,6253.56,0
1979-08-01T00:00:00+00:00,6253.56,6253.56,6253.56,6253.56,0
1979-08-02T00:00:00+00:00,6253.56,6253.56,6253.56,6253.56,0
1979-08-03T00:00:00+00:00,6253.56,6253.56,6253.56,6253.56,0
1979-08-07T00:00:00+00:00,6253.56,6253.56,6253.56,6253.56,0
1979-08-08T00:00:00+00:00,6253.56,6253.56,6253.56,6253.56,0
1979-08-09T00:00:00+00:00,6253.56,6253.56,6253.56,6253.56,0
1979-08-10T00:00:00+00:00,6253.56,6253.56,6253.56,6253.56,0
1979-08-14T00:00:00+00:00,6253.56,6253.56,6253.56,6253.56,0
1979-08-15T00:00:00+00:00,6253.56,6253.56,6253.56,6253.56,0
1979-08-16T00:00:00+00:00,6253.56,6253.56,6253.56,6253.56,0
1979-08-17T00:00:00+00:00,6253.56,6253.56,6253.56,6253.56,0
1979-08-21T00:00:00+00:00,6253.56,6253.56,6253.56,6253.56,0
1979-08-22T00:00:00+00:00,6253.56,6253.56,6253.56,6253.56,0
1979-08-23T00:00:00+00:00,6253.56,6253.56,6253.56,6253.56,0
1979-08-24T00:00:00+00:00,6253.56,6253.56,6253.56,6253.56,0
1979-08-28T00:00:00+00:00,6253.56,6253.56,6253.56,6253.56,0
1979-08-29T00:00:00+00:00,6253.56,6253.56,6253.56,6253.56,0
1979-08-30T00:00:00+00:00,6253.56,6253.56,6253.56,6253.56,0
1979-08-31T00:00:00+00:00,6253.56,6253.56,6253.56,6253.56,0
1979-09-04T00:00:00+00:00,6253.56,6253.56,6253.56,6253.56,0
1979-09-05T00:00:00+00:00,6253.56,6253.56,6253.56,6253.56,0
1979-09-06T00:00:00+00:00,6253.56,6253.56,6253.56,6253.56,0
1979-09-07T00:00:00+00:00,6253.56,6253.56,6253.56,6253.56,0
1979-09-11T00:00:00+00:00,6253.56,6253.56,6253.56,6253.56,0
1979-09-12T00:00:00+00:00,6253.56,6253.56,6253.56,6253.56,0
1979-09-13T00:00:00+00:00,6253.56,6253.56,6253.56,6253.56,0
1979-09-14T00:00:00+00:00,6253.56,6253.56,6253.56,6253.56,0
1979-09-18T00:00:00+00:00,6253.56,6253.56,6253.56,6253.56,0
1979-09-19T00:00:00+00:00,6253.56,6253.56,6253.56,6253.56,0
1979-09-20T00:00:00+00:00,6253.56,6253.56,6253.56,6253.56,0
1979-09-21T00:00:00+00:00,6253.56,6253.56,6253.56,6253.56,0
1979-09-26T00:00:00+00:00,6491,6491,6491,6491,0
1979-09-27T00:00:00+00:00,6491,6491,6491,6491,0
1979-09-28T00:00:00+00:00,6491,6491,6491,6491,0
1979-10-02T00:00:00+00:00,6491,6491,6491,6491,0
1979-10-03T00:00:00+00:00,6491,6491,6491,6491,0
1979-10-04T00:00:00+00:00,6491,6491,6491,6491,0
1979-10-05T00:00:00+00:00,6491,6491,6491,6491,0
1979-10-09T00:00:00+00:00,6491,6491,6491,6491,0
1979-10-10T00:00:00+00:00,6491,6491,6491,6491,0
1979-10-12T00:00:00+00:00,6395.95,6395.95,6395.95,6395.95,0
1979-10-16T00:00:00+00:00,6395.95,6395.95,6395.95,6395.95,0
1979-10-17T00:00:00+00:00,6395.95,6395.95,6395.95,6395.95,0
1979-10-18T00:00:00+00:00,6395.95,6395.95,6395.95,6395.95,0
1979-10-19T00:00:00+00:00,6395.95,6395.95,6395.95,6395.95,0
1979-10-23T00:00:00+00:00,6395.95,6395.95,6395.95,6395.95,0
1979-10-24T00:00:00+00:00,6395.95,6395.95,6395.95,6395.95,0
1979-10-25T00:00:00+00:00,6395.95,6395.95,6395.95,6395.95,0
1979-10-26T00:00:00+00:00,6395.95,6395.95,6395.95,6395.95,0
1979-10-30T00:00:00+00:00,6395.95,6395.95,6395.95,6395.95,0
1979-10-31T00:00:00+00:00,6395.95,6395.95,6395.95,6395.95,0
1979-11-01T00:00:00+00:00,6395.95,6395.95,6395.95,6395.95,0
1979-11-02T00:00:00+00:00,6395.95,6395.95,6395.95,6395.95,0
1979-11-06T00:00:00+00:00,6395.95,6395.95,6395.95,6395.95,0
1979-11-07T00:00:00+00:00,6395.95,6395.95,6395.95,6395.95,0
1979-11-08T00:00:00+00:00,6395.95,6395.95,6395.95,6395.95,0
1979-11-09T00:00:00+00:00,6395.95,6395.95,6395.95,6395.95,0
1979-11-13T00:00:00+00:00,6395.95,6395.95,6395.95,6395.95,0
1979-11-14T00:00:00+00:00,6395.95,6395.95,6395.95,6395.95,0
1979-11-15T00:00:00+00:00,6395.95,6395.95,6395.95,6395.95,0
1979-11-16T00:00:00+00:00,6395.95,6395.95,6395.95,6395.95,0
1979-11-20T00:00:00+00:00,6395.95,6395.95,6395.95,6395.95,0
1979-11-21T00:00:00+00:00,6395.95,6395.95,6395.95,6395.95,0
1979-11-22T00:00:00+00:00,6395.95,6395.95,6395.95,6395.95,0
1979-11-23T00:00:00+00:00,6395.95,6395.95,6395.95,6395.95,0
1979-11-27T00:00:00+00:00,6395.95,6395.95,6395.95,6395.95,0
1979-11-28T00:00:00+00:00,6395.95,6395.95,6395.95,6395.95,0
1979-11-29T00:00:00+00:00,6395.95,6395.95,6395.95,6395.95,0
1979-11-30T00:00:00+00:00,6395.95,6395.95,6395.95,6395.95,0
1979-12-04T00:00:00+00:00,6395.95,6395.95,6395.95,6395.95,0
1979-12-05T00:00:00+00:00,6395.95,6395.95,6395.95,6395.95,0
1979-12-06T00:00:00+00:00,6395.95,6395.95,6395.95,6395.95,0
1979-12-07T00:00:00+00:00,6395.95,6395.95,6395.95,6395.95,0
1979-12-11T00:00:00+00:00,6395.95,6395.95,6395.95,6395.95,0
1979-12-12T00:00:00+00:00,6395.95,6395.95,6395.95,6395.95,0
1979-12-13T00:00:00+00:00,6395.95,6395.95,6395.95,6395.95,0
1979-12-14T00:00:00+00:00,6395.95,6395.95,6395.95,6395.95,0
1979-12-18T00:00:00+00:00,6395.95,6395.95,6395.95,6395.95,0
1979-12-19T00:00:00+00:00,6395.95,6395.95,6395.95,6395.95,0
1979-12-20T00:00:00+00:00,6395.95,6395.95,6395.95,6395.95,0
1979-12-21T00:00:00+00:00,6395.95,6395.95,6395.95,6395.95,0
1979-12-25T00:00:00+00:00,6522.87,6522.87,6522.87,6522.87,0
1979-12-26T00:00:00+00:00,6522.87,6522.87,6522.87,6522.87,0
1979-12-27T00:00:00+00:00,6522.87,6522.87,6522.87,6522.87,0
1979-12-28T00:00:00+00:00,6522.87,6522.87,6522.87,6522.87,0
1980-01-08T00:00:00+00:00,6552.65,6552.65,6552.65,6552.65,0
1980-01-09T00:00:00+00:00,6552.65,6552.65,6552.65,6552.65,0
1980-01-10T00:00:00+00:00,6552.65,6552.65,6552.65,6552.65,0
1980-01-11T00:00:00+00:00,6552.65,6552.65,6552.65,6552.65,0
1980-01-15T00:00:00+00:00,6552.65,6552.65,6552.65,6552.65,0
1980-01-17T00:00:00+00:00,6653.26,6653.26,6653.26,6653.26,0
1980-01-18T00:00:00+00:00,6653.26,6653.26,6653.26,6653.26,0
1980-01-22T00:00:00+00:00,6653.26,6653.26,6653.26,6653.26,0
1980-01-23T00:00:00+00:00,6653.26,6653.26,6653.26,6653.26,0
1980-01-24T00:00:00+00:00,6653.26,6653.26,6653.26,6653.26,0
1980-01-25T00:00:00+00:00,6653.26,6653.26,6653.26,6653.26,0
1980-01-29T00:00:00+00:00,6653.26,6653.26,6653.26,6653.26,0
1980-01-30T00:00:00+00:00,6653.26,6653.26,6653.26,6653.26,0
1980-01-31T00:00:00+00:00,6653.26,6653.26,6653.26,6653.26,0
1980-02-01T00:00:00+00:00,6653.26,6653.26,6653.26,6653.26,0
1980-02-05T00:00:00+00:00,6653.26,6653.26,6653.26,6653.26,0
1980-02-06T00:00:00+00:00,6653.26,6653.26,6653.26,6653.26,0
1980-02-07T00:00:00+00:00,6653.26,6653.26,6653.26,6653.26,0
1980-02-08T00:00:00+00:00,6653.26,6653.26,6653.26,6653.26,0
1980-02-13T00:00:00+00:00,6828.05,6828.05,6828.05,6828.05,0
1980-02-14T00:00:00+00:00,6828.05,6828.05,6828.05,6828.05,0
1980-02-15T00:00:00+00:00,6828.05,6828.05,6828.05,6828.05,0
1980-02-19T00:00:00+00:00,6828.05,6828.05,6828.05,6828.05,0
1980-02-20T00:00:00+00:00,6828.05,6828.05,6828.05,6828.05,0
1980-02-21T00:00:00+00:00,6828.05,6828.05,6828.05,6828.05,0
1980-02-22T00:00:00+00:00,6828.05,6828.05,6828.05,6828.05,0
1980-02-26T00:00:00+00:00,6828.05,6828.05,6828.05,6828.05,0
1980-02-27T00:00:00+00:00,6828.05,6828.05,6828.05,6828.05,0
1980-02-28T00:00:00+00:00,6828.05,6828.05,6828.05,6828.05,0
1980-02-29T00:00:00+00:00,6828.05,6828.05,6828.05,6828.05,0
1980-03-04T00:00:00+00:00,6828.05,6828.05,6828.05,6828.05,0
1980-03-05T00:00:00+00:00,6828.05,6828.05,6828.05,6828.05,0
1980-03-06T00:00:00+00:00,6828.05,6828.05,6828.05,6828.05,0
1980-03-07T00:00:00+00:00,6828.05,6828.05,6828.05,6828.05,0
1980-03-11T00:00:00+00:00,6828.05,6828.05,6828.05,6828.05,0
1980-03-12T00:00:00+00:00,6828.05,6828.05,6828.05,6828.05,0
1980-03-13T00:00:00+00:00,6828.05,6828.05,6828.05,6828.05,0
1980-03-14T00:00:00+00:00,6828.05,6828.05,6828.05,6828.05,0
1980-03-18T00:00:00+00:00,6828.05,6828.05,6828.05,6828.05,0
1980-03-19T00:00:00+00:00,6828.05,6828.05,6828.05,6828.05,0
1980-03-20T00:00:00+00:00,6828.05,6828.05,6828.05,6828.05,0
1980-03-25T00:00:00+00:00,6567.25,6567.25,6567.25,6567.25,0
1980-03-26T00:00:00+00:00,6567.25,6567.25,6567.25,6567.25,0
1980-03-27T00:00:00+00:00,6567.25,6567.25,6567.25,6567.25,0
1980-03-28T00:00:00+00:00,6567.25,6567.25,6567.25,6567.25,0
1980-04-01T00:00:00+00:00,6567.25,6567.25,6567.25,6567.25,0
1980-04-02T00:00:00+00:00,6567.25,6567.25,6567.25,6567.25,0
1980-04-03T00:00:00+00:00,6567.25,6567.25,6567.25,6567.25,0
1980-04-04T00:00:00+00:00,6567.25,6567.25,6567.25,6567.25,0
1980-04-08T00:00:00+00:00,6567.25,6567.25,6567.25,6567.25,0
1980-04-09T00:00:00+00:00,6567.25,6567.25,6567.25,6567.25,0
1980-04-10T00:00:00+00:00,6567.25,6567.25,6567.25,6567.25,0
1980-04-11T00:00:00+00:00,6567.25,6567.25,6567.25,6567.25,0
1980-04-15T00:00:00+00:00,6567.25,6567.25,6567.25,6567.25,0
1980-04-16T00:00:00+00:00,6567.25,6567.25,6567.25,6567.25,0
1980-04-17T00:00:00+00:00,6567.25,6567.25,6567.25,6567.25,0
1980-04-18T00:00:00+00:00,6567.25,6567.25,6567.25,6567.25,0
1980-04-22T00:00:00+00:00,6567.25,6567.25,6567.25,6567.25,0
1980-04-23T00:00:00+00:00,6567.25,6567.25,6567.25,6567.25,0
1980-04-24T00:00:00+00:00,6567.25,6567.25,6567.25,6567.25,0
1980-04-25T00:00:00+00:00,6567.25,6567.25,6567.25,6567.25,0
1980-04-29T00:00:00+00:00,6567.25,6567.25,6567.25,6567.25,0
1980-05-01T00:00:00+00:00,6865.56,6865.56,6865.56,6865.56,0
1980-05-02T00:00:00+00:00,6865.56,6865.56,6865.56,6865.56,0
1980-05-07T00:00:00+00:00,6856.08,6856.08,6856.08,6856.08,0
1980-05-08T00:00:00+00:00,6856.08,6856.08,6856.08,6856.08,0
1980-05-09T00:00:00+00:00,6856.08,6856.08,6856.08,6856.08,0
1980-05-13T00:00:00+00:00,6856.08,6856.08,6856.08,6856.08,0
1980-05-14T00:00:00+00:00,6856.08,6856.08,6856.08,6856.08,0
1980-05-15T00:00:00+00:00,6856.08,6856.08,6856.08,6856.08,0
1980-05-16T00:00:00+00:00,6856.08,6856.08,6856.08,6856.08,0
1980-05-20T00:00:00+00:00,6856.08,6856.08,6856.08,6856.08,0
1980-05-21T00:00:00+00:00,6856.08,6856.08,6856.08,6856.08,0
1980-05-22T00:00:00+00:00,6856.08,6856.08,6856.08,6856.08,0
1980-05-23T00:00:00+00:00,6856.08,6856.08,6856.08,6856.08,0
1980-05-27T00:00:00+00:00,6856.08,6856.08,6856.08,6856.08,0
1980-05-28T00:00:00+00:00,6856.08,6856.08,6856.08,6856.08,0
1980-05-29T00:00:00+00:00,6856.08,6856.08,6856.08,6856.08,0
1980-05-30T00:00:00+00:00,6856.08,6856.08,6856.08,6856.08,0
1980-06-03T00:00:00+00:00,6856.08,6856.08,6856.08,6856.08,0
1980-06-04T00:00:00+00:00,6856.08,6856.08,6856.08,6856.08,0
1980-06-05T00:00:00+00:00,6856.08,6856.08,6856.08,6856.08,0
1980-06-06T00:00:00+00:00,6856.08,6856.08,6856.08,6856.08,0
1980-06-10T00:00:00+00:00,6856.08,6856.08,6856.08,6856.08,0
1980-06-11T00:00:00+00:00,6856.08,6856.08,6856.08,6856.08,0
1980-06-12T00:00:00+00:00,6856.08,6856.08,6856.08,6856.08,0
1980-06-13T00:00:00+00:00,6856.08,6856.08,6856.08,6856.08,0
1980-06-17T00:00:00+00:00,6856.08,6856.08,6856.08,6856.08,0
1980-06-18T00:00:00+00:00,6856.08,6856.08,6856.08,6856.08,0
1980-06-19T00:00:00+00:00,6856.08,6856.08,6856.08,6856.08,0
1980-06-20T00:00:00+00:00,6856.08,6856.08,6856.08,6856.08,0
1980-06-24T00:00:00+00:00,6856.08,6856.08,6856.08,6856.08,0
1980-06-25T00:00:00+00:00,6856.08,6856.08,6856.08,6856.08,0
1980-06-26T00:00:00+00:00,6856.08,6856.08,6856.08,6856.08,0
1980-06-27T00:00:00+00:00,6856.08,6856.08,6856.08,6856.08,0
1980-07-01T00:00:00+00:00,6856.08,6856.08,6856.08,6856.08,0
1980-07-02T00:00:00+00:00,6856.08,6856.08,6856.08,6856.08,0
1980-07-03T00:00:00+00:00,6856.08,6856.08,6856.08,6856.08,0
1980-07-04T00:00:00+00:00,6856.08,6856.08,6856.08,6856.08,0
1980-07-08T00:00:00+00:00,6856.08,6856.08,6856.08,6856.08,0
1980-07-09T00:00:00+00:00,6856.08,6856.08,6856.08,6856.08,0
1980-07-10T00:00:00+00:00,6856.08,6856.08,6856.08,6856.08,0
1980-07-11T00:00:00+00:00,6856.08,6856.08,6856.08,6856.08,0
1980-07-15T00:00:00+00:00,6856.08,6856.08,6856.08,6856.08,0
1980-07-16T00:00:00+00:00,6856.08,6856.08,6856.08,6856.08,0
1980-07-17T00:00:00+00:00,6856.08,6856.08,6856.08,6856.08,0
1980-07-18T00:00:00+00:00,6856.08,6856.08,6856.08,6856.08,0
1980-07-22T00:00:00+00:00,6856.08,6856.08,6856.08,6856.08,0
1980-07-23T00:00:00+00:00,6856.08,6856.08,6856.08,6856.08,0
1980-07-24T00:00:00+00:00,6856.08,6856.08,6856.08,6856.08,0
1980-07-25T00:00:00+00:00,6856.08,6856.08,6856.08,6856.08,0
1980-07-29T00:00:00+00:00,6856.08,6856.08,6856.08,6856.08,0
1980-07-30T00:00:00+00:00,6856.08,6856.08,6856.08,6856.08,0
1980-07-31T00:00:00+00:00,6856.08,6856.08,6856.08,6856.08,0
1980-08-01T00:00:00+00:00,6856.08,6856.08,6856.08,6856.08,0
1980-08-05T00:00:00+00:00,6856.08,6856.08,6856.08,6856.08,0
1980-08-06T00:00:00+00:00,6856.08,6856.08,6856.08,6856.08,0
1980-08-07T00:00:00+00:00,6856.08,6856.08,6856.08,6856.08,0
1980-08-08T00:00:00+00:00,6856.08,6856.08,6856.08,6856.08,0
1980-08-12T00:00:00+00:00,6856.08,6856.08,6856.08,6856.08,0
1980-08-13T00:00:00+00:00,6856.08,6856.08,6856.08,6856.08,0
1980-08-14T00:00:00+00:00,6856.08,6856.08,6856.08,6856.08,0
1980-08-15T00:00:00+00:00,6856.08,6856.08,6856.08,6856.08,0
1980-08-19T00:00:00+00:00,6856.08,6856.08,6856.08,6856.08,0
1980-08-20T00:00:00+00:00,6856.08,6856.08,6856.08,6856.08,0
1980-08-21T00:00:00+00:00,6856.08,6856.08,6856.08,6856.08,0
1980-08-22T00:00:00+00:00,6856.08,6856.08,6856.08,6856.08,0
1980-08-26T00:00:00+00:00,6856.08,6856.08,6856.08,6856.08,0
1980-08-27T00:00:00+00:00,6856.08,6856.08,6856.08,6856.08,0
1980-08-28T00:00:00+00:00,6856.08,6856.08,6856.08,6856.08,0
1980-08-29T00:00:00+00:00,6856.08,6856.08,6856.08,6856.08,0
1980-09-02T00:00:00+00:00,6856.08,6856.08,6856.08,6856.08,0
1980-09-03T00:00:00+00:00,6856.08,6856.08,6856.08,6856.08,0
1980-09-04T00:00:00+00:00,6856.08,6856.08,6856.08,6856.08,0
1980-09-05T00:00:00+00:00,6856.08,6856.08,6856.08,6856.08,0
1980-09-09T00:00:00+00:00,6856.08,6856.08,6856.08,6856.08,0
1980-09-10T00:00:00+00:00,6856.08,6856.08,6856.08,6856.08,0
1980-09-11T00:00:00+00:00,6856.08,6856.08,6856.08,6856.08,0
1980-09-12T00:00:00+00:00,6856.08,6856.08,6856.08,6856.08,0
1980-09-17T00:00:00+00:00,7020.16,7020.16,7020.16,7020.16,0
1980-09-18T00:00:00+00:00,7020.16,7020.16,7020.16,7020.16,0
1980-09-19T00:00:00+00:00,7020.16,7020.16,7020.16,7020.16,0
1980-09-23T00:00:00+00:00,7020.16,7020.16,7020.16,7020.16,0
1980-09-25T00:00:00+00:00,6972.62,6972.62,6972.62,6972.62,0
1980-09-26T00:00:00+00:00,6972.62,6972.62,6972.62,6972.62,0
1980-09-30T00:00:00+00:00,6972.62,6972.62,6972.62,6972.62,0
1980-10-01T00:00:00+00:00,6972.62,6972.62,6972.62,6972.62,0
1980-10-02T00:00:00+00:00,6972.62,6972.62,6972.62,6972.62,0
1980-10-03T00:00:00+00:00,6972.62,6972.62,6972.62,6972.62,0
1980-10-07T00:00:00+00:00,6972.62,6972.62,6972.62,6972.62,0
1980-10-08T00:00:00+00:00,6972.62,6972.62,6972.62,6972.62,0
1980-10-09T00:00:00+00:00,6972.62,6972.62,6972.62,6972.62,0
1980-10-10T00:00:00+00:00,6972.62,6972.62,6972.62,6972.62,0
1980-10-14T00:00:00+00:00,6972.62,6972.62,6972.62,6972.62,0
1980-10-15T00:00:00+00:00,6972.62,6972.62,6972.62,6972.62,0
1980-10-16T00:00:00+00:00,6972.62,6972.62,6972.62,6972.62,0
1980-10-17T00:00:00+00:00,6972.62,6972.62,6972.62,6972.62,0
1980-10-21T00:00:00+00:00,6972.62,6972.62,6972.62,6972.62,0
1980-10-22T00:00:00+00:00,6972.62,6972.62,6972.62,6972.62,0
1980-10-23T00:00:00+00:00,6972.62,6972.62,6972.62,6972.62,0
1980-10-24T00:00:00+00:00,6972.62,6972.62,6972.62,6972.62,0
1980-10-28T00:00:00+00:00,6972.62,6972.62,6972.62,6972.62,0
1980-10-29T00:00:00+00:00,6972.62,6972.62,6972.62,6972.62,0
1980-10-30T00:00:00+00:00,6972.62,6972.62,6972.62,6972.62,0
1980-10-31T00:00:00+00:00,6972.62,6972.62,6972.62,6972.62,0
1980-11-05T00:00:00+00:00,7149.37,7149.37,7149.37,7149.37,0
1980-11-06T00:00:00+00:00,7149.37,7149.37,7149.37,7149.37,0
1980-11-07T00:00:00+00:00,7149.37,7149.37,7149.37,7149.37,0
1980-11-11T00:00:00+00:00,7149.37,7149.37,7149.37,7149.37,0
1980-11-12T00:00:00+00:00,7149.37,7149.37,7149.37,7149.37,0
1980-11-13T00:00:00+00:00,7149.37,7149.37,7149.37,7149.37,0
1980-11-14T00:00:00+00:00,7149.37,7149.37,7149.37,7149.37,0
1980-11-18T00:00:00+00:00,7149.37,7149.37,7149.37,7149.37,0
1980-11-19T00:00:00+00:00,7149.37,7149.37,7149.37,7149.37,0
1980-11-20T00:00:00+00:00,7149.37,7149.37,7149.37,7149.37,0
1980-11-21T00:00:00+00:00,7149.37,7149.37,7149.37,7149.37,0
1980-11-26T00:00:00+00:00,7145.43,7145.43,7145.43,7145.43,0
1980-11-27T00:00:00+00:00,7145.43,7145.43,7145.43,7145.43,0
1980-11-28T00:00:00+00:00,7145.43,7145.43,7145.43,7145.43,0
1980-12-02T00:00:00+00:00,7145.43,7145.43,7145.43,7145.43,0
1980-12-03T00:00:00+00:00,7145.43,7145.43,7145.43,7145.43,0
1980-12-04T00:00:00+00:00,7145.43,7145.43,7145.43,7145.43,0
1980-12-05T00:00:00+00:00,7145.43,7145.43,7145.43,7145.43,0
1980-12-09T00:00:00+00:00,7145.43,7145.43,7145.43,7145.43,0
1980-12-10T00:00:00+00:00,7145.43,7145.43,7145.43,7145.43,0
1980-12-11T00:00:00+00:00,7145.43,7145.43,7145.43,7145.43,0
1980-12-12T00:00:00+00:00,7145.43,7145.43,7145.43,7145.43,0
1980-12-16T00:00:00+00:00,7145.43,7145.43,7145.43,7145.43,0
1980-12-17T00:00:00+00:00,7145.43,7145.43,7145.43,7145.43,0
1980-12-18T00:00:00+00:00,7145.43,7145.43,7145.43,7145.43,0
1980-12-19T00:00:00+00:00,7145.43,7145.43,7145.43,7145.43,0
1980-12-23T00:00:00+00:00,7145.43,7145.43,7145.43,7145.43,0
1980-12-24T00:00:00+00:00,7145.43,7145.43,7145.43,7145.43,0
1980-12-25T00:00:00+00:00,7042,7042,7042,7042,0
1980-12-26T00:00:00+00:00,7042,7042,7042,7042,0
1981-01-06T00:00:00+00:00,7150.95,7150.95,7150.95,7150.95,0
1981-01-07T00:00:00+00:00,7150.95,7150.95,7150.95,7150.95,0
1981-01-08T00:00:00+00:00,7150.95,7150.95,7150.95,7150.95,0
1981-01-09T00:00:00+00:00,7150.95,7150.95,7150.95,7150.95,0
1981-01-13T00:00:00+00:00,7150.95,7150.95,7150.95,7150.95,0
1981-01-14T00:00:00+00:00,7150.95,7150.95,7150.95,7150.95,0
1981-01-15T00:00:00+00:00,7150.95,7150.95,7150.95,7150.95,0
1981-01-20T00:00:00+00:00,7296.08,7296.08,7296.08,7296.08,0
1981-01-21T00:00:00+00:00,7296.08,7296.08,7296.08,7296.08,0
1981-01-22T00:00:00+00:00,7296.08,7296.08,7296.08,7296.08,0
1981-01-23T00:00:00+00:00,7296.08,7296.08,7296.08,7296.08,0
1981-01-27T00:00:00+00:00,7296.08,7296.08,7296.08,7296.08,0
1981-01-28T00:00:00+00:00,7296.08,7296.08,7296.08,7296.08,0
1981-01-29T00:00:00+00:00,7296.08,7296.08,7296.08,7296.08,0
1981-01-30T00:00:00+00:00,7296.08,7296.08,7296.08,7296.08,0
1981-02-03T00:00:00+00:00,7296.08,7296.08,7296.08,7296.08,0
1981-02-04T00:00:00+00:00,7296.08,7296.08,7296.08,7296.08,0
1981-02-05T00:00:00+00:00,7296.08,7296.08,7296.08,7296.08,0
1981-02-06T00:00:00+00:00,7296.08,7296.08,7296.08,7296.08,0
1981-02-10T00:00:00+00:00,7296.08,7296.08,7296.08,7296.08,0
1981-02-11T00:00:00+00:00,7296.08,7296.08,7296.08,7296.08,0
1981-02-13T00:00:00+00:00,7261.49,7261.49,7261.49,7261.49,0
1981-02-17T00:00:00+00:00,7261.49,7261.49,7261.49,7261.49,0
1981-02-18T00:00:00+00:00,7261.49,7261.49,7261.49,7261.49,0
1981-02-19T00:00:00+00:00,7261.49,7261.49,7261.49,7261.49,0
1981-02-20T00:00:00+00:00,7261.49,7261.49,7261.49,7261.49,0
1981-02-24T00:00:00+00:00,7261.49,7261.49,7261.49,7261.49,0
1981-02-25T00:00:00+00:00,7261.49,7261.49,7261.49,7261.49,0
1981-02-26T00:00:00+00:00,7261.49,7261.49,7261.49,7261.49,0
1981-02-27T00:00:00+00:00,7261.49,7261.49,7261.49,7261.49,0
1981-03-03T00:00:00+00:00,7261.49,7261.49,7261.49,7261.49,0
1981-03-04T00:00:00+00:00,7261.49,7261.49,7261.49,7261.49,0
1981-03-05T00:00:00+00:00,7261.49,7261.49,7261.49,7261.49,0
1981-03-06T00:00:00+00:00,7261.49,7261.49,7261.49,7261.49,0
1981-03-10T00:00:00+00:00,7261.49,7261.49,7261.49,7261.49,0
1981-03-11T00:00:00+00:00,7261.49,7261.49,7261.49,7261.49,0
1981-03-12T00:00:00+00:00,7261.49,7261.49,7261.49,7261.49,0
1981-03-13T00:00:00+00:00,7261.49,7261.49,7261.49,7261.49,0
1981-03-17T00:00:00+00:00,7261.49,7261.49,7261.49,7261.49,0
1981-03-18T00:00:00+00:00,7261.49,7261.49,7261.49,7261.49,0
1981-03-19T00:00:00+00:00,7261.49,7261.49,7261.49,7261.49,0
1981-03-20T00:00:00+00:00,7261.49,7261.49,7261.49,7261.49,0
1981-03-24T00:00:00+00:00,7261.49,7261.49,7261.49,7261.49,0
1981-03-25T00:00:00+00:00,7261.49,7261.49,7261.49,7261.49,0
1981-03-26T00:00:00+00:00,7261.49,7261.49,7261.49,7261.49,0
1981-03-27T00:00:00+00:00,7261.49,7261.49,7261.49,7261.49,0
1981-03-31T00:00:00+00:00,7261.49,7261.49,7261.49,7261.49,0
1981-04-01T00:00:00+00:00,7261.49,7261.49,7261.49,7261.49,0
1981-04-02T00:00:00+00:00,7261.49,7261.49,7261.49,7261.49,0
1981-04-03T00:00:00+00:00,7261.49,7261.49,7261.49,7261.49,0
1981-04-07T00:00:00+00:00,7261.49,7261.49,7261.49,7261.49,0
1981-04-08T00:00:00+00:00,7261.49,7261.49,7261.49,7261.49,0
1981-04-09T00:00:00+00:00,7261.49,7261.49,7261.49,7261.49,0
1981-04-10T00:00:00+00:00,7261.49,7261.49,7261.49,7261.49,0
1981-04-14T00:00:00+00:00,7261.49,7261.49,7261.49,7261.49,0
1981-04-15T00:00:00+00:00,7261.49,7261.49,7261.49,7261.49,0
1981-04-16T00:00:00+00:00,7261.49,7261.49,7261.49,7261.49,0
1981-04-17T00:00:00+00:00,7261.49,7261.49,7261.49,7261.49,0
1981-04-21T00:00:00+00:00,7261.49,7261.49,7261.49,7261.49,0
1981-04-22T00:00:00+00:00,7261.49,7261.49,7261.49,7261.49,0
1981-04-23T00:00:00+00:00,7261.49,7261.49,7261.49,7261.49,0
1981-04-24T00:00:00+00:00,7261.49,7261.49,7261.49,7261.49,0
1981-04-28T00:00:00+00:00,7261.49,7261.49,7261.49,7261.49,0
1981-04-29T00:00:00+00:00,7261.49,7261.49,7261.49,7261.49,0
1981-05-01T00:00:00+00:00,7674.19,7674.19,7674.19,7674.19,0
1981-05-07T00:00:00+00:00,7465.3,7465.3,7465.3,7465.3,0
1981-05-08T00:00:00+00:00,7465.3,7465.3,7465.3,7465.3,0
1981-05-12T00:00:00+00:00,7465.3,7465.3,7465.3,7465.3,0
1981-05-13T00:00:00+00:00,7465.3,7465.3,7465.3,7465.3,0
1981-05-14T00:00:00+00:00,7465.3,7465.3,7465.3,7465.3,0
1981-05-15T00:00:00+00:00,7465.3,7465.3,7465.3,7465.3,0
1981-05-19T00:00:00+00:00,7465.3,7465.3,7465.3,7465.3,0
1981-05-20T00:00:00+00:00,7465.3,7465.3,7465.3,7465.3,0
1981-05-21T00:00:00+00:00,7465.3,7465.3,7465.3,7465.3,0
1981-05-22T00:00:00+00:00,7465.3,7465.3,7465.3,7465.3,0
1981-05-26T00:00:00+00:00,7465.3,7465.3,7465.3,7465.3,0
1981-05-27T00:00:00+00:00,7465.3,7465.3,7465.3,7465.3,0
1981-05-28T00:00:00+00:00,7465.3,7465.3,7465.3,7465.3,0
1981-05-29T00:00:00+00:00,7465.3,7465.3,7465.3,7465.3,0
1981-06-02T00:00:00+00:00,7465.3,7465.3,7465.3,7465.3,0
1981-06-03T00:00:00+00:00,7465.3,7465.3,7465.3,7465.3,0
1981-06-04T00:00:00+00:00,7465.3,7465.3,7465.3,7465.3,0
1981-06-05T00:00:00+00:00,7465.3,7465.3,7465.3,7465.3,0
1981-06-09T00:00:00+00:00,7465.3,7465.3,7465.3,7465.3,0
1981-06-10T00:00:00+00:00,7465.3,7465.3,7465.3,7465.3,0
1981-06-11T00:00:00+00:00,7465.3,7465.3,7465.3,7465.3,0
1981-06-12T00:00:00+00:00,7465.3,7465.3,7465.3,7465.3,0
1981-06-16T00:00:00+00:00,7465.3,7465.3,7465.3,7465.3,0
1981-06-17T00:00:00+00:00,7465.3,7465.3,7465.3,7465.3,0
1981-06-18T00:00:00+00:00,7465.3,7465.3,7465.3,7465.3,0
1981-06-19T00:00:00+00:00,7465.3,7465.3,7465.3,7465.3,0
1981-06-23T00:00:00+00:00,7465.3,7465.3,7465.3,7465.3,0
1981-06-24T00:00:00+00:00,7465.3,7465.3,7465.3,7465.3,0
1981-06-25T00:00:00+00:00,7465.3,7465.3,7465.3,7465.3,0
1981-06-26T00:00:00+00:00,7465.3,7465.3,7465.3,7465.3,0
1981-06-30T00:00:00+00:00,7465.3,7465.3,7465.3,7465.3,0
1981-07-01T00:00:00+00:00,7465.3,7465.3,7465.3,7465.3,0
1981-07-02T00:00:00+00:00,7465.3,7465.3,7465.3,7465.3,0
1981-07-03T00:00:00+00:00,7465.3,7465.3,7465.3,7465.3,0
1981-07-07T00:00:00+00:00,7465.3,7465.3,7465.3,7465.3,0
1981-07-08T00:00:00+00:00,7465.3,7465.3,7465.3,7465.3,0
1981-07-09T00:00:00+00:00,7465.3,7465.3,7465.3,7465.3,0
1981-07-10T00:00:00+00:00,7465.3,7465.3,7465.3,7465.3,0
1981-07-14T00:00:00+00:00,7465.3,7465.3,7465.3,7465.3,0
1981-07-15T00:00:00+00:00,7465.3,7465.3,7465.3,7465.3,0
1981-07-16T00:00:00+00:00,7465.3,7465.3,7465.3,7465.3,0
1981-07-17T00:00:00+00:00,7465.3,7465.3,7465.3,7465.3,0
1981-07-21T00:00:00+00:00,7465.3,7465.3,7465.3,7465.3,0
1981-07-22T00:00:00+00:00,7465.3,7465.3,7465.3,7465.3,0
1981-07-23T00:00:00+00:00,7465.3,7465.3,7465.3,7465.3,0
1981-07-24T00:00:00+00:00,7465.3,7465.3,7465.3,7465.3,0
1981-07-28T00:00:00+00:00,7465.3,7465.3,7465.3,7465.3,0
1981-07-29T00:00:00+00:00,7465.3,7465.3,7465.3,7465.3,0
1981-07-30T00:00:00+00:00,7465.3,7465.3,7465.3,7465.3,0
1981-07-31T00:00:00+00:00,7465.3,7465.3,7465.3,7465.3,0
1981-08-04T00:00:00+00:00,7465.3,7465.3,7465.3,7465.3,0
1981-08-05T00:00:00+00:00,7465.3,7465.3,7465.3,7465.3,0
1981-08-06T00:00:00+00:00,7465.3,7465.3,7465.3,7465.3,0
1981-08-07T00:00:00+00:00,7465.3,7465.3,7465.3,7465.3,0
1981-08-11T00:00:00+00:00,7465.3,7465.3,7465.3,7465.3,0
1981-08-12T00:00:00+00:00,7465.3,7465.3,7465.3,7465.3,0
1981-08-13T00:00:00+00:00,7465.3,7465.3,7465.3,7465.3,0
1981-08-14T00:00:00+00:00,7465.3,7465.3,7465.3,7465.3,0
1981-08-18T00:00:00+00:00,7465.3,7465.3,7465.3,7465.3,0
1981-08-19T00:00:00+00:00,7465.3,7465.3,7465.3,7465.3,0
1981-08-20T00:00:00+00:00,7465.3,7465.3,7465.3,7465.3,0
1981-08-21T00:00:00+00:00,7465.3,7465.3,7465.3,7465.3,0
1981-08-25T00:00:00+00:00,7465.3,7465.3,7465.3,7465.3,0
1981-08-26T00:00:00+00:00,7465.3,7465.3,7465.3,7465.3,0
1981-08-27T00:00:00+00:00,7465.3,7465.3,7465.3,7465.3,0
1981-08-28T00:00:00+00:00,7465.3,7465.3,7465.3,7465.3,0
1981-09-01T00:00:00+00:00,7465.3,7465.3,7465.3,7465.3,0
1981-09-02T00:00:00+00:00,7465.3,7465.3,7465.3,7465.3,0
1981-09-03T00:00:00+00:00,7465.3,7465.3,7465.3,7465.3,0
1981-09-04T00:00:00+00:00,7465.3,7465.3,7465.3,7465.3,0
1981-09-08T00:00:00+00:00,7465.3,7465.3,7465.3,7465.3,0
1981-09-09T00:00:00+00:00,7465.3,7465.3,7465.3,7465.3,0
1981-09-10T00:00:00+00:00,7465.3,7465.3,7465.3,7465.3,0
1981-09-11T00:00:00+00:00,7465.3,7465.3,7465.3,7465.3,0
1981-09-15T00:00:00+00:00,7465.3,7465.3,7465.3,7465.3,0
1981-09-17T00:00:00+00:00,7506.33,7506.33,7506.33,7506.33,0
1981-09-18T00:00:00+00:00,7506.33,7506.33,7506.33,7506.33,0
1981-09-22T00:00:00+00:00,7506.33,7506.33,7506.33,7506.33,0
1981-09-23T00:00:00+00:00,7506.33,7506.33,7506.33,7506.33,0
1981-09-25T00:00:00+00:00,7364.03,7364.03,7364.03,7364.03,0
1981-09-29T00:00:00+00:00,7364.03,7364.03,7364.03,7364.03,0
1981-09-30T00:00:00+00:00,7364.03,7364.03,7364.03,7364.03,0
1981-10-01T00:00:00+00:00,7364.03,7364.03,7364.03,7364.03,0
1981-10-02T00:00:00+00:00,7364.03,7364.03,7364.03,7364.03,0
1981-10-06T00:00:00+00:00,7364.03,7364.03,7364.03,7364.03,0
1981-10-07T00:00:00+00:00,7364.03,7364.03,7364.03,7364.03,0
1981-10-08T00:00:00+00:00,7364.03,7364.03,7364.03,7364.03,0
1981-10-09T00:00:00+00:00,7364.03,7364.03,7364.03,7364.03,0
1981-10-13T00:00:00+00:00,7364.03,7364.03,7364.03,7364.03,0
1981-10-14T00:00:00+00:00,7364.03,7364.03,7364.03,7364.03,0
1981-10-15T00:00:00+00:00,7364.03,7364.03,7364.03,7364.03,0
1981-10-16T00:00:00+00:00,7364.03,7364.03,7364.03,7364.03,0
1981-10-20T00:00:00+00:00,7364.03,7364.03,7364.03,7364.03,0
1981-10-21T00:00:00+00:00,7364.03,7364.03,7364.03,7364.03,0
1981-10-22T00:00:00+00:00,7364.03,7364.03,7364.03,7364.03,0
1981-10-23T00:00:00+00:00,7364.03,7364.03,7364.03,7364.03,0
1981-10-27T00:00:00+00:00,7364.03,7364.03,7364.03,7364.03,0
1981-10-28T00:00:00+00:00,7364.03,7364.03,7364.03,7364.03,0
1981-10-29T00:00:00+00:00,7364.03,7364.03,7364.03,7364.03,0
1981-10-30T00:00:00+00:00,7364.03,7364.03,7364.03,7364.03,0
1981-11-03T00:00:00+00:00,7364.03,7364.03,7364.03,7364.03,0
1981-11-05T00:00:00+00:00,7572.15,7572.15,7572.15,7572.15,0
1981-11-06T00:00:00+00:00,7572.15,7572.15,7572.15,7572.15,0
1981-11-10T00:00:00+00:00,7572.15,7572.15,7572.15,7572.15,0
1981-11-11T00:00:00+00:00,7572.15,7572.15,7572.15,7572.15,0
1981-11-12T00:00:00+00:00,7572.15,7572.15,7572.15,7572.15,0
1981-11-13T00:00:00+00:00,7572.15,7572.15,7572.15,7572.15,0
1981-11-17T00:00:00+00:00,7572.15,7572.15,7572.15,7572.15,0
1981-11-18T00:00:00+00:00,7572.15,7572.15,7572.15,7572.15,0
1981-11-19T00:00:00+00:00,7572.15,7572.15,7572.15,7572.15,0
1981-11-20T00:00:00+00:00,7572.15,7572.15,7572.15,7572.15,0
1981-11-25T00:00:00+00:00,7602.69,7602.69,7602.69,7602.69,0
1981-11-26T00:00:00+00:00,7602.69,7602.69,7602.69,7602.69,0
1981-11-27T00:00:00+00:00,7602.69,7602.69,7602.69,7602.69,0
1981-12-01T00:00:00+00:00,7602.69,7602.69,7602.69,7602.69,0
1981-12-02T00:00:00+00:00,7602.69,7602.69,7602.69,7602.69,0
1981-12-03T00:00:00+00:00,7602.69,7602.69,7602.69,7602.69,0
1981-12-04T00:00:00+00:00,7602.69,7602.69,7602.69,7602.69,0
1981-12-08T00:00:00+00:00,7602.69,7602.69,7602.69,7602.69,0
1981-12-09T00:00:00+00:00,7602.69,7602.69,7602.69,7602.69,0
1981-12-10T00:00:00+00:00,7602.69,7602.69,7602.69,7602.69,0
1981-12-11T00:00:00+00:00,7602.69,7602.69,7602.69,7602.69,0
1981-12-15T00:00:00+00:00,7602.69,7602.69,7602.69,7602.69,0
1981-12-16T00:00:00+00:00,7602.69,7602.69,7602.69,7602.69,0
1981-12-17T00:00:00+00:00,7602.69,7602.69,7602.69,7602.69,0
1981-12-18T00:00:00+00:00,7602.69,7602.69,7602.69,7602.69,0
1981-12-22T00:00:00+00:00,7602.69,7602.69,7602.69,7602.69,0
1981-12-23T00:00:00+00:00,7602.69,7602.69,7602.69,7602.69,0
1981-12-24T00:00:00+00:00,7602.69,7602.69,7602.69,7602.69,0
1981-12-25T00:00:00+00:00,7662.48,7662.48,7662.48,7662.48,0
1981-12-29T00:00:00+00:00,7662.48,7662.48,7662.48,7662.48,0
1982-01-05T00:00:00+00:00,7718.84,7718.84,7718.84,7718.84,0
1982-01-06T00:00:00+00:00,7718.84,7718.84,7718.84,7718.84,0
1982-01-07T00:00:00+00:00,7718.84,7718.84,7718.84,7718.84,0
1982-01-08T00:00:00+00:00,7718.84,7718.84,7718.84,7718.84,0
1982-01-12T00:00:00+00:00,7718.84,7718.84,7718.84,7718.84,0
1982-01-13T00:00:00+00:00,7718.84,7718.84,7718.84,7718.84,0
1982-01-14T00:00:00+00:00,7718.84,7718.84,7718.84,7718.84,0
1982-01-15T00:00:00+00:00,7718.84,7718.84,7718.84,7718.84,0
1982-01-19T00:00:00+00:00,7718.84,7718.84,7718.84,7718.84,0
1982-01-20T00:00:00+00:00,7718.84,7718.84,7718.84,7718.84,0
1982-01-21T00:00:00+00:00,7718.84,7718.84,7718.84,7718.84,0
1982-01-22T00:00:00+00:00,7718.84,7718.84,7718.84,7718.84,0
1982-01-26T00:00:00+00:00,7718.84,7718.84,7718.84,7718.84,0
1982-01-27T00:00:00+00:00,7718.84,7718.84,7718.84,7718.84,0
1982-01-28T00:00:00+00:00,7718.84,7718.84,7718.84,7718.84,0
1982-01-29T00:00:00+00:00,7718.84,7718.84,7718.84,7718.84,0
1982-02-02T00:00:00+00:00,7718.84,7718.84,7718.84,7718.84,0
1982-02-03T00:00:00+00:00,7718.84,7718.84,7718.84,7718.84,0
1982-02-04T00:00:00+00:00,7718.84,7718.84,7718.84,7718.84,0
1982-02-05T00:00:00+00:00,7718.84,7718.84,7718.84,7718.84,0
1982-02-09T00:00:00+00:00,7718.84,7718.84,7718.84,7718.84,0
1982-02-10T00:00:00+00:00,7718.84,7718.84,7718.84,7718.84,0
1982-02-11T00:00:00+00:00,7718.84,7718.84,7718.84,7718.84,0
1982-02-16T00:00:00+00:00,7694.18,7694.18,7694.18,7694.18,0
1982-02-17T00:00:00+00:00,7694.18,7694.18,7694.18,7694.18,0
1982-02-18T00:00:00+00:00,7694.18,7694.18,7694.18,7694.18,0
1982-02-19T00:00:00+00:00,7694.18,7694.18,7694.18,7694.18,0
1982-02-23T00:00:00+00:00,7694.18,7694.18,7694.18,7694.18,0
1982-02-24T00:00:00+00:00,7694.18,7694.18,7694.18,7694.18,0
1982-02-25T00:00:00+00:00,7694.18,7694.18,7694.18,7694.18,0
1982-02-26T00:00:00+00:00,7694.18,7694.18,7694.18,7694.18,0
1982-03-02T00:00:00+00:00,7694.18,7694.18,7694.18,7694.18,0
1982-03-03T00:00:00+00:00,7694.18,7694.18,7694.18,7694.18,0
1982-03-04T00:00:00+00:00,7694.18,7694.18,7694.18,7694.18,0
1982-03-05T00:00:00+00:00,7694.18,7694.18,7694.18,7694.18,0
1982-03-09T00:00:00+00:00,7694.18,7694.18,7694.18,7694.18,0
1982-03-10T00:00:00+00:00,7694.18,7694.18,7694.18,7694.18,0
1982-03-11T00:00:00+00:00,7694.18,7694.18,7694.18,7694.18,0
1982-03-12T00:00:00+00:00,7694.18,7694.18,7694.18,7694.18,0
1982-03-16T00:00:00+00:00,7694.18,7694.18,7694.18,7694.18,0
1982-03-17T00:00:00+00:00,7694.18,7694.18,7694.18,7694.18,0
1982-03-18T00:00:00+00:00,7694.18,7694.18,7694.18,7694.18,0
1982-03-19T00:00:00+00:00,7694.18,7694.18,7694.18,7694.18,0
1982-03-24T00:00:00+00:00,7097.8,7097.8,7097.8,7097.8,0
1982-03-25T00:00:00+00:00,7097.8,7097.8,7097.8,7097.8,0
1982-03-26T00:00:00+00:00,7097.8,7097.8,7097.8,7097.8,0
1982-03-30T00:00:00+00:00,7097.8,7097.8,7097.8,7097.8,0
1982-03-31T00:00:00+00:00,7097.8,7097.8,7097.8,7097.8,0
1982-04-01T00:00:00+00:00,7097.8,7097.8,7097.8,7097.8,0
1982-04-02T00:00:00+00:00,7097.8,7097.8,7097.8,7097.8,0
1982-04-06T00:00:00+00:00,7097.8,7097.8,7097.8,7097.8,0
1982-04-07T00:00:00+00:00,7097.8,7097.8,7097.8,7097.8,0
1982-04-08T00:00:00+00:00,7097.8,7097.8,7097.8,7097.8,0
1982-04-09T00:00:00+00:00,7097.8,7097.8,7097.8,7097.8,0
1982-04-13T00:00:00+00:00,7097.8,7097.8,7097.8,7097.8,0
1982-04-14T00:00:00+00:00,7097.8,7097.8,7097.8,7097.8,0
1982-04-15T00:00:00+00:00,7097.8,7097.8,7097.8,7097.8,0
1982-04-16T00:00:00+00:00,7097.8,7097.8,7097.8,7097.8,0
1982-04-20T00:00:00+00:00,7097.8,7097.8,7097.8,7097.8,0
1982-04-21T00:00:00+00:00,7097.8,7097.8,7097.8,7097.8,0
1982-04-22T00:00:00+00:00,7097.8,7097.8,7097.8,7097.8,0
1982-04-23T00:00:00+00:00,7097.8,7097.8,7097.8,7097.8,0
1982-04-27T00:00:00+00:00,7097.8,7097.8,7097.8,7097.8,0
1982-04-28T00:00:00+00:00,7097.8,7097.8,7097.8,7097.8,0
1982-04-29T00:00:00+00:00,7097.8,7097.8,7097.8,7097.8,0
1982-05-05T00:00:00+00:00,7457.11,7457.11,7457.11,7457.11,0
1982-05-07T00:00:00+00:00,7517.78,7517.78,7517.78,7517.78,0
1982-05-11T00:00:00+00:00,7517.78,7517.78,7517.78,7517.78,0
1982-05-12T00:00:00+00:00,7517.78,7517.78,7517.78,7517.78,0
1982-05-13T00:00:00+00:00,7517.78,7517.78,7517.78,7517.78,0
1982-05-14T00:00:00+00:00,7517.78,7517.78,7517.78,7517.78,0
1982-05-18T00:00:00+00:00,7517.78,7517.78,7517.78,7517.78,0
1982-05-19T00:00:00+00:00,7517.78,7517.78,7517.78,7517.78,0
1982-05-20T00:00:00+00:00,7517.78,7517.78,7517.78,7517.78,0
1982-05-21T00:00:00+00:00,7517.78,7517.78,7517.78,7517.78,0
1982-05-25T00:00:00+00:00,7517.78,7517.78,7517.78,7517.78,0
1982-05-26T00:00:00+00:00,7517.78,7517.78,7517.78,7517.78,0
1982-05-27T00:00:00+00:00,7517.78,7517.78,7517.78,7517.78,0
1982-05-28T00:00:00+00:00,7517.78,7517.78,7517.78,7517.78,0
1982-06-01T00:00:00+00:00,7517.78,7517.78,7517.78,7517.78,0
1982-06-02T00:00:00+00:00,7517.78,7517.78,7517.78,7517.78,0
1982-06-03T00:00:00+00:00,7517.78,7517.78,7517.78,7517.78,0
1982-06-04T00:00:00+00:00,7517.78,7517.78,7517.78,7517.78,0
1982-06-08T00:00:00+00:00,7517.78,7517.78,7517.78,7517.78,0
1982-06-09T00:00:00+00:00,7517.78,7517.78,7517.78,7517.78,0
1982-06-10T00:00:00+00:00,7517.78,7517.78,7517.78,7517.78,0
1982-06-11T00:00:00+00:00,7517.78,7517.78,7517.78,7517.78,0
1982-06-15T00:00:00+00:00,7517.78,7517.78,7517.78,7517.78,0
1982-06-16T00:00:00+00:00,7517.78,7517.78,7517.78,7517.78,0
1982-06-17T00:00:00+00:00,7517.78,7517.78,7517.78,7517.78,0
1982-06-18T00:00:00+00:00,7517.78,7517.78,7517.78,7517.78,0
1982-06-22T00:00:00+00:00,7517.78,7517.78,7517.78,7517.78,0
1982-06-23T00:00:00+00:00,7517.78,7517.78,7517.78,7517.78,0
1982-06-24T00:00:00+00:00,7517.78,7517.78,7517.78,7517.78,0
1982-06-25T00:00:00+00:00,7517.78,7517.78,7517.78,7517.78,0
1982-06-29T00:00:00+00:00,7517.78,7517.78,7517.78,7517.78,0
1982-06-30T00:00:00+00:00,7517.78,7517.78,7517.78,7517.78,0
1982-07-01T00:00:00+00:00,7517.78,7517.78,7517.78,7517.78,0
1982-07-02T00:00:00+00:00,7517.78,7517.78,7517.78,7517.78,0
1982-07-06T00:00:00+00:00,7517.78,7517.78,7517.78,7517.78,0
1982-07-07T00:00:00+00:00,7517.78,7517.78,7517.78,7517.78,0
1982-07-08T00:00:00+00:00,7517.78,7517.78,7517.78,7517.78,0
1982-07-09T00:00:00+00:00,7517.78,7517.78,7517.78,7517.78,0
1982-07-13T00:00:00+00:00,7517.78,7517.78,7517.78,7517.78,0
1982-07-14T00:00:00+00:00,7517.78,7517.78,7517.78,7517.78,0
1982-07-15T00:00:00+00:00,7517.78,7517.78,7517.78,7517.78,0
1982-07-16T00:00:00+00:00,7517.78,7517.78,7517.78,7517.78,0
1982-07-20T00:00:00+00:00,7517.78,7517.78,7517.78,7517.78,0
1982-07-21T00:00:00+00:00,7517.78,7517.78,7517.78,7517.78,0
1982-07-22T00:00:00+00:00,7517.78,7517.78,7517.78,7517.78,0
1982-07-23T00:00:00+00:00,7517.78,7517.78,7517.78,7517.78,0
1982-07-27T00:00:00+00:00,7517.78,7517.78,7517.78,7517.78,0
1982-07-28T00:00:00+00:00,7517.78,7517.78,7517.78,7517.78,0
1982-07-29T00:00:00+00:00,7517.78,7517.78,7517.78,7517.78,0
1982-07-30T00:00:00+00:00,7517.78,7517.78,7517.78,7517.78,0
1982-08-03T00:00:00+00:00,7517.78,7517.78,7517.78,7517.78,0
1982-08-04T00:00:00+00:00,7517.78,7517.78,7517.78,7517.78,0
1982-08-05T00:00:00+00:00,7517.78,7517.78,7517.78,7517.78,0
1982-08-06T00:00:00+00:00,7517.78,7517.78,7517.78,7517.78,0
1982-08-10T00:00:00+00:00,7517.78,7517.78,7517.78,7517.78,0
1982-08-11T00:00:00+00:00,7517.78,7517.78,7517.78,7517.78,0
1982-08-12T00:00:00+00:00,7517.78,7517.78,7517.78,7517.78,0
1982-08-13T00:00:00+00:00,7517.78,7517.78,7517.78,7517.78,0
1982-08-17T00:00:00+00:00,7517.78,7517.78,7517.78,7517.78,0
1982-08-18T00:00:00+00:00,7517.78,7517.78,7517.78,7517.78,0
1982-08-19T00:00:00+00:00,7517.78,7517.78,7517.78,7517.78,0
1982-08-20T00:00:00+00:00,7517.78,7517.78,7517.78,7517.78,0
1982-08-24T00:00:00+00:00,7517.78,7517.78,7517.78,7517.78,0
1982-08-25T00:00:00+00:00,7517.78,7517.78,7517.78,7517.78,0
1982-08-26T00:00:00+00:00,7517.78,7517.78,7517.78,7517.78,0
1982-08-27T00:00:00+00:00,7517.78,7517.78,7517.78,7517.78,0
1982-08-31T00:00:00+00:00,7517.78,7517.78,7517.78,7517.78,0
1982-09-01T00:00:00+00:00,7517.78,7517.78,7517.78,7517.78,0
1982-09-02T00:00:00+00:00,7517.78,7517.78,7517.78,7517.78,0
1982-09-03T00:00:00+00:00,7517.78,7517.78,7517.78,7517.78,0
1982-09-07T00:00:00+00:00,7517.78,7517.78,7517.78,7517.78,0
1982-09-08T00:00:00+00:00,7517.78,7517.78,7517.78,7517.78,0
1982-09-09T00:00:00+00:00,7517.78,7517.78,7517.78,7517.78,0
1982-09-10T00:00:00+00:00,7517.78,7517.78,7517.78,7517.78,0
1982-09-14T00:00:00+00:00,7517.78,7517.78,7517.78,7517.78,0
1982-09-15T00:00:00+00:00,7517.78,7517.78,7517.78,7517.78,0
1982-09-17T00:00:00+00:00,7087.9,7087.9,7087.9,7087.9,0
1982-09-21T00:00:00+00:00,7087.9,7087.9,7087.9,7087.9,0
1982-09-22T00:00:00+00:00,7087.9,7087.9,7087.9,7087.9,0
1982-09-23T00:00:00+00:00,7087.9,7087.9,7087.9,7087.9,0
1982-09-28T00:00:00+00:00,6975.5,6975.5,6975.5,6975.5,0
1982-09-29T00:00:00+00:00,6975.5,6975.5,6975.5,6975.5,0
1982-09-30T00:00:00+00:00,6975.5,6975.5,6975.5,6975.5,0
1982-10-01T00:00:00+00:00,6975.5,6975.5,6975.5,6975.5,0
1982-10-05T00:00:00+00:00,6975.5,6975.5,6975.5,6975.5,0
1982-10-06T00:00:00+00:00,6975.5,6975.5,6975.5,6975.5,0
1982-10-07T00:00:00+00:00,6975.5,6975.5,6975.5,6975.5,0
1982-10-08T00:00:00+00:00,6975.5,6975.5,6975.5,6975.5,0
1982-10-13T00:00:00+00:00,7413.25,7413.25,7413.25,7413.25,0
1982-10-14T00:00:00+00:00,7413.25,7413.25,7413.25,7413.25,0
1982-10-15T00:00:00+00:00,7413.25,7413.25,7413.25,7413.25,0
1982-10-19T00:00:00+00:00,7413.25,7413.25,7413.25,7413.25,0
1982-10-20T00:00:00+00:00,7413.25,7413.25,7413.25,7413.25,0
1982-10-21T00:00:00+00:00,7413.25,7413.25,7413.25,7413.25,0
1982-10-22T00:00:00+00:00,7413.25,7413.25,7413.25,7413.25,0
1982-10-26T00:00:00+00:00,7413.25,7413.25,7413.25,7413.25,0
1982-10-27T00:00:00+00:00,7413.25,7413.25,7413.25,7413.25,0
1982-10-28T00:00:00+00:00,7413.25,7413.25,7413.25,7413.25,0
1982-10-29T00:00:00+00:00,7413.25,7413.25,7413.25,7413.25,0
1982-11-02T00:00:00+00:00,7413.25,7413.25,7413.25,7413.25,0
1982-11-03T00:00:00+00:00,7413.25,7413.25,7413.25,7413.25,0
1982-11-05T00:00:00+00:00,7515.9,7515.9,7515.9,7515.9,0
1982-11-09T00:00:00+00:00,7515.9,7515.9,7515.9,7515.9,0
1982-11-10T00:00:00+00:00,7515.9,7515.9,7515.9,7515.9,0
1982-11-11T00:00:00+00:00,7515.9,7515.9,7515.9,7515.9,0
1982-11-12T00:00:00+00:00,7515.9,7515.9,7515.9,7515.9,0
1982-11-16T00:00:00+00:00,7515.9,7515.9,7515.9,7515.9,0
1982-11-17T00:00:00+00:00,7515.9,7515.9,7515.9,7515.9,0
1982-11-18T00:00:00+00:00,7515.9,7515.9,7515.9,7515.9,0
1982-11-19T00:00:00+00:00,7515.9,7515.9,7515.9,7515.9,0
1982-11-23T00:00:00+00:00,7515.9,7515.9,7515.9,7515.9,0
1982-11-25T00:00:00+00:00,7846.77,7846.77,7846.77,7846.77,0
1982-11-26T00:00:00+00:00,7846.77,7846.77,7846.77,7846.77,0
1982-11-30T00:00:00+00:00,7846.77,7846.77,7846.77,7846.77,0
1982-12-01T00:00:00+00:00,7846.77,7846.77,7846.77,7846.77,0
1982-12-02T00:00:00+00:00,7846.77,7846.77,7846.77,7846.77,0
1982-12-03T00:00:00+00:00,7846.77,7846.77,7846.77,7846.77,0
1982-12-07T00:00:00+00:00,7846.77,7846.77,7846.77,7846.77,0
1982-12-08T00:00:00+00:00,7846.77,7846.77,7846.77,7846.77,0
1982-12-09T00:00:00+00:00,7846.77,7846.77,7846.77,7846.77,0
1982-12-10T00:00:00+00:00,7846.77,7846.77,7846.77,7846.77,0
1982-12-14T00:00:00+00:00,7846.77,7846.77,7846.77,7846.77,0
1982-12-15T00:00:00+00:00,7846.77,7846.77,7846.77,7846.77,0
1982-12-16T00:00:00+00:00,7846.77,7846.77,7846.77,7846.77,0
1982-12-17T00:00:00+00:00,7846.77,7846.77,7846.77,7846.77,0
1982-12-21T00:00:00+00:00,7846.77,7846.77,7846.77,7846.77,0
1982-12-22T00:00:00+00:00,7846.77,7846.77,7846.77,7846.77,0
1982-12-23T00:00:00+00:00,7846.77,7846.77,7846.77,7846.77,0
1982-12-24T00:00:00+00:00,7846.77,7846.77,7846.77,7846.77,0
1982-12-28T00:00:00+00:00,7846.77,7846.77,7846.77,7846.77,0
1982-12-29T00:00:00+00:00,7846.77,7846.77,7846.77,7846.77,0
1983-01-05T00:00:00+00:00,8021.4,8021.4,8021.4,8021.4,0
1983-01-06T00:00:00+00:00,8021.4,8021.4,8021.4,8021.4,0
1983-01-07T00:00:00+00:00,8021.4,8021.4,8021.4,8021.4,0
1983-01-11T00:00:00+00:00,8021.4,8021.4,8021.4,8021.4,0
1983-01-12T00:00:00+00:00,8021.4,8021.4,8021.4,8021.4,0
1983-01-13T00:00:00+00:00,8021.4,8021.4,8021.4,8021.4,0
1983-01-14T00:00:00+00:00,8021.4,8021.4,8021.4,8021.4,0
1983-01-18T00:00:00+00:00,8021.4,8021.4,8021.4,8021.4,0
1983-01-19T00:00:00+00:00,8021.4,8021.4,8021.4,8021.4,0
1983-01-20T00:00:00+00:00,8021.4,8021.4,8021.4,8021.4,0
1983-01-21T00:00:00+00:00,8021.4,8021.4,8021.4,8021.4,0
1983-01-25T00:00:00+00:00,8021.4,8021.4,8021.4,8021.4,0
1983-01-26T00:00:00+00:00,8021.4,8021.4,8021.4,8021.4,0
1983-01-27T00:00:00+00:00,8021.4,8021.4,8021.4,8021.4,0
1983-01-28T00:00:00+00:00,8021.4,8021.4,8021.4,8021.4,0
1983-02-01T00:00:00+00:00,8021.4,8021.4,8021.4,8021.4,0
1983-02-02T00:00:00+00:00,8021.4,8021.4,8021.4,8021.4,0
1983-02-03T00:00:00+00:00,8021.4,8021.4,8021.4,8021.4,0
1983-02-04T00:00:00+00:00,8021.4,8021.4,8021.4,8021.4,0
1983-02-08T00:00:00+00:00,8021.4,8021.4,8021.4,8021.4,0
1983-02-09T00:00:00+00:00,8021.4,8021.4,8021.4,8021.4,0
1983-02-10T00:00:00+00:00,8021.4,8021.4,8021.4,8021.4,0
1983-02-11T00:00:00+00:00,8021.4,8021.4,8021.4,8021.4,0
1983-02-15T00:00:00+00:00,8021.4,8021.4,8021.4,8021.4,0
1983-02-16T00:00:00+00:00,8021.4,8021.4,8021.4,8021.4,0
1983-02-17T00:00:00+00:00,8021.4,8021.4,8021.4,8021.4,0
1983-02-18T00:00:00+00:00,8021.4,8021.4,8021.4,8021.4,0
1983-02-22T00:00:00+00:00,8021.4,8021.4,8021.4,8021.4,0
1983-02-23T00:00:00+00:00,8021.4,8021.4,8021.4,8021.4,0
1983-02-24T00:00:00+00:00,8021.4,8021.4,8021.4,8021.4,0
1983-02-25T00:00:00+00:00,8021.4,8021.4,8021.4,8021.4,0
1983-03-01T00:00:00+00:00,8021.4,8021.4,8021.4,8021.4,0
1983-03-02T00:00:00+00:00,8021.4,8021.4,8021.4,8021.4,0
1983-03-03T00:00:00+00:00,8021.4,8021.4,8021.4,8021.4,0
1983-03-04T00:00:00+00:00,8021.4,8021.4,8021.4,8021.4,0
1983-03-08T00:00:00+00:00,8021.4,8021.4,8021.4,8021.4,0
1983-03-09T00:00:00+00:00,8021.4,8021.4,8021.4,8021.4,0
1983-03-10T00:00:00+00:00,8021.4,8021.4,8021.4,8021.4,0
1983-03-11T00:00:00+00:00,8021.4,8021.4,8021.4,8021.4,0
1983-03-15T00:00:00+00:00,8021.4,8021.4,8021.4,8021.4,0
1983-03-16T00:00:00+00:00,8021.4,8021.4,8021.4,8021.4,0
1983-03-17T00:00:00+00:00,8021.4,8021.4,8021.4,8021.4,0
1983-03-18T00:00:00+00:00,8021.4,8021.4,8021.4,8021.4,0
1983-03-23T00:00:00+00:00,8281.59,8281.59,8281.59,8281.59,0
1983-03-24T00:00:00+00:00,8281.59,8281.59,8281.59,8281.59,0
1983-03-25T00:00:00+00:00,8281.59,8281.59,8281.59,8281.59,0
1983-03-29T00:00:00+00:00,8281.59,8281.59,8281.59,8281.59,0
1983-03-30T00:00:00+00:00,8281.59,8281.59,8281.59,8281.59,0
1983-03-31T00:00:00+00:00,8281.59,8281.59,8281.59,8281.59,0
1983-04-01T00:00:00+00:00,8281.59,8281.59,8281.59,8281.59,0
1983-04-05T00:00:00+00:00,8281.59,8281.59,8281.59,8281.59,0
1983-04-06T00:00:00+00:00,8281.59,8281.59,8281.59,8281.59,0
1983-04-07T00:00:00+00:00,8281.59,8281.59,8281.59,8281.59,0
1983-04-08T00:00:00+00:00,8281.59,8281.59,8281.59,8281.59,0
1983-04-12T00:00:00+00:00,8281.59,8281.59,8281.59,8281.59,0
1983-04-13T00:00:00+00:00,8281.59,8281.59,8281.59,8281.59,0
1983-04-14T00:00:00+00:00,8281.59,8281.59,8281.59,8281.59,0
1983-04-15T00:00:00+00:00,8281.59,8281.59,8281.59,8281.59,0
1983-04-19T00:00:00+00:00,8281.59,8281.59,8281.59,8281.59,0
1983-04-20T00:00:00+00:00,8281.59,8281.59,8281.59,8281.59,0
1983-04-21T00:00:00+00:00,8281.59,8281.59,8281.59,8281.59,0
1983-04-22T00:00:00+00:00,8281.59,8281.59,8281.59,8281.59,0
1983-04-26T00:00:00+00:00,8281.59,8281.59,8281.59,8281.59,0
1983-04-27T00:00:00+00:00,8281.59,8281.59,8281.59,8281.59,0
1983-04-28T00:00:00+00:00,8281.59,8281.59,8281.59,8281.59,0
1983-04-29T00:00:00+00:00,8281.59,8281.59,8281.59,8281.59,0
1983-05-03T00:00:00+00:00,8281.59,8281.59,8281.59,8281.59,0
1983-05-05T00:00:00+00:00,8663.04,8663.04,8663.04,8663.04,0
1983-05-10T00:00:00+00:00,8719.88,8719.88,8719.88,8719.88,0
1983-05-11T00:00:00+00:00,8719.88,8719.88,8719.88,8719.88,0
1983-05-12T00:00:00+00:00,8719.88,8719.88,8719.88,8719.88,0
1983-05-13T00:00:00+00:00,8719.88,8719.88,8719.88,8719.88,0
1983-05-17T00:00:00+00:00,8719.88,8719.88,8719.88,8719.88,0
1983-05-18T00:00:00+00:00,8719.88,8719.88,8719.88,8719.88,0
1983-05-19T00:00:00+00:00,8719.88,8719.88,8719.88,8719.88,0
1983-05-20T00:00:00+00:00,8719.88,8719.88,8719.88,8719.88,0
1983-05-24T00:00:00+00:00,8719.88,8719.88,8719.88,8719.88,0
1983-05-25T00:00:00+00:00,8719.88,8719.88,8719.88,8719.88,0
1983-05-26T00:00:00+00:00,8719.88,8719.88,8719.88,8719.88,0
1983-05-27T00:00:00+00:00,8719.88,8719.88,8719.88,8719.88,0
1983-05-31T00:00:00+00:00,8719.88,8719.88,8719.88,8719.88,0
1983-06-01T00:00:00+00:00,8719.88,8719.88,8719.88,8719.88,0
1983-06-02T00:00:00+00:00,8719.88,8719.88,8719.88,8719.88,0
1983-06-03T00:00:00+00:00,8719.88,8719.88,8719.88,8719.88,0
1983-06-07T00:00:00+00:00,8719.88,8719.88,8719.88,8719.88,0
1983-06-08T00:00:00+00:00,8719.88,8719.88,8719.88,8719.88,0
1983-06-09T00:00:00+00:00,8719.88,8719.88,8719.88,8719.88,0
1983-06-10T00:00:00+00:00,8719.88,8719.88,8719.88,8719.88,0
1983-06-14T00:00:00+00:00,8719.88,8719.88,8719.88,8719.88,0
1983-06-15T00:00:00+00:00,8719.88,8719.88,8719.88,8719.88,0
1983-06-16T00:00:00+00:00,8719.88,8719.88,8719.88,8719.88,0
1983-06-17T00:00:00+00:00,8719.88,8719.88,8719.88,8719.88,0
1983-06-21T00:00:00+00:00,8719.88,8719.88,8719.88,8719.88,0
1983-06-22T00:00:00+00:00,8719.88,8719.88,8719.88,8719.88,0
1983-06-23T00:00:00+00:00,8719.88,8719.88,8719.88,8719.88,0
1983-06-24T00:00:00+00:00,8719.88,8719.88,8719.88,8719.88,0
1983-06-28T00:00:00+00:00,8719.88,8719.88,8719.88,8719.88,0
1983-06-29T00:00:00+00:00,8719.88,8719.88,8719.88,8719.88,0
1983-06-30T00:00:00+00:00,8719.88,8719.88,8719.88,8719.88,0
1983-07-01T00:00:00+00:00,8719.88,8719.88,8719.88,8719.88,0
1983-07-05T00:00:00+00:00,8719.88,8719.88,8719.88,8719.88,0
1983-07-06T00:00:00+00:00,8719.88,8719.88,8719.88,8719.88,0
1983-07-07T00:00:00+00:00,8719.88,8719.88,8719.88,8719.88,0
1983-07-08T00:00:00+00:00,8719.88,8719.88,8719.88,8719.88,0
1983-07-12T00:00:00+00:00,8719.88,8719.88,8719.88,8719.88,0
1983-07-13T00:00:00+00:00,8719.88,8719.88,8719.88,8719.88,0
1983-07-14T00:00:00+00:00,8719.88,8719.88,8719.88,8719.88,0
1983-07-15T00:00:00+00:00,8719.88,8719.88,8719.88,8719.88,0
1983-07-19T00:00:00+00:00,8719.88,8719.88,8719.88,8719.88,0
1983-07-20T00:00:00+00:00,8719.88,8719.88,8719.88,8719.88,0
1983-07-21T00:00:00+00:00,8719.88,8719.88,8719.88,8719.88,0
1983-07-22T00:00:00+00:00,8719.88,8719.88,8719.88,8719.88,0
1983-07-26T00:00:00+00:00,8719.88,8719.88,8719.88,8719.88,0
1983-07-27T00:00:00+00:00,8719.88,8719.88,8719.88,8719.88,0
1983-07-28T00:00:00+00:00,8719.88,8719.88,8719.88,8719.88,0
1983-07-29T00:00:00+00:00,8719.88,8719.88,8719.88,8719.88,0
1983-08-02T00:00:00+00:00,8719.88,8719.88,8719.88,8719.88,0
1983-08-03T00:00:00+00:00,8719.88,8719.88,8719.88,8719.88,0
1983-08-04T00:00:00+00:00,8719.88,8719.88,8719.88,8719.88,0
1983-08-05T00:00:00+00:00,8719.88,8719.88,8719.88,8719.88,0
1983-08-09T00:00:00+00:00,8719.88,8719.88,8719.88,8719.88,0
1983-08-10T00:00:00+00:00,8719.88,8719.88,8719.88,8719.88,0
1983-08-11T00:00:00+00:00,8719.88,8719.88,8719.88,8719.88,0
1983-08-12T00:00:00+00:00,8719.88,8719.88,8719.88,8719.88,0
1983-08-16T00:00:00+00:00,8719.88,8719.88,8719.88,8719.88,0
1983-08-17T00:00:00+00:00,8719.88,8719.88,8719.88,8719.88,0
1983-08-18T00:00:00+00:00,8719.88,8719.88,8719.88,8719.88,0
1983-08-19T00:00:00+00:00,8719.88,8719.88,8719.88,8719.88,0
1983-08-23T00:00:00+00:00,8719.88,8719.88,8719.88,8719.88,0
1983-08-24T00:00:00+00:00,8719.88,8719.88,8719.88,8719.88,0
1983-08-25T00:00:00+00:00,8719.88,8719.88,8719.88,8719.88,0
1983-08-26T00:00:00+00:00,8719.88,8719.88,8719.88,8719.88,0
1983-08-30T00:00:00+00:00,8719.88,8719.88,8719.88,8719.88,0
1983-08-31T00:00:00+00:00,8719.88,8719.88,8719.88,8719.88,0
1983-09-01T00:00:00+00:00,8719.88,8719.88,8719.88,8719.88,0
1983-09-02T00:00:00+00:00,8719.88,8719.88,8719.88,8719.88,0
1983-09-06T00:00:00+00:00,8719.88,8719.88,8719.88,8719.88,0
1983-09-07T00:00:00+00:00,8719.88,8719.88,8719.88,8719.88,0
1983-09-08T00:00:00+00:00,8719.88,8719.88,8719.88,8719.88,0
1983-09-09T00:00:00+00:00,8719.88,8719.88,8719.88,8719.88,0
1983-09-13T00:00:00+00:00,8719.88,8719.88,8719.88,8719.88,0
1983-09-14T00:00:00+00:00,8719.88,8719.88,8719.88,8719.88,0
1983-09-15T00:00:00+00:00,8719.88,8719.88,8719.88,8719.88,0
1983-09-20T00:00:00+00:00,9141.25,9141.25,9141.25,9141.25,0
1983-09-21T00:00:00+00:00,9141.25,9141.25,9141.25,9141.25,0
1983-09-22T00:00:00+00:00,9141.25,9141.25,9141.25,9141.25,0
1983-09-23T00:00:00+00:00,9141.25,9141.25,9141.25,9141.25,0
1983-09-27T00:00:00+00:00,9141.25,9141.25,9141.25,9141.25,0
1983-09-28T00:00:00+00:00,9141.25,9141.25,9141.25,9141.25,0
1983-09-29T00:00:00+00:00,9141.25,9141.25,9141.25,9141.25,0
1983-09-30T00:00:00+00:00,9141.25,9141.25,9141.25,9141.25,0
1983-10-04T00:00:00+00:00,9141.25,9141.25,9141.25,9141.25,0
1983-10-05T00:00:00+00:00,9141.25,9141.25,9141.25,9141.25,0
1983-10-06T00:00:00+00:00,9141.25,9141.25,9141.25,9141.25,0
1983-10-07T00:00:00+00:00,9141.25,9141.25,9141.25,9141.25,0
1983-10-12T00:00:00+00:00,9493.09,9493.09,9493.09,9493.09,0
1983-10-13T00:00:00+00:00,9493.09,9493.09,9493.09,9493.09,0
1983-10-14T00:00:00+00:00,9493.09,9493.09,9493.09,9493.09,0
1983-10-18T00:00:00+00:00,9493.09,9493.09,9493.09,9493.09,0
1983-10-19T00:00:00+00:00,9493.09,9493.09,9493.09,9493.09,0
1983-10-20T00:00:00+00:00,9493.09,9493.09,9493.09,9493.09,0
1983-10-21T00:00:00+00:00,9493.09,9493.09,9493.09,9493.09,0
1983-10-25T00:00:00+00:00,9493.09,9493.09,9493.09,9493.09,0
1983-10-26T00:00:00+00:00,9493.09,9493.09,9493.09,9493.09,0
1983-10-27T00:00:00+00:00,9493.09,9493.09,9493.09,9493.09,0
1983-10-28T00:00:00+00:00,9493.09,9493.09,9493.09,9493.09,0
1983-11-01T00:00:00+00:00,9493.09,9493.09,9493.09,9493.09,0
1983-11-02T00:00:00+00:00,9493.09,9493.09,9493.09,9493.09,0
1983-11-03T00:00:00+00:00,9493.09,9493.09,9493.09,9493.09,0
1983-11-08T00:00:00+00:00,9316.21,9316.21,9316.21,9316.21,0
1983-11-09T00:00:00+00:00,9316.21,9316.21,9316.21,9316.21,0
1983-11-10T00:00:00+00:00,9316.21,9316.21,9316.21,9316.21,0
1983-11-11T00:00:00+00:00,9316.21,9316.21,9316.21,9316.21,0
1983-11-15T00:00:00+00:00,9316.21,9316.21,9316.21,9316.21,0
1983-11-16T00:00:00+00:00,9316.21,9316.21,9316.21,9316.21,0
1983-11-17T00:00:00+00:00,9316.21,9316.21,9316.21,9316.21,0
1983-11-18T00:00:00+00:00,9316.21,9316.21,9316.21,9316.21,0
1983-11-22T00:00:00+00:00,9316.21,9316.21,9316.21,9316.21,0
1983-11-23T00:00:00+00:00,9316.21,9316.21,9316.21,9316.21,0
1983-11-25T00:00:00+00:00,9373.54,9373.54,9373.54,9373.54,0
1983-11-29T00:00:00+00:00,9373.54,9373.54,9373.54,9373.54,0
1983-11-30T00:00:00+00:00,9373.54,9373.54,9373.54,9373.54,0
1983-12-01T00:00:00+00:00,9373.54,9373.54,9373.54,9373.54,0
1983-12-02T00:00:00+00:00,9373.54,9373.54,9373.54,9373.54,0
1983-12-06T00:00:00+00:00,9373.54,9373.54,9373.54,9373.54,0
1983-12-07T00:00:00+00:00,9373.54,9373.54,9373.54,9373.54,0
1983-12-08T00:00:00+00:00,9373.54,9373.54,9373.54,9373.54,0
1983-12-09T00:00:00+00:00,9373.54,9373.54,9373.54,9373.54,0
1983-12-13T00:00:00+00:00,9373.54,9373.54,9373.54,9373.54,0
1983-12-14T00:00:00+00:00,9373.54,9373.54,9373.54,9373.54,0
1983-12-15T00:00:00+00:00,9373.54,9373.54,9373.54,9373.54,0
1983-12-16T00:00:00+00:00,9373.54,9373.54,9373.54,9373.54,0
1983-12-20T00:00:00+00:00,9373.54,9373.54,9373.54,9373.54,0
1983-12-21T00:00:00+00:00,9373.54,9373.54,9373.54,9373.54,0
1983-12-22T00:00:00+00:00,9373.54,9373.54,9373.54,9373.54,0
1983-12-23T00:00:00+00:00,9373.54,9373.54,9373.54,9373.54,0
1983-12-27T00:00:00+00:00,9373.54,9373.54,9373.54,9373.54,0
1983-12-28T00:00:00+00:00,9373.54,9373.54,9373.54,9373.54,0
1983-12-29T00:00:00+00:00,9373.54,9373.54,9373.54,9373.54,0
1984-01-05T00:00:00+00:00,9927.11,9927.11,9927.11,9927.11,0
1984-01-06T00:00:00+00:00,9927.11,9927.11,9927.11,9927.11,0
1984-01-10T00:00:00+00:00,9927.11,9927.11,9927.11,9927.11,0
1984-01-11T00:00:00+00:00,9927.11,9927.11,9927.11,9927.11,0
1984-01-12T00:00:00+00:00,9927.11,9927.11,9927.11,9927.11,0
1984-01-13T00:00:00+00:00,9927.11,9927.11,9927.11,9927.11,0
1984-01-18T00:00:00+00:00,10155.57,10155.57,10155.57,10155.57,0
1984-01-19T00:00:00+00:00,10155.57,10155.57,10155.57,10155.57,0
1984-01-20T00:00:00+00:00,10155.57,10155.57,10155.57,10155.57,0
1984-01-24T00:00:00+00:00,10155.57,10155.57,10155.57,10155.57,0
1984-01-25T00:00:00+00:00,10155.57,10155.57,10155.57,10155.57,0
1984-01-26T00:00:00+00:00,10155.57,10155.57,10155.57,10155.57,0
1984-01-27T00:00:00+00:00,10155.57,10155.57,10155.57,10155.57,0
1984-01-31T00:00:00+00:00,10155.57,10155.57,10155.57,10155.57,0
1984-02-01T00:00:00+00:00,10155.57,10155.57,10155.57,10155.57,0
1984-02-02T00:00:00+00:00,10155.57,10155.57,10155.57,10155.57,0
1984-02-03T00:00:00+00:00,10155.57,10155.57,10155.57,10155.57,0
1984-02-07T00:00:00+00:00,10155.57,10155.57,10155.57,10155.57,0
1984-02-08T00:00:00+00:00,10155.57,10155.57,10155.57,10155.57,0
1984-02-09T00:00:00+00:00,10155.57,10155.57,10155.57,10155.57,0
1984-02-10T00:00:00+00:00,10155.57,10155.57,10155.57,10155.57,0
1984-02-14T00:00:00+00:00,10155.57,10155.57,10155.57,10155.57,0
1984-02-15T00:00:00+00:00,10155.57,10155.57,10155.57,10155.57,0
1984-02-16T00:00:00+00:00,10155.57,10155.57,10155.57,10155.57,0
1984-02-17T00:00:00+00:00,10155.57,10155.57,10155.57,10155.57,0
1984-02-21T00:00:00+00:00,10155.57,10155.57,10155.57,10155.57,0
1984-02-22T00:00:00+00:00,10155.57,10155.57,10155.57,10155.57,0
1984-02-23T00:00:00+00:00,10155.57,10155.57,10155.57,10155.57,0
1984-02-24T00:00:00+00:00,10155.57,10155.57,10155.57,10155.57,0
1984-02-28T00:00:00+00:00,10155.57,10155.57,10155.57,10155.57,0
1984-02-29T00:00:00+00:00,10155.57,10155.57,10155.57,10155.57,0
1984-03-01T00:00:00+00:00,10155.57,10155.57,10155.57,10155.57,0
1984-03-02T00:00:00+00:00,10155.57,10155.57,10155.57,10155.57,0
1984-03-06T00:00:00+00:00,10155.57,10155.57,10155.57,10155.57,0
1984-03-07T00:00:00+00:00,10155.57,10155.57,10155.57,10155.57,0
1984-03-08T00:00:00+00:00,10155.57,10155.57,10155.57,10155.57,0
1984-03-09T00:00:00+00:00,10155.57,10155.57,10155.57,10155.57,0
1984-03-13T00:00:00+00:00,10155.57,10155.57,10155.57,10155.57,0
1984-03-14T00:00:00+00:00,10155.57,10155.57,10155.57,10155.57,0
1984-03-15T00:00:00+00:00,10155.57,10155.57,10155.57,10155.57,0
1984-03-16T00:00:00+00:00,10155.57,10155.57,10155.57,10155.57,0
1984-03-20T00:00:00+00:00,10155.57,10155.57,10155.57,10155.57,0
1984-03-22T00:00:00+00:00,10413.88,10413.88,10413.88,10413.88,0
1984-03-23T00:00:00+00:00,10413.88,10413.88,10413.88,10413.88,0
1984-03-27T00:00:00+00:00,10413.88,10413.88,10413.88,10413.88,0
1984-03-28T00:00:00+00:00,10413.88,10413.88,10413.88,10413.88,0
1984-03-29T00:00:00+00:00,10413.88,10413.88,10413.88,10413.88,0
1984-03-30T00:00:00+00:00,10413.88,10413.88,10413.88,10413.88,0
1984-04-03T00:00:00+00:00,10413.88,10413.88,10413.88,10413.88,0
1984-04-04T00:00:00+00:00,10413.88,10413.88,10413.88,10413.88,0
1984-04-05T00:00:00+00:00,10413.88,10413.88,10413.88,10413.88,0
1984-04-06T00:00:00+00:00,10413.88,10413.88,10413.88,10413.88,0
1984-04-10T00:00:00+00:00,10413.88,10413.88,10413.88,10413.88,0
1984-04-11T00:00:00+00:00,10413.88,10413.88,10413.88,10413.88,0
1984-04-12T00:00:00+00:00,10413.88,10413.88,10413.88,10413.88,0
1984-04-13T00:00:00+00:00,10413.88,10413.88,10413.88,10413.88,0
1984-04-17T00:00:00+00:00,10413.88,10413.88,10413.88,10413.88,0
1984-04-18T00:00:00+00:00,10413.88,10413.88,10413.88,10413.88,0
1984-04-19T00:00:00+00:00,10413.88,10413.88,10413.88,10413.88,0
1984-04-20T00:00:00+00:00,10413.88,10413.88,10413.88,10413.88,0
1984-04-24T00:00:00+00:00,10413.88,10413.88,10413.88,10413.88,0
1984-04-25T00:00:00+00:00,10413.88,10413.88,10413.88,10413.88,0
1984-04-26T00:00:00+00:00,10413.88,10413.88,10413.88,10413.88,0
1984-04-27T00:00:00+00:00,10413.88,10413.88,10413.88,10413.88,0
1984-05-02T00:00:00+00:00,11019.09,11019.09,11019.09,11019.09,0
1984-05-03T00:00:00+00:00,11019.09,11019.09,11019.09,11019.09,0
1984-05-08T00:00:00+00:00,11158.96,11158.96,11158.96,11158.96,0
1984-05-09T00:00:00+00:00,11158.96,11158.96,11158.96,11158.96,0
1984-05-10T00:00:00+00:00,11158.96,11158.96,11158.96,11158.96,0
1984-05-11T00:00:00+00:00,11158.96,11158.96,11158.96,11158.96,0
1984-05-15T00:00:00+00:00,11158.96,11158.96,11158.96,11158.96,0
1984-05-16T00:00:00+00:00,11158.96,11158.96,11158.96,11158.96,0
1984-05-17T00:00:00+00:00,11158.96,11158.96,11158.96,11158.96,0
1984-05-18T00:00:00+00:00,11158.96,11158.96,11158.96,11158.96,0
1984-05-22T00:00:00+00:00,11158.96,11158.96,11158.96,11158.96,0
1984-05-23T00:00:00+00:00,11158.96,11158.96,11158.96,11158.96,0
1984-05-24T00:00:00+00:00,11158.96,11158.96,11158.96,11158.96,0
1984-05-25T00:00:00+00:00,11158.96,11158.96,11158.96,11158.96,0
1984-05-29T00:00:00+00:00,11158.96,11158.96,11158.96,11158.96,0
1984-05-30T00:00:00+00:00,11158.96,11158.96,11158.96,11158.96,0
1984-05-31T00:00:00+00:00,11158.96,11158.96,11158.96,11158.96,0
1984-06-01T00:00:00+00:00,11158.96,11158.96,11158.96,11158.96,0
1984-06-05T00:00:00+00:00,11158.96,11158.96,11158.96,11158.96,0
1984-06-06T00:00:00+00:00,11158.96,11158.96,11158.96,11158.96,0
1984-06-07T00:00:00+00:00,11158.96,11158.96,11158.96,11158.96,0
1984-06-08T00:00:00+00:00,11158.96,11158.96,11158.96,11158.96,0
1984-06-12T00:00:00+00:00,11158.96,11158.96,11158.96,11158.96,0
1984-06-13T00:00:00+00:00,11158.96,11158.96,11158.96,11158.96,0
1984-06-14T00:00:00+00:00,11158.96,11158.96,11158.96,11158.96,0
1984-06-15T00:00:00+00:00,11158.96,11158.96,11158.96,11158.96,0
1984-06-19T00:00:00+00:00,11158.96,11158.96,11158.96,11158.96,0
1984-06-20T00:00:00+00:00,11158.96,11158.96,11158.96,11158.96,0
1984-06-21T00:00:00+00:00,11158.96,11158.96,11158.96,11158.96,0
1984-06-22T00:00:00+00:00,11158.96,11158.96,11158.96,11158.96,0
1984-06-26T00:00:00+00:00,11158.96,11158.96,11158.96,11158.96,0
1984-06-27T00:00:00+00:00,11158.96,11158.96,11158.96,11158.96,0
1984-06-28T00:00:00+00:00,11158.96,11158.96,11158.96,11158.96,0
1984-06-29T00:00:00+00:00,11158.96,11158.96,11158.96,11158.96,0
1984-07-03T00:00:00+00:00,11158.96,11158.96,11158.96,11158.96,0
1984-07-04T00:00:00+00:00,11158.96,11158.96,11158.96,11158.96,0
1984-07-05T00:00:00+00:00,11158.96,11158.96,11158.96,11158.96,0
1984-07-06T00:00:00+00:00,11158.96,11158.96,11158.96,11158.96,0
1984-07-10T00:00:00+00:00,11158.96,11158.96,11158.96,11158.96,0
1984-07-11T00:00:00+00:00,11158.96,11158.96,11158.96,11158.96,0
1984-07-12T00:00:00+00:00,11158.96,11158.96,11158.96,11158.96,0
1984-07-13T00:00:00+00:00,11158.96,11158.96,11158.96,11158.96,0
1984-07-17T00:00:00+00:00,11158.96,11158.96,11158.96,11158.96,0
1984-07-18T00:00:00+00:00,11158.96,11158.96,11158.96,11158.96,0
1984-07-19T00:00:00+00:00,11158.96,11158.96,11158.96,11158.96,0
1984-07-20T00:00:00+00:00,11158.96,11158.96,11158.96,11158.96,0
1984-07-24T00:00:00+00:00,11158.96,11158.96,11158.96,11158.96,0
1984-07-25T00:00:00+00:00,11158.96,11158.96,11158.96,11158.96,0
1984-07-26T00:00:00+00:00,11158.96,11158.96,11158.96,11158.96,0
1984-07-27T00:00:00+00:00,11158.96,11158.96,11158.96,11158.96,0
1984-07-31T00:00:00+00:00,11158.96,11158.96,11158.96,11158.96,0
1984-08-01T00:00:00+00:00,11158.96,11158.96,11158.96,11158.96,0
1984-08-02T00:00:00+00:00,11158.96,11158.96,11158.96,11158.96,0
1984-08-03T00:00:00+00:00,11158.96,11158.96,11158.96,11158.96,0
1984-08-07T00:00:00+00:00,11158.96,11158.96,11158.96,11158.96,0
1984-08-08T00:00:00+00:00,11158.96,11158.96,11158.96,11158.96,0
1984-08-09T00:00:00+00:00,11158.96,11158.96,11158.96,11158.96,0
1984-08-10T00:00:00+00:00,11158.96,11158.96,11158.96,11158.96,0
1984-08-14T00:00:00+00:00,11158.96,11158.96,11158.96,11158.96,0
1984-08-15T00:00:00+00:00,11158.96,11158.96,11158.96,11158.96,0
1984-08-16T00:00:00+00:00,11158.96,11158.96,11158.96,11158.96,0
1984-08-17T00:00:00+00:00,11158.96,11158.96,11158.96,11158.96,0
1984-08-21T00:00:00+00:00,11158.96,11158.96,11158.96,11158.96,0
1984-08-22T00:00:00+00:00,11158.96,11158.96,11158.96,11158.96,0
1984-08-23T00:00:00+00:00,11158.96,11158.96,11158.96,11158.96,0
1984-08-24T00:00:00+00:00,11158.96,11158.96,11158.96,11158.96,0
1984-08-28T00:00:00+00:00,11158.96,11158.96,11158.96,11158.96,0
1984-08-29T00:00:00+00:00,11158.96,11158.96,11158.96,11158.96,0
1984-08-30T00:00:00+00:00,11158.96,11158.96,11158.96,11158.96,0
1984-08-31T00:00:00+00:00,11158.96,11158.96,11158.96,11158.96,0
1984-09-04T00:00:00+00:00,11158.96,11158.96,11158.96,11158.96,0
1984-09-05T00:00:00+00:00,11158.96,11158.96,11158.96,11158.96,0
1984-09-06T00:00:00+00:00,11158.96,11158.96,11158.96,11158.96,0
1984-09-07T00:00:00+00:00,11158.96,11158.96,11158.96,11158.96,0
1984-09-11T00:00:00+00:00,11158.96,11158.96,11158.96,11158.96,0
1984-09-12T00:00:00+00:00,11158.96,11158.96,11158.96,11158.96,0
1984-09-13T00:00:00+00:00,11158.96,11158.96,11158.96,11158.96,0
1984-09-14T00:00:00+00:00,11158.96,11158.96,11158.96,11158.96,0
1984-09-18T00:00:00+00:00,11158.96,11158.96,11158.96,11158.96,0
1984-09-19T00:00:00+00:00,11158.96,11158.96,11158.96,11158.96,0
1984-09-20T00:00:00+00:00,11158.96,11158.96,11158.96,11158.96,0
1984-09-21T00:00:00+00:00,11158.96,11158.96,11158.96,11158.96,0
1984-09-26T00:00:00+00:00,10604.84,10604.84,10604.84,10604.84,0
1984-09-27T00:00:00+00:00,10604.84,10604.84,10604.84,10604.84,0
1984-09-28T00:00:00+00:00,10604.84,10604.84,10604.84,10604.84,0
1984-10-02T00:00:00+00:00,10604.84,10604.84,10604.84,10604.84,0
1984-10-03T00:00:00+00:00,10604.84,10604.84,10604.84,10604.84,0
1984-10-04T00:00:00+00:00,10604.84,10604.84,10604.84,10604.84,0
1984-10-05T00:00:00+00:00,10604.84,10604.84,10604.84,10604.84,0
1984-10-09T00:00:00+00:00,10604.84,10604.84,10604.84,10604.84,0
1984-10-10T00:00:00+00:00,10604.84,10604.84,10604.84,10604.84,0
1984-10-12T00:00:00+00:00,10696.86,10696.86,10696.86,10696.86,0
1984-10-16T00:00:00+00:00,10696.86,10696.86,10696.86,10696.86,0
1984-10-17T00:00:00+00:00,10696.86,10696.86,10696.86,10696.86,0
1984-10-18T00:00:00+00:00,10696.86,10696.86,10696.86,10696.86,0
1984-10-19T00:00:00+00:00,10696.86,10696.86,10696.86,10696.86,0
1984-10-23T00:00:00+00:00,10696.86,10696.86,10696.86,10696.86,0
1984-10-24T00:00:00+00:00,10696.86,10696.86,10696.86,10696.86,0
1984-10-25T00:00:00+00:00,10696.86,10696.86,10696.86,10696.86,0
1984-10-26T00:00:00+00:00,10696.86,10696.86,10696.86,10696.86,0
1984-10-30T00:00:00+00:00,10696.86,10696.86,10696.86,10696.86,0
1984-10-31T00:00:00+00:00,10696.86,10696.86,10696.86,10696.86,0
1984-11-01T00:00:00+00:00,10696.86,10696.86,10696.86,10696.86,0
1984-11-02T00:00:00+00:00,10696.86,10696.86,10696.86,10696.86,0
1984-11-06T00:00:00+00:00,10696.86,10696.86,10696.86,10696.86,0
1984-11-07T00:00:00+00:00,10696.86,10696.86,10696.86,10696.86,0
1984-11-08T00:00:00+00:00,10696.86,10696.86,10696.86,10696.86,0
1984-11-09T00:00:00+00:00,10696.86,10696.86,10696.86,10696.86,0
1984-11-13T00:00:00+00:00,10696.86,10696.86,10696.86,10696.86,0
1984-11-14T00:00:00+00:00,10696.86,10696.86,10696.86,10696.86,0
1984-11-15T00:00:00+00:00,10696.86,10696.86,10696.86,10696.86,0
1984-11-16T00:00:00+00:00,10696.86,10696.86,10696.86,10696.86,0
1984-11-20T00:00:00+00:00,10696.86,10696.86,10696.86,10696.86,0
1984-11-21T00:00:00+00:00,10696.86,10696.86,10696.86,10696.86,0
1984-11-22T00:00:00+00:00,10696.86,10696.86,10696.86,10696.86,0
1984-11-23T00:00:00+00:00,10696.86,10696.86,10696.86,10696.86,0
1984-11-27T00:00:00+00:00,10696.86,10696.86,10696.86,10696.86,0
1984-11-28T00:00:00+00:00,10696.86,10696.86,10696.86,10696.86,0
1984-11-29T00:00:00+00:00,10696.86,10696.86,10696.86,10696.86,0
1984-11-30T00:00:00+00:00,10696.86,10696.86,10696.86,10696.86,0
1984-12-04T00:00:00+00:00,10696.86,10696.86,10696.86,10696.86,0
1984-12-05T00:00:00+00:00,10696.86,10696.86,10696.86,10696.86,0
1984-12-06T00:00:00+00:00,10696.86,10696.86,10696.86,10696.86,0
1984-12-07T00:00:00+00:00,10696.86,10696.86,10696.86,10696.86,0
1984-12-11T00:00:00+00:00,10696.86,10696.86,10696.86,10696.86,0
1984-12-12T00:00:00+00:00,10696.86,10696.86,10696.86,10696.86,0
1984-12-13T00:00:00+00:00,10696.86,10696.86,10696.86,10696.86,0
1984-12-14T00:00:00+00:00,10696.86,10696.86,10696.86,10696.86,0
1984-12-18T00:00:00+00:00,10696.86,10696.86,10696.86,10696.86,0
1984-12-19T00:00:00+00:00,10696.86,10696.86,10696.86,10696.86,0
1984-12-20T00:00:00+00:00,10696.86,10696.86,10696.86,10696.86,0
1984-12-21T00:00:00+00:00,10696.86,10696.86,10696.86,10696.86,0
1984-12-25T00:00:00+00:00,11439.87,11439.87,11439.87,11439.87,0
1984-12-26T00:00:00+00:00,11439.87,11439.87,11439.87,11439.87,0
1984-12-27T00:00:00+00:00,11439.87,11439.87,11439.87,11439.87,0
1984-12-28T00:00:00+00:00,11439.87,11439.87,11439.87,11439.87,0
1985-01-08T00:00:00+00:00,11575.52,11575.52,11575.52,11575.52,0
1985-01-09T00:00:00+00:00,11575.52,11575.52,11575.52,11575.52,0
1985-01-10T00:00:00+00:00,11575.52,11575.52,11575.52,11575.52,0
1985-01-11T00:00:00+00:00,11575.52,11575.52,11575.52,11575.52,0
1985-01-15T00:00:00+00:00,11575.52,11575.52,11575.52,11575.52,0
1985-01-17T00:00:00+00:00,11933.02,11933.02,11933.02,11933.02,0
1985-01-18T00:00:00+00:00,11933.02,11933.02,11933.02,11933.02,0
1985-01-22T00:00:00+00:00,11933.02,11933.02,11933.02,11933.02,0
1985-01-23T00:00:00+00:00,11933.02,11933.02,11933.02,11933.02,0
1985-01-24T00:00:00+00:00,11933.02,11933.02,11933.02,11933.02,0
1985-01-25T00:00:00+00:00,11933.02,11933.02,11933.02,11933.02,0
1985-01-29T00:00:00+00:00,11933.02,11933.02,11933.02,11933.02,0
1985-01-30T00:00:00+00:00,11933.02,11933.02,11933.02,11933.02,0
1985-01-31T00:00:00+00:00,11933.02,11933.02,11933.02,11933.02,0
1985-02-01T00:00:00+00:00,11933.02,11933.02,11933.02,11933.02,0
1985-02-05T00:00:00+00:00,11933.02,11933.02,11933.02,11933.02,0
1985-02-06T00:00:00+00:00,11933.02,11933.02,11933.02,11933.02,0
1985-02-07T00:00:00+00:00,11933.02,11933.02,11933.02,11933.02,0
1985-02-08T00:00:00+00:00,11933.02,11933.02,11933.02,11933.02,0
1985-02-13T00:00:00+00:00,12027.89,12027.89,12027.89,12027.89,0
1985-02-14T00:00:00+00:00,12027.89,12027.89,12027.89,12027.89,0
1985-02-15T00:00:00+00:00,12027.89,12027.89,12027.89,12027.89,0
1985-02-19T00:00:00+00:00,12027.89,12027.89,12027.89,12027.89,0
1985-02-20T00:00:00+00:00,12027.89,12027.89,12027.89,12027.89,0
1985-02-21T00:00:00+00:00,12027.89,12027.89,12027.89,12027.89,0
1985-02-22T00:00:00+00:00,12027.89,12027.89,12027.89,12027.89,0
1985-02-26T00:00:00+00:00,12027.89,12027.89,12027.89,12027.89,0
1985-02-27T00:00:00+00:00,12027.89,12027.89,12027.89,12027.89,0
1985-02-28T00:00:00+00:00,12027.89,12027.89,12027.89,12027.89,0
1985-03-01T00:00:00+00:00,12027.89,12027.89,12027.89,12027.89,0
1985-03-05T00:00:00+00:00,12027.89,12027.89,12027.89,12027.89,0
1985-03-06T00:00:00+00:00,12027.89,12027.89,12027.89,12027.89,0
1985-03-07T00:00:00+00:00,12027.89,12027.89,12027.89,12027.89,0
1985-03-08T00:00:00+00:00,12027.89,12027.89,12027.89,12027.89,0
1985-03-12T00:00:00+00:00,12027.89,12027.89,12027.89,12027.89,0
1985-03-13T00:00:00+00:00,12027.89,12027.89,12027.89,12027.89,0
1985-03-14T00:00:00+00:00,12027.89,12027.89,12027.89,12027.89,0
1985-03-15T00:00:00+00:00,12027.89,12027.89,12027.89,12027.89,0
1985-03-19T00:00:00+00:00,12027.89,12027.89,12027.89,12027.89,0
1985-03-20T00:00:00+00:00,12027.89,12027.89,12027.89,12027.89,0
1985-03-21T00:00:00+00:00,12027.89,12027.89,12027.89,12027.89,0
1985-03-26T00:00:00+00:00,12526.09,12535.1,12479.03,12493.26,0
1985-03-27T00:00:00+00:00,12493.26,12506.07,12468.02,12506.07,0
1985-03-28T00:00:00+00:00,12506.07,12573.380000000001,12505.11,12572.43,0
1985-03-29T00:00:00+00:00,12572.43,12588.25,12552.98,12581.1,0
1985-04-02T00:00:00+00:00,12581.1,12648.31,12572.13,12648.31,0
1985-04-03T00:00:00+00:00,12648.31,12650.69,12578.23,12599.68,0
1985-04-04T00:00:00+00:00,12599.68,12658.890000000001,12597.01,12658.890000000001,0
1985-04-05T00:00:00+00:00,12658.890000000001,12666.420000000002,12591.670000000002,12603.780000000002,0
1985-04-09T00:00:00+00:00,12603.780000000002,12650.590000000002,12586.900000000003,12650.590000000002,0
1985-04-10T00:00:00+00:00,12650.590000000002,12654.880000000001,12615.890000000001,12638.670000000002,0
1985-04-11T00:00:00+00:00,12638.670000000002,12646.590000000002,12577.650000000001,12597.870000000003,0
1985-04-12T00:00:00+00:00,12597.870000000003,12607.690000000002,12544.770000000002,12551.060000000001,0
1985-04-16T00:00:00+00:00,12551.060000000001,12572.890000000001,12506.630000000001,12506.630000000001,0
1985-04-17T00:00:00+00:00,12506.630000000001,12522.270000000002,12130.580000000002,12190.930000000002,0
1985-04-18T00:00:00+00:00,12190.930000000002,12333.090000000002,12180.930000000002,12329.090000000002,0
1985-04-19T00:00:00+00:00,12329.090000000002,12329.090000000002,12058.500000000004,12088.530000000002,0
1985-04-23T00:00:00+00:00,12088.530000000002,12099.120000000003,11993.090000000004,12000.720000000003,0
1985-04-24T00:00:00+00:00,12000.720000000003,12008.260000000004,11936.460000000003,11957.530000000002,0
1985-04-25T00:00:00+00:00,11957.530000000002,12015.400000000003,11945.230000000003,12015.400000000003,0
1985-04-26T00:00:00+00:00,12015.400000000003,12100.370000000003,12006.710000000003,12100.270000000004,0
1985-05-01T00:00:00+00:00,12438.9,12443.19,12385.34,12426.29,0
1985-05-02T00:00:00+00:00,12426.29,12441.66,12417.800000000001,12441.66,0
1985-05-03T00:00:00+00:00,12441.66,12464.01,12421.9,12464.01,0
1985-05-08T00:00:00+00:00,12551.27,12556.9,12490.45,12506.3,0
1985-05-09T00:00:00+00:00,12506.3,12519.38,12457.509999999998,12475.08,0
1985-05-10T00:00:00+00:00,12475.08,12475.08,12408.44,12416.75,0
1985-05-14T00:00:00+00:00,12416.75,12419.429999999998,12378.949999999999,12389.16,0
1985-05-15T00:00:00+00:00,12389.16,12394.029999999999,12309.73,12330.92,0
1985-05-16T00:00:00+00:00,12330.92,12335.41,12176.63,12182.84,0
1985-05-17T00:00:00+00:00,12182.84,12187.24,12125.560000000001,12187.24,0
1985-05-21T00:00:00+00:00,12187.24,12219.13,12183.33,12203.76,0
1985-05-22T00:00:00+00:00,12203.76,12249.02,12176.55,12229.54,0
1985-05-23T00:00:00+00:00,12229.54,12238.52,12206.63,12214.74,0
1985-05-24T00:00:00+00:00,12214.74,12215.03,12158.13,12175.119999999999,0
1985-05-28T00:00:00+00:00,12175.119999999999,12186.289999999999,12153.16,12186.289999999999,0
1985-05-29T00:00:00+00:00,12186.289999999999,12232.67,12172.4,12225,0
1985-05-30T00:00:00+00:00,12225,12286.32,12208.9,12269.55,0
1985-05-31T00:00:00+00:00,12269.55,12287.56,12245.21,12265.05,0
1985-06-04T00:00:00+00:00,12265.05,12265.63,12032.609999999999,12049.47,0
1985-06-05T00:00:00+00:00,12049.47,12156.489999999998,12041.609999999999,12156.489999999998,0
1985-06-06T00:00:00+00:00,12156.489999999998,12188.389999999998,12118.539999999997,12176.609999999997,0
1985-06-07T00:00:00+00:00,12176.609999999997,12198.829999999996,12151.789999999995,12170.189999999997,0
1985-06-11T00:00:00+00:00,12170.189999999997,12191.649999999998,12130.909999999996,12153.039999999997,0
1985-06-12T00:00:00+00:00,12153.039999999997,12221.069999999998,12151.509999999997,12220.969999999998,0
1985-06-13T00:00:00+00:00,12220.969999999998,12221.929999999997,12149.499999999996,12174.119999999997,0
1985-06-14T00:00:00+00:00,12174.119999999997,12179.679999999997,12141.739999999998,12153.619999999997,0
1985-06-18T00:00:00+00:00,12153.619999999997,12166.939999999997,12136.859999999997,12146.339999999998,0
1985-06-19T00:00:00+00:00,12146.339999999998,12155.729999999998,12098.139999999998,12104.749999999998,0
1985-06-20T00:00:00+00:00,12104.749999999998,12115.959999999997,12046.969999999998,12075.999999999998,0
1985-06-21T00:00:00+00:00,12075.999999999998,12087.789999999999,11981.719999999998,11995.229999999998,0
1985-06-25T00:00:00+00:00,11995.229999999998,12019.279999999999,11977.699999999999,11977.699999999999,0
1985-06-26T00:00:00+00:00,11977.699999999999,12076,11977.699999999999,12076,0
1985-06-27T00:00:00+00:00,12076,12117.64,12072.74,12111.880000000001,0
1985-06-28T00:00:00+00:00,12111.880000000001,12114.37,11945.32,12014.210000000001,0
1985-07-02T00:00:00+00:00,12014.210000000001,12023.900000000001,11976.990000000002,11983.610000000002,0
1985-07-03T00:00:00+00:00,11983.610000000002,11987.830000000002,11941.970000000001,11959.340000000002,0
1985-07-04T00:00:00+00:00,11959.340000000002,11965.000000000002,11940.150000000001,11961.54,0
1985-07-05T00:00:00+00:00,11961.54,11997.52,11956.17,11997.52,0
1985-07-09T00:00:00+00:00,11997.52,12031.68,11958.67,11958.67,0
1985-07-10T00:00:00+00:00,11958.67,11967.589999999998,11919.14,11920.39,0
1985-07-11T00:00:00+00:00,11920.39,11925.189999999999,11873.96,11899.189999999999,0
1985-07-12T00:00:00+00:00,11899.189999999999,11899.189999999999,11705.39,11730.14,0
1985-07-16T00:00:00+00:00,11730.14,11730.419999999998,11339.649999999998,11477.039999999999,0
1985-07-17T00:00:00+00:00,11477.039999999999,11590.06,11473.97,11584.4,0
1985-07-18T00:00:00+00:00,11584.4,11655.779999999999,11546.699999999999,11655.779999999999,0
1985-07-19T00:00:00+00:00,11655.779999999999,11661.729999999998,11597.349999999999,11619.13,0
1985-07-23T00:00:00+00:00,11619.13,11641.099999999999,11584.689999999999,11596.009999999998,0
1985-07-24T00:00:00+00:00,11596.009999999998,11616.439999999999,11551.779999999999,11558.489999999998,0
1985-07-25T00:00:00+00:00,11558.489999999998,11558.489999999998,11507.739999999998,11555.71,0
1985-07-26T00:00:00+00:00,11555.71,11559.839999999998,11419.47,11441.06,0
1985-07-30T00:00:00+00:00,11441.06,11448.64,11320.51,11329.82,0
1985-07-31T00:00:00+00:00,11329.82,11377.61,11066.64,11078.64,0
1985-08-01T00:00:00+00:00,11078.64,11098.6,11006.37,11035.45,0
1985-08-02T00:00:00+00:00,11035.45,11255.53,10995.43,11254.28,0
1985-08-06T00:00:00+00:00,11254.28,11258.6,11201.2,11207.060000000001,0
1985-08-07T00:00:00+00:00,11207.060000000001,11227.220000000001,11203.61,11220.310000000001,0
1985-08-08T00:00:00+00:00,11220.310000000001,11273.190000000002,11220.310000000001,11268.390000000001,0
1985-08-09T00:00:00+00:00,11268.390000000001,11280.580000000002,11219.730000000001,11232.790000000003,0
1985-08-13T00:00:00+00:00,11232.790000000003,11234.610000000002,11204.860000000002,11207.740000000002,0
1985-08-14T00:00:00+00:00,11207.740000000002,11226.550000000003,11164.640000000003,11192.570000000002,0
1985-08-15T00:00:00+00:00,11192.570000000002,11263.130000000001,11178.230000000001,11263.130000000001,0
1985-08-16T00:00:00+00:00,11263.130000000001,11295.37,11239.800000000001,11288.900000000001,0
1985-08-20T00:00:00+00:00,11288.900000000001,11313.730000000001,11288.62,11306.7,0
1985-08-21T00:00:00+00:00,11306.7,11315.140000000001,11272.59,11286.83,0
1985-08-22T00:00:00+00:00,11286.83,11330.41,11260.5,11330.41,0
1985-08-23T00:00:00+00:00,11330.41,11359.47,11324.32,11359.47,0
1985-08-27T00:00:00+00:00,11359.47,11362.85,11294.87,11307.28,0
1985-08-28T00:00:00+00:00,11307.28,11351.320000000002,11291.810000000001,11350.95,0
1985-08-29T00:00:00+00:00,11350.95,11368.57,11316.28,11323.68,0
1985-08-30T00:00:00+00:00,11323.68,11359.2,11311.78,11353.39,0
1985-09-03T00:00:00+00:00,11353.39,11368.39,11336.519999999999,11344.579999999998,0
1985-09-04T00:00:00+00:00,11344.579999999998,11348.049999999997,11233.629999999997,11234.279999999997,0
1985-09-05T00:00:00+00:00,11234.279999999997,11261.739999999996,11146.009999999997,11176.459999999995,0
1985-09-06T00:00:00+00:00,11176.459999999995,11186.299999999996,11152.379999999996,11163.529999999995,0
1985-09-10T00:00:00+00:00,11163.529999999995,11164.089999999995,11093.239999999996,11115.919999999995,0
1985-09-11T00:00:00+00:00,11115.919999999995,11179.179999999995,11093.619999999994,11179.179999999995,0
1985-09-12T00:00:00+00:00,11179.179999999995,11241.879999999996,11151.909999999994,11240.099999999995,0
1985-09-13T00:00:00+00:00,11240.099999999995,11262.309999999996,11228.199999999995,11237.669999999996,0
1985-09-18T00:00:00+00:00,12599.29,12603.69,12580.73,12591.51,0
1985-09-19T00:00:00+00:00,12591.51,12603.42,12490.400000000001,12545.69,0
1985-09-20T00:00:00+00:00,12545.69,12563.78,12535.29,12562.28,0
1985-09-25T00:00:00+00:00,12786.62,12804.7,12741.54,12755.6,0
1985-09-26T00:00:00+00:00,12755.6,12759.91,12687.1,12713.619999999999,0
1985-09-27T00:00:00+00:00,12713.619999999999,12715.309999999998,12677.169999999998,12688.259999999998,0
1985-10-01T00:00:00+00:00,12688.259999999998,12768.49,12664.49,12768.49,0
1985-10-02T00:00:00+00:00,12768.49,12771.31,12714.56,12726.960000000001,0
1985-10-03T00:00:00+00:00,12726.960000000001,12752.42,12688.26,12724.52,0
1985-10-04T00:00:00+00:00,12724.52,12747.160000000002,12705.36,12721.230000000001,0
1985-10-08T00:00:00+00:00,12721.230000000001,12741.810000000001,12703.570000000002,12731.570000000002,0
1985-10-09T00:00:00+00:00,12731.570000000002,12771.220000000003,12725.280000000002,12763.980000000001,0
1985-10-10T00:00:00+00:00,12763.980000000001,12790.570000000002,12754.490000000002,12766.050000000003,0
1985-10-15T00:00:00+00:00,12970.12,13018.98,12955.37,13017.29,0
1985-10-16T00:00:00+00:00,13017.29,13036.830000000002,12994.740000000002,13035.980000000001,0
1985-10-17T00:00:00+00:00,13035.980000000001,13049.130000000003,12992.750000000002,13006.660000000002,0
1985-10-18T00:00:00+00:00,13006.660000000002,13015.490000000002,12941.060000000001,12987.390000000001,0
1985-10-22T00:00:00+00:00,12987.390000000001,13009.1,12968.03,12982.41,0
1985-10-23T00:00:00+00:00,12982.41,12987.01,12942.37,12944.44,0
1985-10-24T00:00:00+00:00,12944.44,12948.300000000001,12860.62,12861.560000000001,0
1985-10-25T00:00:00+00:00,12861.560000000001,12900.090000000002,12788.730000000001,12900.090000000002,0
1985-10-29T00:00:00+00:00,12900.090000000002,13005.160000000002,12860.810000000001,12954.790000000003,0
1985-10-30T00:00:00+00:00,12954.790000000003,12975.090000000002,12887.690000000002,12915.700000000003,0
1985-10-31T00:00:00+00:00,12915.700000000003,12930.360000000004,12871.250000000004,12880.650000000003,0
1985-11-01T00:00:00+00:00,12880.650000000003,12902.680000000004,12849.260000000004,12876.140000000003,0
1985-11-06T00:00:00+00:00,12801.43,12820.69,12752,12820.69,0
1985-11-07T00:00:00+00:00,12820.69,12867.87,12789.210000000001,12867.210000000001,0
1985-11-08T00:00:00+00:00,12867.210000000001,12869.93,12791.93,12827.27,0
1985-11-12T00:00:00+00:00,12827.27,12836.480000000001,12789.02,12801.710000000001,0
1985-11-13T00:00:00+00:00,12801.710000000001,12806.880000000001,12681.42,12699.84,0
1985-11-14T00:00:00+00:00,12699.84,12710.37,12663.470000000001,12676.070000000002,0
1985-11-15T00:00:00+00:00,12676.070000000002,12711.220000000001,12485.670000000002,12595.060000000001,0
1985-11-19T00:00:00+00:00,12595.060000000001,12624.750000000002,12568.080000000002,12585.94,0
1985-11-20T00:00:00+00:00,12585.94,12606.9,12473.17,12515.27,0
1985-11-21T00:00:00+00:00,12515.27,12560.66,12500.52,12545.06,0
1985-11-22T00:00:00+00:00,12545.06,12584.53,12523.36,12579.27,0
1985-11-26T00:00:00+00:00,12579.27,12596.19,12559.82,12578.9,0
1985-11-27T00:00:00+00:00,12578.9,12609.539999999999,12574.489999999998,12591.21,0
1985-11-28T00:00:00+00:00,12591.21,12591.21,12540.089999999998,12561.699999999999,0
1985-11-29T00:00:00+00:00,12561.699999999999,12575.61,12497.32,12501.93,0
1985-12-03T00:00:00+00:00,12501.93,12516.12,12482.480000000001,12496.390000000001,0
1985-12-04T00:00:00+00:00,12496.390000000001,12510.490000000002,12482.010000000002,12491.220000000001,0
1985-12-05T00:00:00+00:00,12491.220000000001,12524.020000000002,12471.020000000002,12524.020000000002,0
1985-12-06T00:00:00+00:00,12524.020000000002,12531.070000000002,12483.230000000001,12521.200000000003,0
1985-12-10T00:00:00+00:00,12521.200000000003,12549.020000000002,12509.930000000002,12525.900000000001,0
1985-12-11T00:00:00+00:00,12525.900000000001,12537.460000000001,12493.390000000001,12536.990000000002,0
1985-12-12T00:00:00+00:00,12536.990000000002,12609.54,12501.570000000002,12603.910000000002,0
1985-12-13T00:00:00+00:00,12603.910000000002,12629.090000000002,12538.6,12609.080000000002,0
1985-12-17T00:00:00+00:00,12609.080000000002,12616.970000000001,12532.490000000002,12551.570000000002,0
1985-12-18T00:00:00+00:00,12551.570000000002,12555.050000000001,12504.960000000001,12514.080000000002,0
1985-12-19T00:00:00+00:00,12514.080000000002,12541.050000000001,12497.920000000002,12505.250000000002,0
1985-12-20T00:00:00+00:00,12505.250000000002,12509.77,12469.54,12494.920000000002,0
1985-12-24T00:00:00+00:00,12494.920000000002,12571.140000000003,12476.690000000002,12558.730000000003,0
1985-12-25T00:00:00+00:00,13041.82,13050.28,12992.48,13010.71,0
1985-12-26T00:00:00+00:00,13010.71,13074.519999999999,12988.81,13068.22,0
1985-12-27T00:00:00+00:00,13068.22,13068.22,13017.63,13031.199999999999,0
1986-01-07T00:00:00+00:00,13139.98,13145.54,13053.22,13053.79,0
1986-01-08T00:00:00+00:00,13053.79,13076.400000000001,12972.220000000001,13029.960000000001,0
1986-01-09T00:00:00+00:00,13029.960000000001,13060.39,12999.73,13059.35,0
1986-01-10T00:00:00+00:00,13059.35,13154.67,13051.619999999999,13126.6,0
1986-01-14T00:00:00+00:00,13126.6,13136.78,13091.560000000001,13121.710000000001,0
1986-01-15T00:00:00+00:00,13121.710000000001,13134.800000000001,13090.810000000001,13094.580000000002,0
1986-01-17T00:00:00+00:00,12976.07,13027.13,12940.18,13027.13,0
1986-01-21T00:00:00+00:00,13027.13,13040.32,12973.529999999999,12986.999999999998,0
1986-01-22T00:00:00+00:00,12986.999999999998,13000.939999999999,12940.929999999998,12941.499999999998,0
1986-01-23T00:00:00+00:00,12941.499999999998,12999.149999999998,12938.479999999998,12979.549999999997,0
1986-01-24T00:00:00+00:00,12979.549999999997,12988.409999999996,12928.589999999997,12945.639999999998,0
1986-01-28T00:00:00+00:00,12945.639999999998,12973.899999999998,12912.019999999997,12929.349999999997,0
1986-01-29T00:00:00+00:00,12929.349999999997,12936.789999999997,12896.949999999997,12921.439999999997,0
1986-01-30T00:00:00+00:00,12921.439999999997,12927.559999999996,12862.759999999997,12871.139999999996,0
1986-01-31T00:00:00+00:00,12871.139999999996,12886.869999999995,12860.499999999996,12871.519999999997,0
1986-02-04T00:00:00+00:00,12871.519999999997,12914.189999999997,12842.699999999997,12882.349999999997,0
1986-02-05T00:00:00+00:00,12882.349999999997,12893.949999999997,12841.089999999997,12885.169999999996,0
1986-02-06T00:00:00+00:00,12885.169999999996,12910.789999999995,12854.179999999995,12907.959999999995,0
1986-02-07T00:00:00+00:00,12907.959999999995,12915.489999999996,12875.459999999995,12891.759999999997,0
1986-02-11T00:00:00+00:00,12891.759999999997,12904.009999999997,12883.659999999996,12892.039999999995,0
1986-02-13T00:00:00+00:00,13246.8,13311.23,13223.34,13300.58,0
1986-02-14T00:00:00+00:00,13300.58,13319.039999999999,13239.539999999999,13256.96,0
1986-02-18T00:00:00+00:00,13256.96,13278.909999999998,13211.079999999998,13249.329999999998,0
1986-02-19T00:00:00+00:00,13249.329999999998,13258.279999999999,13205.899999999998,13225.969999999998,0
1986-02-20T00:00:00+00:00,13225.969999999998,13246.599999999997,13194.129999999997,13224.929999999997,0
1986-02-21T00:00:00+00:00,13224.929999999997,13232.279999999997,13112.459999999997,13119.339999999997,0
1986-02-25T00:00:00+00:00,13119.339999999997,13147.319999999996,13085.139999999996,13147.319999999996,0
1986-02-26T00:00:00+00:00,13147.319999999996,13193.379999999996,13121.219999999996,13189.799999999996,0
1986-02-27T00:00:00+00:00,13189.799999999996,13231.719999999996,13171.429999999995,13226.909999999996,0
1986-02-28T00:00:00+00:00,13226.909999999996,13257.159999999996,13186.309999999996,13214.379999999996,0
1986-03-04T00:00:00+00:00,13214.379999999996,13234.449999999995,13164.549999999996,13188.759999999995,0
1986-03-05T00:00:00+00:00,13188.759999999995,13195.819999999994,13151.829999999994,13181.789999999995,0
1986-03-06T00:00:00+00:00,13181.789999999995,13187.539999999995,13144.779999999995,13183.489999999994,0
1986-03-07T00:00:00+00:00,13183.489999999994,13251.679999999995,13167.849999999995,13248.289999999994,0
1986-03-11T00:00:00+00:00,13248.289999999994,13285.029999999993,13216.739999999994,13280.979999999994,0
1986-03-12T00:00:00+00:00,13280.979999999994,13289.739999999994,13253.099999999995,13268.639999999994,0
1986-03-13T00:00:00+00:00,13268.639999999994,13343.909999999994,13191.119999999995,13343.809999999994,0
1986-03-14T00:00:00+00:00,13343.809999999994,13499.229999999994,13317.059999999994,13498.199999999993,0
1986-03-18T00:00:00+00:00,13498.199999999993,13518.729999999994,13318.559999999994,13426.229999999994,0
1986-03-19T00:00:00+00:00,13426.229999999994,13508.939999999995,13414.549999999996,13435.839999999995,0
1986-03-20T00:00:00+00:00,13435.839999999995,13451.939999999995,13241.979999999996,13271.079999999996,0
1986-03-21T00:00:00+00:00,13271.079999999996,13537.469999999998,13246.689999999997,13522.499999999996,0
1986-03-25T00:00:00+00:00,13522.499999999996,13614.059999999996,13412.759999999997,13543.789999999995,0
1986-03-26T00:00:00+00:00,13543.789999999995,13573.269999999997,13418.229999999996,13422.939999999997,0
1986-03-27T00:00:00+00:00,13422.939999999997,13673.499999999996,13422.939999999997,13673.499999999996,0
1986-03-28T00:00:00+00:00,13673.499999999996,13883.109999999995,13571.769999999997,13851.409999999996,0
1986-04-01T00:00:00+00:00,13851.409999999996,14038.409999999996,13775.519999999997,14038.029999999997,0
1986-04-02T00:00:00+00:00,14038.029999999997,14161.799999999996,13889.179999999997,13941.529999999997,0
1986-04-03T00:00:00+00:00,13941.529999999997,14045.389999999998,13832.859999999997,13858.799999999997,0
1986-04-04T00:00:00+00:00,13858.799999999997,13950.579999999998,13540.339999999998,13666.079999999998,0
1986-04-08T00:00:00+00:00,13666.079999999998,13752.199999999999,13538.169999999998,13539.679999999998,0
1986-04-09T00:00:00+00:00,13539.679999999998,13545.809999999998,13456.759999999998,13493.649999999998,0
1986-04-10T00:00:00+00:00,13493.649999999998,13517.509999999998,13402.899999999998,13483.649999999998,0
1986-04-11T00:00:00+00:00,13483.649999999998,13550.059999999998,13448.559999999998,13540.159999999998,0
1986-04-15T00:00:00+00:00,13540.159999999998,13591.379999999997,13445.539999999997,13497.899999999998,0
1986-04-16T00:00:00+00:00,13497.899999999998,13503.839999999998,13333.109999999999,13402.159999999998,0
1986-04-17T00:00:00+00:00,13402.159999999998,13431.499999999998,13380.559999999998,13413.289999999999,0
1986-04-18T00:00:00+00:00,13413.289999999999,13451.02,13318.11,13445.17,0
1986-04-22T00:00:00+00:00,13445.17,13495.35,13378.19,13407.720000000001,0
1986-04-23T00:00:00+00:00,13407.720000000001,13460.480000000001,13313.35,13314.1,0
1986-04-24T00:00:00+00:00,13314.1,13409.039999999999,13292.02,13403.76,0
1986-04-25T00:00:00+00:00,13403.76,13417.630000000001,13332.6,13343.64,0
1986-04-29T00:00:00+00:00,13343.64,13399.229999999998,13324.769999999999,13364.029999999999,0
1986-05-01T00:00:00+00:00,15762.65,15839.66,15750.85,15825.5,0
1986-05-02T00:00:00+00:00,15825.5,15863.25,15768.97,15827.949999999999,0
1986-05-07T00:00:00+00:00,15884.39,15912.61,15869.57,15900.15,0
1986-05-08T00:00:00+00:00,15900.15,15937.61,15875.99,15931.95,0
1986-05-09T00:00:00+00:00,15931.95,16038.69,15908.830000000002,16027.460000000001,0
1986-05-13T00:00:00+00:00,16027.460000000001,16034.54,15885.990000000002,15891.470000000001,0
1986-05-14T00:00:00+00:00,15891.470000000001,15968.390000000001,15778.790000000003,15844.760000000002,0
1986-05-15T00:00:00+00:00,15844.760000000002,15861.840000000002,15790.680000000002,15793.980000000001,0
1986-05-16T00:00:00+00:00,15793.980000000001,15813.61,15763.59,15765.480000000001,0
1986-05-20T00:00:00+00:00,15765.480000000001,15797.380000000003,15726.410000000002,15745.380000000003,0
1986-05-21T00:00:00+00:00,15745.380000000003,15752.180000000004,15719.430000000004,15739.630000000003,0
1986-05-22T00:00:00+00:00,15739.630000000003,15805.880000000003,15682.250000000004,15793.050000000003,0
1986-05-23T00:00:00+00:00,15793.050000000003,15881.850000000004,15766.530000000002,15870.060000000003,0
1986-05-27T00:00:00+00:00,15870.060000000003,15900.640000000001,15779.930000000002,15806.350000000004,0
1986-05-28T00:00:00+00:00,15806.350000000004,15820.220000000003,15741.420000000004,15818.340000000002,0
1986-05-29T00:00:00+00:00,15818.340000000002,15866.850000000004,15782.630000000003,15862.970000000003,0
1986-05-30T00:00:00+00:00,15862.970000000003,15941.040000000003,15792.580000000004,15844.970000000003,0
1986-06-03T00:00:00+00:00,15844.970000000003,15915.840000000002,15792.300000000005,15893.670000000004,0
1986-06-04T00:00:00+00:00,15893.670000000004,15915.280000000004,15836.450000000006,15836.450000000006,0
1986-06-05T00:00:00+00:00,15836.450000000006,15934.890000000005,15801.210000000005,15934.890000000005,0
1986-06-06T00:00:00+00:00,15934.890000000005,15973.350000000004,15907.320000000002,15917.550000000005,0
1986-06-10T00:00:00+00:00,15917.550000000005,15977.990000000003,15862.030000000004,15968.900000000003,0
1986-06-11T00:00:00+00:00,15968.900000000003,16120.770000000002,15881.080000000004,16075.390000000001,0
1986-06-12T00:00:00+00:00,16075.390000000001,16183.019999999999,16028.49,16146.26,0
1986-06-13T00:00:00+00:00,16146.26,16201.4,16104.570000000002,16129.680000000002,0
1986-06-17T00:00:00+00:00,16129.680000000002,16130.44,16025.650000000003,16049.53,0
1986-06-18T00:00:00+00:00,16049.53,16059.67,15916.229999999998,15943.519999999999,0
1986-06-19T00:00:00+00:00,15943.519999999999,16037.499999999998,15914.81,16025.179999999998,0
1986-06-20T00:00:00+00:00,16025.179999999998,16104.659999999998,15996.089999999998,16097.269999999999,0
1986-06-24T00:00:00+00:00,16097.269999999999,16115.459999999997,16062.029999999997,16077.849999999997,0
1986-06-25T00:00:00+00:00,16077.849999999997,16084.199999999999,15966.15,15966.15,0
1986-06-26T00:00:00+00:00,15966.15,16087.139999999998,15912.72,16078.33,0
1986-06-27T00:00:00+00:00,16078.33,16122.480000000001,16018.359999999999,16103.44,0
1986-07-01T00:00:00+00:00,16103.44,16180.56,16081.090000000002,16179.33,0
1986-07-02T00:00:00+00:00,16179.33,16194.390000000001,16089.51,16141.150000000003,0
1986-07-03T00:00:00+00:00,16141.150000000003,16181.130000000003,16116.520000000002,16157.26,0
1986-07-04T00:00:00+00:00,16157.26,16204.53,16132.619999999997,16148.249999999998,0
1986-07-08T00:00:00+00:00,16148.249999999998,16234.28,16033.9,16121.06,0
1986-07-09T00:00:00+00:00,16121.06,16325.51,16069.799999999997,16319.35,0
1986-07-10T00:00:00+00:00,16319.35,16334.410000000002,16060.140000000001,16077.19,0
1986-07-11T00:00:00+00:00,16077.19,16111.020000000002,16034.37,16061.840000000002,0
1986-07-15T00:00:00+00:00,16061.840000000002,16179.6,16012.19,16155.820000000002,0
1986-07-16T00:00:00+00:00,16155.820000000002,16294.24,16137.92,16256.53,0
1986-07-17T00:00:00+00:00,16256.53,16314.320000000002,16115.37,16128.630000000003,0
1986-07-18T00:00:00+00:00,16128.630000000003,16202.150000000003,16123.610000000002,16163.120000000004,0
1986-07-22T00:00:00+00:00,16163.120000000004,16217.880000000003,15532.330000000004,15777.050000000005,0
1986-07-23T00:00:00+00:00,15777.050000000005,16055.780000000004,15703.150000000003,15971.370000000004,0
1986-07-24T00:00:00+00:00,15971.370000000004,16082.690000000004,15834.850000000008,16045.840000000006,0
1986-07-25T00:00:00+00:00,16045.840000000006,16129.690000000008,15954.790000000006,16116.230000000009,0
1986-07-29T00:00:00+00:00,16116.230000000009,16152.520000000006,16088.100000000008,16149.110000000006,0
1986-07-30T00:00:00+00:00,16149.110000000006,16283.740000000007,15929.690000000008,15969.570000000005,0
1986-07-31T00:00:00+00:00,15969.570000000005,16052.090000000002,15953.740000000003,16035.220000000003,0
1986-08-01T00:00:00+00:00,16035.220000000003,16069.330000000004,15678.420000000004,15696.800000000001,0
1986-08-05T00:00:00+00:00,15696.800000000001,15728.250000000002,15671.310000000003,15678.800000000001,0
1986-08-06T00:00:00+00:00,15678.800000000001,15812.19,15606.6,15751.37,0
1986-08-07T00:00:00+00:00,15751.37,15779.600000000004,15659.660000000002,15674.340000000002,0
1986-08-08T00:00:00+00:00,15674.340000000002,15743.320000000002,15643.080000000004,15692.630000000003,0
1986-08-12T00:00:00+00:00,15692.630000000003,15716.310000000003,15664.590000000002,15716.220000000003,0
1986-08-13T00:00:00+00:00,15716.220000000003,15896.230000000005,15586.810000000003,15888.840000000002,0
1986-08-14T00:00:00+00:00,15888.840000000002,15973.539999999999,15766.24,15959.519999999999,0
1986-08-15T00:00:00+00:00,15959.519999999999,16120.199999999999,15859.569999999998,16119.729999999998,0
1986-08-19T00:00:00+00:00,16119.729999999998,16294.63,16070.179999999998,16292.159999999998,0
1986-08-20T00:00:00+00:00,16292.159999999998,16423.559999999998,16212.759999999997,16414.28,0
1986-08-21T00:00:00+00:00,16414.28,16560.94,16371.179999999997,16518.69,0
1986-08-22T00:00:00+00:00,16518.69,16564.079999999998,16172.79,16243.559999999998,0
1986-08-26T00:00:00+00:00,16243.559999999998,16575.629999999997,16079.749999999996,16502.489999999998,0
1986-08-27T00:00:00+00:00,16502.489999999998,16619.489999999998,16355.549999999996,16489.03,0
1986-08-28T00:00:00+00:00,16489.03,16508.83,16336.029999999999,16345.880000000001,0
1986-08-29T00:00:00+00:00,16345.880000000001,16432.100000000002,16194.670000000002,16200.93,0
1986-09-02T00:00:00+00:00,16200.93,16252.75,16112.16,16133.380000000001,0
1986-09-03T00:00:00+00:00,16133.380000000001,16182.550000000003,16034.660000000003,16049.530000000002,0
1986-09-04T00:00:00+00:00,16049.530000000002,16200.260000000002,15899.360000000004,16011.540000000005,0
1986-09-05T00:00:00+00:00,16011.540000000005,16057.580000000005,15948.340000000004,15993.630000000005,0
1986-09-09T00:00:00+00:00,15993.630000000005,16003.200000000004,15764.730000000003,15771.840000000004,0
1986-09-10T00:00:00+00:00,15771.840000000004,15849.440000000006,15744.560000000005,15786.150000000005,0
1986-09-11T00:00:00+00:00,15786.150000000005,15854.360000000004,15691.410000000003,15838.070000000007,0
1986-09-12T00:00:00+00:00,15838.070000000007,15872.080000000005,15752.420000000006,15765.210000000006,0
1986-09-17T00:00:00+00:00,18032.12,18086.59,17458.83,17463.19,0
1986-09-18T00:00:00+00:00,17463.19,17538.89,17255.420000000002,17255.8,0
1986-09-19T00:00:00+00:00,17255.8,17377.26,17184.649999999998,17335.569999999996,0
1986-09-23T00:00:00+00:00,17335.569999999996,17478.439999999995,17298.049999999996,17477.399999999994,0
1986-09-25T00:00:00+00:00,17867.36,18018.19,17717.57,17955.76,0
1986-09-26T00:00:00+00:00,17955.76,17984.37,17810.519999999997,17894.749999999996,0
1986-09-30T00:00:00+00:00,17894.749999999996,17903.409999999996,17734.289999999997,17746.469999999998,0
1986-10-01T00:00:00+00:00,17746.469999999998,17817.09,17539.559999999998,17575.82,0
1986-10-02T00:00:00+00:00,17575.82,17608.75,17197.88,17199.41,0
1986-10-03T00:00:00+00:00,17199.41,17203.69,16605.99,16621.22,0
1986-10-07T00:00:00+00:00,16621.22,16649.4,16404.99,16408.890000000003,0
1986-10-08T00:00:00+00:00,16408.890000000003,16539.850000000002,16372.530000000002,16535.850000000002,0
1986-10-09T00:00:00+00:00,16535.850000000002,16554.030000000002,16343.600000000002,16386.140000000003,0
1986-10-10T00:00:00+00:00,16386.140000000003,16471.800000000007,16331.130000000005,16469.700000000004,0
1986-10-14T00:00:00+00:00,16469.700000000004,16532.33,16209.670000000002,16248.140000000003,0
1986-10-15T00:00:00+00:00,16248.140000000003,16281.160000000003,15931.490000000002,16152.390000000003,0
1986-10-16T00:00:00+00:00,16152.390000000003,16156.490000000005,15721.730000000003,15733.820000000003,0
1986-10-17T00:00:00+00:00,15733.820000000003,15741.440000000006,15405.760000000006,15585.250000000004,0
1986-10-21T00:00:00+00:00,15585.250000000004,15700.500000000004,15490.640000000003,15532.050000000003,0
1986-10-22T00:00:00+00:00,15532.050000000003,15634.170000000002,15122.800000000001,15339.420000000002,0
1986-10-23T00:00:00+00:00,15339.420000000002,15353.220000000001,14670.050000000001,14852.03,0
1986-10-24T00:00:00+00:00,14852.03,15363.680000000002,14658.820000000002,15342.840000000002,0
1986-10-28T00:00:00+00:00,15342.840000000002,15364.060000000001,15292.300000000001,15314.86,0
1986-10-29T00:00:00+00:00,15314.86,15560.890000000001,15314.86,15560.790000000003,0
1986-10-30T00:00:00+00:00,15560.790000000003,15694.890000000001,15560.790000000003,15668.720000000003,0
1986-10-31T00:00:00+00:00,15668.720000000003,16154.010000000004,15668.720000000003,16153.730000000005,0
1986-11-05T00:00:00+00:00,16840.3,16893.59,16750.74,16786.9,0
1986-11-06T00:00:00+00:00,16786.9,16866.47,16721.81,16735.03,0
1986-11-07T00:00:00+00:00,16735.03,16794.23,16734.929999999997,16781.089999999997,0
1986-11-11T00:00:00+00:00,16781.089999999997,16868.079999999998,16752.639999999996,16845.239999999998,0
1986-11-12T00:00:00+00:00,16845.239999999998,17093.649999999998,16845.239999999998,17090.98,0
1986-11-13T00:00:00+00:00,17090.98,17272.09,17090.98,17232.69,0
1986-11-14T00:00:00+00:00,17232.69,17256.01,17206.9,17228.31,0
1986-11-18T00:00:00+00:00,17228.31,17303.690000000002,17032.63,17036.440000000002,0
1986-11-19T00:00:00+00:00,17036.440000000002,17111.810000000005,17036.440000000002,17088.780000000002,0
1986-11-20T00:00:00+00:00,17088.780000000002,17139.890000000003,17036.910000000003,17120.660000000003,0
1986-11-21T00:00:00+00:00,17120.660000000003,17216.690000000002,17072.02,17111.140000000003,0
1986-11-26T00:00:00+00:00,17657.75,17789,17657.75,17747.5,0
1986-11-27T00:00:00+00:00,17747.5,17770.63,17687.43,17728.74,0
1986-11-28T00:00:00+00:00,17728.74,17864.780000000002,17728.74,17864.49,0
1986-12-02T00:00:00+00:00,17864.49,17959.790000000005,17833.550000000003,17833.550000000003,0
1986-12-03T00:00:00+00:00,17833.550000000003,17866.49,17638.100000000002,17697.120000000003,0
1986-12-04T00:00:00+00:00,17697.120000000003,17972.45,17697.120000000003,17952.070000000003,0
1986-12-05T00:00:00+00:00,17952.070000000003,18125.240000000005,17952.070000000003,18123.240000000005,0
1986-12-09T00:00:00+00:00,18123.240000000005,18245.480000000003,18123.240000000005,18225.200000000004,0
1986-12-10T00:00:00+00:00,18225.200000000004,18308.220000000005,18099.440000000006,18116.670000000006,0
1986-12-11T00:00:00+00:00,18116.670000000006,18305.840000000004,18111.440000000006,18292.130000000005,0
1986-12-12T00:00:00+00:00,18292.130000000005,18348.300000000007,18238.430000000004,18246.720000000005,0
1986-12-16T00:00:00+00:00,18246.720000000005,18313.08,18146.760000000002,18204.170000000002,0
1986-12-17T00:00:00+00:00,18204.170000000002,18363.25,18204.170000000002,18334.97,0
1986-12-18T00:00:00+00:00,18334.97,18384.760000000002,18094.870000000003,18243.570000000003,0
1986-12-19T00:00:00+00:00,18243.570000000003,18243.570000000003,18043.270000000004,18123.330000000005,0
1986-12-23T00:00:00+00:00,18123.330000000005,18157.220000000005,17998.140000000007,17999.660000000007,0
1986-12-24T00:00:00+00:00,17999.660000000007,18036.320000000007,17963.110000000008,17978.340000000007,0
1986-12-25T00:00:00+00:00,18833.03,18973.43,18833.03,18902.85,0
1986-12-26T00:00:00+00:00,18902.85,18977.62,18734.26,18767.499999999996,0
1987-01-06T00:00:00+00:00,18702.64,18822.27,18634.54,18820.55,0
1987-01-07T00:00:00+00:00,18820.55,19010.850000000002,18820.55,18906.37,0
1987-01-08T00:00:00+00:00,18906.37,18955.23,18649.2,18807.89,0
1987-01-09T00:00:00+00:00,18807.89,18829.699999999997,18717.309999999998,18742.64,0
1987-01-13T00:00:00+00:00,18742.64,18742.64,18598.91,18617.39,0
1987-01-14T00:00:00+00:00,18617.39,18617.39,18487.85,18506.039999999997,0
1987-01-15T00:00:00+00:00,18506.039999999997,18774.16,18506.039999999997,18751.12,0
1987-01-20T00:00:00+00:00,19136.87,19218.69,18985.9,19188.68,0
1987-01-21T00:00:00+00:00,19188.68,19248.300000000003,19160.77,19214.59,0
1987-01-22T00:00:00+00:00,19214.59,19434.99,19214.59,19429.18,0
1987-01-23T00:00:00+00:00,19429.18,19554.62,19374.89,19381.649999999998,0
1987-01-27T00:00:00+00:00,19381.649999999998,19528.519999999997,19364.309999999998,19382.6,0
1987-01-28T00:00:00+00:00,19382.6,19528.14,19377.84,19502.33,0
1987-01-29T00:00:00+00:00,19502.33,19663.390000000003,19502.33,19592.250000000004,0
1987-01-30T00:00:00+00:00,19592.250000000004,19730.33,19544.000000000004,19730.33,0
1987-02-03T00:00:00+00:00,19730.33,19844.95,19730.33,19760.940000000002,0
1987-02-04T00:00:00+00:00,19760.940000000002,19790.690000000002,19571.09,19633.070000000003,0
1987-02-05T00:00:00+00:00,19633.070000000003,19681.990000000005,19598.740000000005,19651.280000000002,0
1987-02-06T00:00:00+00:00,19651.280000000002,19709.63,19470.960000000003,19474.200000000004,0
1987-02-10T00:00:00+00:00,19474.200000000004,19624.100000000002,19444.830000000005,19607.320000000003,0
1987-02-11T00:00:00+00:00,19607.320000000003,19751.5,19607.320000000003,19727.95,0
1987-02-13T00:00:00+00:00,19818.06,19940.5,19818.06,19874.89,0
1987-02-17T00:00:00+00:00,19874.89,19874.89,19784.54,19784.59,0
1987-02-18T00:00:00+00:00,19784.59,19903.6,19775.25,19899.59,0
1987-02-19T00:00:00+00:00,19899.59,20125.78,19899.59,20122.629999999997,0
1987-02-20T00:00:00+00:00,20122.629999999997,20451.51,20122.629999999997,20451.51,0
1987-02-24T00:00:00+00:00,20451.51,20469.719999999998,20286.26,20321.35,0
1987-02-25T00:00:00+00:00,20321.35,20509.01,20310.67,20456.28,0
1987-02-26T00:00:00+00:00,20456.28,20641.94,20456.28,20566.04,0
1987-02-27T00:00:00+00:00,20566.04,20971.870000000003,20566.04,20828.270000000004,0
1987-03-03T00:00:00+00:00,20828.270000000004,21005.350000000002,20825.500000000004,20991.230000000003,0
1987-03-04T00:00:00+00:00,20991.230000000003,21174.980000000003,20991.230000000003,21019.74,0
1987-03-05T00:00:00+00:00,21019.74,21251.84,21018.12,21081.34,0
1987-03-06T00:00:00+00:00,21081.34,21295.510000000002,21081.34,21210.55,0
1987-03-10T00:00:00+00:00,21210.55,21383.43,21210.55,21238.02,0
1987-03-11T00:00:00+00:00,21238.02,21303.05,21176.23,21286.37,0
1987-03-12T00:00:00+00:00,21286.37,21443.519999999997,21285.039999999997,21384.969999999998,0
1987-03-13T00:00:00+00:00,21384.969999999998,21530.859999999997,21375.619999999995,21526.379999999997,0
1987-03-17T00:00:00+00:00,21526.379999999997,21550.41,21376.68,21449.239999999998,0
1987-03-18T00:00:00+00:00,21449.239999999998,21555.85,21422.44,21549.359999999997,0
1987-03-19T00:00:00+00:00,21549.359999999997,21819.879999999994,21549.359999999997,21735.679999999997,0
1987-03-20T00:00:00+00:00,21735.679999999997,21901.409999999996,21649.189999999995,21661.779999999995,0
1987-03-24T00:00:00+00:00,21661.779999999995,21871.469999999998,21587.119999999995,21593.409999999996,0
1987-03-25T00:00:00+00:00,21593.409999999996,21670.359999999997,21410.51,21430.249999999996,0
1987-03-26T00:00:00+00:00,21430.249999999996,21520.359999999993,21271.099999999995,21454.569999999996,0
1987-03-27T00:00:00+00:00,21454.569999999996,21567.859999999993,21454.289999999994,21543.639999999996,0
1987-03-31T00:00:00+00:00,21543.639999999996,21579.42,20988.589999999997,20988.589999999997,0
1987-04-01T00:00:00+00:00,20988.589999999997,21131.409999999996,20676.299999999996,20939.389999999996,0
1987-04-02T00:00:00+00:00,20939.389999999996,21403.429999999997,20939.389999999996,21403.429999999997,0
1987-04-03T00:00:00+00:00,21403.429999999997,21909.939999999995,21403.429999999997,21735.149999999998,0
1987-04-07T00:00:00+00:00,21735.149999999998,21876.119999999995,21566.159999999996,21571.379999999997,0
1987-04-08T00:00:00+00:00,21571.379999999997,21838.979999999996,21571.379999999997,21764.219999999998,0
1987-04-09T00:00:00+00:00,21764.219999999998,21962.859999999997,21744.66,21896.84,0
1987-04-10T00:00:00+00:00,21896.84,22206.14,21831.76,21903.2,0
1987-04-14T00:00:00+00:00,21903.2,21952.590000000004,21332.190000000002,21600.640000000003,0
1987-04-15T00:00:00+00:00,21600.640000000003,22209.36,21391.65,22205.270000000004,0
1987-04-16T00:00:00+00:00,22205.270000000004,22341.580000000005,21859.960000000003,22193.300000000003,0
1987-04-17T00:00:00+00:00,22193.300000000003,22528.820000000003,22193.300000000003,22528.720000000005,0
1987-04-21T00:00:00+00:00,22528.720000000005,22684.510000000006,22483.690000000006,22484.070000000007,0
1987-04-22T00:00:00+00:00,22484.070000000007,22625.140000000007,22360.580000000005,22484.450000000004,0
1987-04-23T00:00:00+00:00,22484.450000000004,22708.530000000006,22484.450000000004,22682.690000000006,0
1987-04-24T00:00:00+00:00,22682.690000000006,22846.900000000005,22541.280000000006,22615.310000000005,0
1987-04-28T00:00:00+00:00,22615.310000000005,22655.220000000005,21772.200000000008,21772.960000000006,0
1987-04-29T00:00:00+00:00,21772.960000000006,21820.380000000005,20705.110000000004,21589.460000000006,0
1987-05-01T00:00:00+00:00,22892.62,23276.25,22892.62,23274.83,0
1987-05-07T00:00:00+00:00,24014.73,24161.27,23786.47,23918.56,0
1987-05-08T00:00:00+00:00,23918.56,24195.95,23918.56,24185.41,0
1987-05-12T00:00:00+00:00,24185.41,24323.600000000002,24162.52,24189.010000000002,0
1987-05-13T00:00:00+00:00,24189.010000000002,24203.640000000003,24102.680000000004,24115.31,0
1987-05-14T00:00:00+00:00,24115.31,24195.940000000002,23716.980000000003,23951.38,0
1987-05-15T00:00:00+00:00,23951.38,24278.58,23951.38,24246.57,0
1987-05-19T00:00:00+00:00,24246.57,24246.57,23815.190000000002,23816.61,0
1987-05-20T00:00:00+00:00,23816.61,23866.66,23599.97,23599.97,0
1987-05-21T00:00:00+00:00,23599.97,23599.97,22888.510000000002,22939.98,0
1987-05-22T00:00:00+00:00,22939.98,23276.76,22939.98,23254.249999999996,0
1987-05-26T00:00:00+00:00,23254.249999999996,23427.389999999996,23199.349999999995,23298.409999999996,0
1987-05-27T00:00:00+00:00,23298.409999999996,23375.149999999994,23252.059999999998,23296.599999999995,0
1987-05-28T00:00:00+00:00,23296.599999999995,23296.599999999995,23189.249999999996,23235.889999999996,0
1987-05-29T00:00:00+00:00,23235.889999999996,23295.449999999993,23114.959999999995,23120.569999999996,0
1987-06-02T00:00:00+00:00,23120.569999999996,23312.549999999996,23120.569999999996,23207.869999999995,0
1987-06-03T00:00:00+00:00,23207.869999999995,23259.169999999995,23069.279999999995,23109.839999999997,0
1987-06-04T00:00:00+00:00,23109.839999999997,23265.249999999996,23044.01,23264.3,0
1987-06-05T00:00:00+00:00,23264.3,23640.76,23264.3,23561.25,0
1987-06-09T00:00:00+00:00,23561.25,23708.87,23550.14,23704.12,0
1987-06-10T00:00:00+00:00,23704.12,23819.539999999997,23523.92,23532.85,0
1987-06-11T00:00:00+00:00,23532.85,23902.379999999997,23532.85,23895.92,0
1987-06-12T00:00:00+00:00,23895.92,24087.05,23895.92,24045.35,0
1987-06-16T00:00:00+00:00,24045.35,24131.51,23882.62,23902.1,0
1987-06-17T00:00:00+00:00,23902.1,24003.84,23864.68,23868.95,0
1987-06-18T00:00:00+00:00,23868.95,24051.43,23868.95,24041.649999999998,0
1987-06-19T00:00:00+00:00,24041.649999999998,24051.819999999996,23559.649999999998,23882.729999999996,0
1987-06-23T00:00:00+00:00,23882.729999999996,23887.479999999996,23233.159999999996,23234.199999999993,0
1987-06-24T00:00:00+00:00,23234.199999999993,23588.999999999993,23228.209999999992,23403.859999999993,0
1987-06-25T00:00:00+00:00,23403.859999999993,23592.519999999993,23400.249999999993,23486.02999999999,0
1987-06-26T00:00:00+00:00,23486.02999999999,23720.569999999992,23486.02999999999,23616.459999999992,0
1987-06-30T00:00:00+00:00,23616.459999999992,23655.359999999993,23116.749999999993,23215.069999999992,0
1987-07-01T00:00:00+00:00,23215.069999999992,23215.069999999992,22619.879999999994,22902.689999999995,0
1987-07-02T00:00:00+00:00,22902.689999999995,23016.609999999993,22461.359999999993,22980.669999999995,0
1987-07-03T00:00:00+00:00,22980.669999999995,23380.249999999993,22969.639999999992,23349.159999999993,0
1987-07-07T00:00:00+00:00,23349.159999999993,23349.159999999993,22980.569999999992,23061.209999999992,0
1987-07-08T00:00:00+00:00,23061.209999999992,23119.499999999993,22684.729999999992,23012.519999999993,0
1987-07-09T00:00:00+00:00,23012.519999999993,23287.52999999999,22605.519999999993,22644.21999999999,0
1987-07-10T00:00:00+00:00,22644.21999999999,22984.939999999988,22567.47999999999,22931.21999999999,0
1987-07-14T00:00:00+00:00,22931.21999999999,23048.46999999999,22849.81999999999,22925.79999999999,0
1987-07-15T00:00:00+00:00,22925.79999999999,22935.40999999999,22751.309999999987,22755.489999999987,0
1987-07-16T00:00:00+00:00,22755.489999999987,22849.829999999987,22698.24999999999,22798.379999999986,0
1987-07-17T00:00:00+00:00,22798.379999999986,22920.769999999986,22780.689999999988,22811.119999999988,0
1987-07-21T00:00:00+00:00,22811.119999999988,22814.169999999987,22160.01999999999,22161.919999999987,0
1987-07-22T00:00:00+00:00,22161.919999999987,22161.919999999987,21780.309999999987,21933.88999999999,0
1987-07-23T00:00:00+00:00,21933.88999999999,22045.14999999999,21487.04999999999,21543.43999999999,0
1987-07-24T00:00:00+00:00,21543.43999999999,21877.11999999999,21231.43999999999,21866.569999999992,0
1987-07-28T00:00:00+00:00,21866.569999999992,22007.879999999994,21743.609999999993,22005.019999999993,0
1987-07-29T00:00:00+00:00,22005.019999999993,22269.809999999994,22005.019999999993,22269.809999999994,0
1987-07-30T00:00:00+00:00,22269.809999999994,22400.439999999995,22160.959999999995,22289.789999999994,0
1987-07-31T00:00:00+00:00,22289.789999999994,22399.019999999993,22213.769999999993,22376.84999999999,0
1987-08-04T00:00:00+00:00,22376.84999999999,22391.97999999999,22068.27999999999,22100.62999999999,0
1987-08-05T00:00:00+00:00,22100.62999999999,22100.62999999999,21769.41999999999,21800.15999999999,0
1987-08-06T00:00:00+00:00,21800.15999999999,21937.26999999999,21800.15999999999,21924.709999999992,0
1987-08-07T00:00:00+00:00,21924.709999999992,22285.129999999994,21924.709999999992,22267.339999999993,0
1987-08-11T00:00:00+00:00,22267.339999999993,22577.709999999992,22267.339999999993,22575.809999999994,0
1987-08-12T00:00:00+00:00,22575.809999999994,22796.839999999993,22575.809999999994,22723.579999999994,0
1987-08-13T00:00:00+00:00,22723.579999999994,22997.59999999999,22723.579999999994,22991.229999999992,0
1987-08-14T00:00:00+00:00,22991.229999999992,23033.379999999994,22953.16999999999,23009.309999999994,0
1987-08-18T00:00:00+00:00,23009.309999999994,23018.819999999992,22873.149999999994,22893.989999999994,0
1987-08-19T00:00:00+00:00,22893.989999999994,22985.899999999994,22817.679999999997,22850.319999999996,0
1987-08-20T00:00:00+00:00,22850.319999999996,22874.959999999995,22559.549999999996,22722.729999999996,0
1987-08-21T00:00:00+00:00,22722.729999999996,22881.339999999997,22722.729999999996,22861.159999999996,0
1987-08-25T00:00:00+00:00,22861.159999999996,22971.729999999996,22790.369999999995,22848.129999999997,0
1987-08-26T00:00:00+00:00,22848.129999999997,22875.339999999997,22689.229999999996,22729.859999999997,0
1987-08-27T00:00:00+00:00,22729.859999999997,22923.96,22729.859999999997,22917.68,0
1987-08-28T00:00:00+00:00,22917.68,23057.58,22917.68,22984.95,0
1987-09-01T00:00:00+00:00,22984.95,23084.14,22948.87,22953.34,0
1987-09-02T00:00:00+00:00,22953.34,23090.42,22953.34,23030.449999999997,0
1987-09-03T00:00:00+00:00,23030.449999999997,23043.21,22842.92,22862.629999999997,0
1987-09-04T00:00:00+00:00,22862.629999999997,22862.629999999997,22483.379999999997,22576,0
1987-09-08T00:00:00+00:00,22576,22589.52,22208.460000000003,22216.170000000002,0
1987-09-09T00:00:00+00:00,22216.170000000002,22473.100000000002,22216.170000000002,22430.160000000003,0
1987-09-10T00:00:00+00:00,22430.160000000003,22530.300000000003,22132.11,22158.760000000002,0
1987-09-11T00:00:00+00:00,22158.760000000002,22195.320000000003,22011.780000000002,22022.160000000003,0
1987-09-15T00:00:00+00:00,22022.160000000003,22289.940000000002,22022.160000000003,22121.540000000005,0
1987-09-17T00:00:00+00:00,24961.54,24997.33,24867.87,24967.73,0
1987-09-18T00:00:00+00:00,24967.73,24967.73,24841.89,24857.31,0
1987-09-22T00:00:00+00:00,24857.31,25110.33,24857.31,24897.76,0
1987-09-23T00:00:00+00:00,24897.76,24897.76,24735.739999999998,24857.87,0
1987-09-25T00:00:00+00:00,24889.01,25092.24,24889.01,24944.88,0
1987-09-29T00:00:00+00:00,24944.88,25317.54,24944.88,25236.02,0
1987-09-30T00:00:00+00:00,25236.02,25468.17,25236.02,25381.21,0
1987-10-01T00:00:00+00:00,25381.21,25401.06,25222.75,25399.15,0
1987-10-02T00:00:00+00:00,25399.15,25415.47,25101.700000000004,25106.950000000004,0
1987-10-06T00:00:00+00:00,25106.950000000004,25159.450000000004,25091.770000000004,25125.850000000006,0
1987-10-07T00:00:00+00:00,25125.850000000006,25193.250000000007,25076.600000000006,25193.250000000007,0
1987-10-08T00:00:00+00:00,25193.250000000007,25193.250000000007,24886.930000000008,25069.250000000007,0
1987-10-09T00:00:00+00:00,25069.250000000007,25408.690000000006,25069.250000000007,25408.210000000006,0
1987-10-13T00:00:00+00:00,25408.210000000006,25408.210000000006,25322.880000000005,25360.390000000007,0
1987-10-14T00:00:00+00:00,25360.390000000007,25521.710000000006,25344.92000000001,25483.24000000001,0
1987-10-15T00:00:00+00:00,25483.24000000001,25729.130000000012,25483.24000000001,25728.75000000001,0
1987-10-16T00:00:00+00:00,25728.75000000001,25728.75000000001,25478.18000000001,25533.07000000001,0
1987-10-20T00:00:00+00:00,25533.07000000001,25533.07000000001,24813.23000000001,24922.810000000012,0
1987-10-21T00:00:00+00:00,24922.810000000012,24922.810000000012,21088.040000000015,21088.040000000015,0
1987-10-22T00:00:00+00:00,21088.040000000015,23120.50000000002,21088.040000000015,23119.160000000018,0
1987-10-23T00:00:00+00:00,23119.160000000018,24146.740000000016,23119.160000000018,23569.52000000002,0
1987-10-27T00:00:00+00:00,23569.52000000002,23641.88000000002,21895.98000000002,22482.66000000002,0
1987-10-28T00:00:00+00:00,22482.66000000002,23167.37000000002,22431.110000000022,23118.21000000002,0
1987-10-29T00:00:00+00:00,23118.21000000002,23484.450000000023,22830.930000000022,22850.89000000002,0
1987-10-30T00:00:00+00:00,22850.89000000002,22850.89000000002,22319.58000000002,22332.56000000002,0
1987-11-03T00:00:00+00:00,22332.56000000002,22367.690000000017,22130.25000000002,22367.690000000017,0
1987-11-05T00:00:00+00:00,23328.43,23328.43,23040.19,23060.53,0
1987-11-06T00:00:00+00:00,23060.53,23060.53,22551.459999999995,22669.94,0
1987-11-10T00:00:00+00:00,22669.94,22669.94,22412.07,22457.129999999997,0
1987-11-11T00:00:00+00:00,22457.129999999997,22457.129999999997,21732.089999999997,21751.089999999997,0
1987-11-12T00:00:00+00:00,21751.089999999997,21841.51,20598.14,21121.249999999996,0
1987-11-13T00:00:00+00:00,21121.249999999996,21649.409999999996,21121.249999999996,21620.389999999996,0
1987-11-17T00:00:00+00:00,21620.389999999996,21820.799999999996,21620.389999999996,21785.279999999995,0
1987-11-18T00:00:00+00:00,21785.279999999995,21835.309999999994,21474.129999999994,21498.949999999993,0
1987-11-19T00:00:00+00:00,21498.949999999993,21917.419999999995,21358.129999999994,21917.419999999995,0
1987-11-20T00:00:00+00:00,21917.419999999995,22013.179999999997,21768.859999999993,21812.399999999994,0
1987-11-25T00:00:00+00:00,22729.81,22946.25,22729.81,22856.02,0
1987-11-26T00:00:00+00:00,22856.02,23169.94,22856.02,23169.469999999998,0
1987-11-27T00:00:00+00:00,23169.469999999998,23239.76,23149.609999999997,23216.359999999997,0
1987-12-01T00:00:00+00:00,23216.359999999997,23216.359999999997,22827.899999999998,22907.249999999996,0
1987-12-02T00:00:00+00:00,22907.249999999996,23088.489999999998,22546.669999999995,23077.799999999996,0
1987-12-03T00:00:00+00:00,23077.799999999996,23264.779999999995,23077.799999999996,23154.199999999997,0
1987-12-04T00:00:00+00:00,23154.199999999997,23154.199999999997,22935.709999999995,23058.139999999996,0
1987-12-08T00:00:00+00:00,23058.139999999996,23136.249999999993,22935.429999999993,22941.259999999995,0
1987-12-09T00:00:00+00:00,22941.259999999995,23248.549999999992,22941.259999999995,23246.359999999993,0
1987-12-10T00:00:00+00:00,23246.359999999993,23420.639999999996,23136.639999999996,23156.029999999995,0
1987-12-11T00:00:00+00:00,23156.029999999995,23489.579999999994,23156.029999999995,23489.579999999994,0
1987-12-15T00:00:00+00:00,23489.579999999994,23544.679999999997,23359.909999999996,23380.149999999994,0
1987-12-16T00:00:00+00:00,23380.149999999994,23564.059999999994,23246.169999999995,23254.949999999993,0
1987-12-17T00:00:00+00:00,23254.949999999993,23334.299999999992,23191.829999999994,23215.02999999999,0
1987-12-18T00:00:00+00:00,23215.02999999999,23285.50999999999,23175.39999999999,23278.249999999993,0
1987-12-22T00:00:00+00:00,23278.249999999993,23485.089999999993,23278.249999999993,23385.109999999993,0
1987-12-23T00:00:00+00:00,23385.109999999993,23416.52999999999,23173.879999999994,23177.409999999993,0
1987-12-24T00:00:00+00:00,23177.409999999993,23183.429999999993,23044.57999999999,23143.69999999999,0
1987-12-25T00:00:00+00:00,22722.39,22792.51,22472.97,22543.37,0
1987-12-29T00:00:00+00:00,22543.37,22585.489999999998,21958.44,22585.489999999998,0
1988-01-05T00:00:00+00:00,21551.2,21551.2,21148.26,21217.04,0
1988-01-06T00:00:00+00:00,21217.04,21695.260000000002,21217.04,21556.84,0
1988-01-07T00:00:00+00:00,21556.84,22756.02,21556.84,22753.53,0
1988-01-08T00:00:00+00:00,22753.53,22938.479999999996,22623.229999999996,22745.51,0
1988-01-12T00:00:00+00:00,22745.51,22745.51,22439.34,22475.07,0
1988-01-13T00:00:00+00:00,22475.07,22559.329999999998,22331.199999999997,22497.329999999998,0
1988-01-14T00:00:00+00:00,22497.329999999998,22497.329999999998,22164.319999999996,22228.989999999998,0
1988-01-15T00:00:00+00:00,22228.989999999998,22492.079999999998,22228.989999999998,22490.93,0
1988-01-19T00:00:00+00:00,22490.93,23006.89,22490.93,22775.8,0
1988-01-20T00:00:00+00:00,22775.8,22850.21,22693.35,22785.829999999998,0
1988-01-21T00:00:00+00:00,22785.829999999998,22785.829999999998,22670.339999999997,22747.809999999998,0
1988-01-22T00:00:00+00:00,22747.809999999998,22747.809999999998,22540.32,22647.499999999996,0
1988-01-26T00:00:00+00:00,22647.499999999996,22824.699999999993,22647.499999999996,22798.909999999996,0
1988-01-27T00:00:00+00:00,22798.909999999996,22969.719999999994,22798.909999999996,22929.789999999994,0
1988-01-28T00:00:00+00:00,22929.789999999994,22929.789999999994,22783.669999999995,22788.059999999994,0
1988-01-29T00:00:00+00:00,22788.059999999994,23054.309999999994,22777.929999999993,23049.909999999993,0
1988-02-02T00:00:00+00:00,23049.909999999993,23144.12999999999,23041.87999999999,23056.68999999999,0
1988-02-03T00:00:00+00:00,23056.68999999999,23073.41999999999,22974.409999999993,23005.27999999999,0
1988-02-04T00:00:00+00:00,23005.27999999999,23005.27999999999,22937.709999999992,22955.28999999999,0
1988-02-05T00:00:00+00:00,22955.28999999999,23143.459999999992,22950.799999999992,23076.65999999999,0
1988-02-09T00:00:00+00:00,23076.65999999999,23130.83999999999,23055.53999999999,23056.58999999999,0
1988-02-10T00:00:00+00:00,23056.58999999999,23056.58999999999,22935.30999999999,22966.17999999999,0
1988-02-11T00:00:00+00:00,22966.17999999999,23075.97999999999,22966.17999999999,23059.15999999999,0
1988-02-16T00:00:00+00:00,23997.13,24207.47,23997.13,24207.47,0
1988-02-17T00:00:00+00:00,24207.47,24368.97,24207.47,24345.75,0
1988-02-18T00:00:00+00:00,24345.75,24430.899999999998,24316.69,24422.39,0
1988-02-19T00:00:00+00:00,24422.39,24669.71,24422.39,24667.51,0
1988-02-23T00:00:00+00:00,24667.51,24832.359999999997,24667.51,24729.719999999998,0
1988-02-24T00:00:00+00:00,24729.719999999998,24834.749999999996,24644.859999999997,24834.559999999998,0
1988-02-25T00:00:00+00:00,24834.559999999998,24909.67,24810.469999999998,24865.42,0
1988-02-26T00:00:00+00:00,24865.42,25051.629999999997,24830.809999999998,25010.53,0
1988-03-01T00:00:00+00:00,25010.53,25010.53,24874.399999999998,24989.5,0
1988-03-02T00:00:00+00:00,24989.5,25170.739999999998,24989.5,25169.59,0
1988-03-03T00:00:00+00:00,25169.59,25424.350000000002,25169.59,25423.77,0
1988-03-04T00:00:00+00:00,25423.77,25502.730000000003,25330.38,25341.660000000003,0
1988-03-08T00:00:00+00:00,25341.660000000003,25360.690000000006,25285.740000000005,25334.690000000006,0
1988-03-09T00:00:00+00:00,25334.690000000006,25334.690000000006,25202.870000000006,25203.250000000007,0
1988-03-10T00:00:00+00:00,25203.250000000007,25345.680000000008,25203.250000000007,25330.290000000008,0
1988-03-11T00:00:00+00:00,25330.290000000008,25399.780000000006,25318.24000000001,25331.340000000007,0
1988-03-15T00:00:00+00:00,25331.340000000007,25351.800000000007,25144.070000000007,25232.300000000007,0
1988-03-16T00:00:00+00:00,25232.300000000007,25289.080000000005,25149.230000000007,25285.160000000003,0
1988-03-17T00:00:00+00:00,25285.160000000003,25496.710000000003,25285.160000000003,25481.320000000003,0
1988-03-18T00:00:00+00:00,25481.320000000003,25643.160000000003,25481.320000000003,25639.910000000003,0
1988-03-23T00:00:00+00:00,25945.42,25945.42,25794.86,25842.75,0
1988-03-24T00:00:00+00:00,25842.75,25955.739999999998,25842.75,25891.12,0
1988-03-25T00:00:00+00:00,25891.12,25947.8,25770.96,25771.239999999998,0
1988-03-29T00:00:00+00:00,25771.239999999998,26097.77,25771.239999999998,26092.079999999998,0
1988-03-30T00:00:00+00:00,26092.079999999998,26450.579999999998,26079.26,26422.26,0
1988-03-31T00:00:00+00:00,26422.26,26756.98,26417.26,26756.98,0
1988-04-01T00:00:00+00:00,26756.98,26804.57,26673.28,26688.019999999997,0
1988-04-05T00:00:00+00:00,26688.019999999997,26820.749999999996,26684.069999999996,26710.17,0
1988-04-06T00:00:00+00:00,26710.17,26782.12,26620.879999999997,26669.809999999998,0
1988-04-07T00:00:00+00:00,26669.809999999998,26854.849999999995,26669.809999999998,26854.649999999994,0
1988-04-08T00:00:00+00:00,26854.649999999994,27108.069999999996,26854.649999999994,27096.609999999997,0
1988-04-12T00:00:00+00:00,27096.609999999997,27333.749999999996,27096.609999999997,27260.259999999995,0
1988-04-13T00:00:00+00:00,27260.259999999995,27306.869999999995,27166.149999999994,27251.969999999994,0
1988-04-14T00:00:00+00:00,27251.969999999994,27304.949999999993,27232.229999999996,27295.219999999994,0
1988-04-15T00:00:00+00:00,27295.219999999994,27449.039999999994,27295.219999999994,27437.199999999993,0
1988-04-19T00:00:00+00:00,27437.199999999993,27537.469999999994,27224.809999999994,27224.809999999994,0
1988-04-20T00:00:00+00:00,27224.809999999994,27248.399999999994,27016.369999999995,27228.559999999994,0
1988-04-21T00:00:00+00:00,27228.559999999994,27460.019999999997,27228.559999999994,27429.869999999995,0
1988-04-22T00:00:00+00:00,27429.869999999995,27429.869999999995,27349.919999999995,27387.289999999994,0
1988-04-26T00:00:00+00:00,27387.289999999994,27583.00999999999,27387.289999999994,27534.179999999993,0
1988-04-27T00:00:00+00:00,27534.179999999993,27665.069999999992,27516.449999999993,27572.699999999993,0
1988-04-28T00:00:00+00:00,27572.699999999993,27640.899999999994,27479.36999999999,27505.379999999994,0
1988-04-29T00:00:00+00:00,27505.379999999994,27733.179999999997,27505.379999999994,27732.989999999994,0
1988-05-03T00:00:00+00:00,27732.989999999994,27882.959999999995,27732.989999999994,27881.999999999996,0
1988-05-10T00:00:00+00:00,27495.67,27555.38,27261.61,27264.3,0
1988-05-11T00:00:00+00:00,27264.3,27437.48,27191.569999999996,27436.899999999998,0
1988-05-12T00:00:00+00:00,27436.899999999998,27533.8,27186.46,27192.92,0
1988-05-13T00:00:00+00:00,27192.92,27331.62,26985.059999999998,27268.82,0
1988-05-17T00:00:00+00:00,27268.82,27559.32,27268.82,27554.89,0
1988-05-18T00:00:00+00:00,27554.89,27740.11,27487.65,27592.84,0
1988-05-19T00:00:00+00:00,27592.84,27595.93,27535.530000000002,27548.730000000003,0
1988-05-20T00:00:00+00:00,27548.730000000003,27548.730000000003,27161.13,27162.480000000003,0
1988-05-24T00:00:00+00:00,27162.480000000003,27164.210000000003,26916.090000000004,27020.79,0
1988-05-25T00:00:00+00:00,27020.79,27131.940000000002,26962.52,27096.02,0
1988-05-26T00:00:00+00:00,27096.02,27256.2,27096.02,27220.660000000003,0
1988-05-27T00:00:00+00:00,27220.660000000003,27398.850000000006,27161.230000000003,27185.600000000006,0
1988-05-31T00:00:00+00:00,27185.600000000006,27462.400000000005,27185.600000000006,27446.880000000005,0
1988-06-01T00:00:00+00:00,27446.880000000005,27650.120000000003,27446.880000000005,27649.250000000004,0
1988-06-02T00:00:00+00:00,27649.250000000004,28017.450000000004,27649.250000000004,27925.370000000003,0
1988-06-03T00:00:00+00:00,27925.370000000003,28148.190000000002,27925.370000000003,28074.430000000004,0
1988-06-07T00:00:00+00:00,28074.430000000004,28221.460000000006,28074.430000000004,28157.730000000007,0
1988-06-08T00:00:00+00:00,28157.730000000007,28236.690000000006,28099.200000000008,28147.030000000006,0
1988-06-09T00:00:00+00:00,28147.030000000006,28208.350000000006,28064.310000000005,28096.800000000007,0
1988-06-10T00:00:00+00:00,28096.800000000007,28342.840000000007,28096.800000000007,28241.320000000007,0
1988-06-14T00:00:00+00:00,28241.320000000007,28372.92000000001,28241.320000000007,28361.74000000001,0
1988-06-15T00:00:00+00:00,28361.74000000001,28416.79000000001,28257.220000000012,28392.78000000001,0
1988-06-16T00:00:00+00:00,28392.78000000001,28605.080000000013,28392.78000000001,28404.54000000001,0
1988-06-17T00:00:00+00:00,28404.54000000001,28523.900000000012,28404.54000000001,28442.91000000001,0
1988-06-21T00:00:00+00:00,28442.91000000001,28483.50000000001,28220.290000000008,28232.15000000001,0
1988-06-22T00:00:00+00:00,28232.15000000001,28232.15000000001,28038.17000000001,28048.58000000001,0
1988-06-23T00:00:00+00:00,28048.58000000001,28273.13000000001,27906.66000000001,27933.950000000008,0
1988-06-24T00:00:00+00:00,27933.950000000008,28058.13000000001,27742.180000000008,27782.480000000007,0
1988-06-28T00:00:00+00:00,27782.480000000007,27818.230000000007,27605.710000000006,27655.100000000006,0
1988-06-29T00:00:00+00:00,27655.100000000006,27695.010000000006,27428.850000000006,27649.400000000005,0
1988-06-30T00:00:00+00:00,27649.400000000005,27918.850000000006,27649.400000000005,27834.000000000007,0
1988-07-01T00:00:00+00:00,27834.000000000007,28017.530000000006,27834.000000000007,27966.500000000007,0
1988-07-05T00:00:00+00:00,27966.500000000007,28071.070000000007,27876.24000000001,27960.410000000007,0
1988-07-06T00:00:00+00:00,27960.410000000007,28183.080000000005,27960.410000000007,28175.250000000004,0
1988-07-07T00:00:00+00:00,28175.250000000004,28358.590000000004,28175.250000000004,28357.620000000003,0
1988-07-08T00:00:00+00:00,28357.620000000003,28400.820000000003,28218.060000000005,28311.610000000004,0
1988-07-12T00:00:00+00:00,28311.610000000004,28429.910000000003,28266.670000000006,28371.730000000007,0
1988-07-13T00:00:00+00:00,28371.730000000007,28481.230000000007,28371.730000000007,28479.110000000008,0
1988-07-14T00:00:00+00:00,28479.110000000008,28544.350000000006,28274.700000000008,28385.650000000005,0
1988-07-15T00:00:00+00:00,28385.650000000005,28497.080000000005,28315.000000000007,28448.56000000001,0
1988-07-19T00:00:00+00:00,28448.56000000001,28513.700000000008,28129.72000000001,28200.750000000007,0
1988-07-20T00:00:00+00:00,28200.750000000007,28200.750000000007,27664.17000000001,27703.890000000007,0
1988-07-21T00:00:00+00:00,27703.890000000007,28097.040000000008,27638.750000000007,28079.360000000008,0
1988-07-22T00:00:00+00:00,28079.360000000008,28193.110000000008,27933.71000000001,28193.110000000008,0
1988-07-26T00:00:00+00:00,28193.110000000008,28261.820000000007,28050.850000000006,28054.710000000006,0
1988-07-27T00:00:00+00:00,28054.710000000006,28192.820000000007,28054.710000000006,28149.520000000004,0
1988-07-28T00:00:00+00:00,28149.520000000004,28577.740000000005,28149.520000000004,28565.750000000004,0
1988-07-29T00:00:00+00:00,28565.750000000004,28752.54,28565.750000000004,28608.960000000003,0
1988-08-02T00:00:00+00:00,28608.960000000003,28783.670000000002,28608.960000000003,28700.810000000005,0
1988-08-03T00:00:00+00:00,28700.810000000005,28740.840000000004,28604.420000000006,28726.140000000007,0
1988-08-04T00:00:00+00:00,28726.140000000007,28754.860000000008,28674.51000000001,28713.67000000001,0
1988-08-05T00:00:00+00:00,28713.67000000001,28819.05000000001,28589.62000000001,28636.03000000001,0
1988-08-09T00:00:00+00:00,28636.03000000001,28678.180000000008,28502.020000000008,28537.410000000007,0
1988-08-10T00:00:00+00:00,28537.410000000007,28579.570000000007,28410.47000000001,28454.750000000007,0
1988-08-11T00:00:00+00:00,28454.750000000007,28454.750000000007,27768.97000000001,27853.860000000008,0
1988-08-12T00:00:00+00:00,27853.860000000008,28154.55000000001,27792.76000000001,28107.08000000001,0
1988-08-16T00:00:00+00:00,28107.08000000001,28195.840000000007,28087.360000000008,28138.99000000001,0
1988-08-17T00:00:00+00:00,28138.99000000001,28154.36000000001,28031.76000000001,28147.69000000001,0
1988-08-18T00:00:00+00:00,28147.69000000001,28399.07000000001,28147.69000000001,28396.45000000001,0
1988-08-19T00:00:00+00:00,28396.45000000001,28512.57000000001,28310.31000000001,28318.91000000001,0
1988-08-23T00:00:00+00:00,28318.91000000001,28380.780000000013,28099.34000000001,28178.420000000013,0
1988-08-24T00:00:00+00:00,28178.420000000013,28178.420000000013,27997.420000000013,28065.880000000012,0
1988-08-25T00:00:00+00:00,28065.880000000012,28144.780000000013,27913.610000000015,27940.29000000001,0
1988-08-26T00:00:00+00:00,27940.29000000001,28032.720000000012,27839.64000000001,27965.23000000001,0
1988-08-30T00:00:00+00:00,27965.23000000001,28093.34000000001,27624.90000000001,27645.790000000008,0
1988-08-31T00:00:00+00:00,27645.790000000008,27750.88000000001,27502.110000000008,27747.98000000001,0
1988-09-01T00:00:00+00:00,27747.98000000001,27826.490000000013,27523.380000000012,27578.880000000012,0
1988-09-02T00:00:00+00:00,27578.880000000012,27578.880000000012,26950.92000000001,27183.74000000001,0
1988-09-06T00:00:00+00:00,27183.74000000001,27297.34000000001,26989.41000000001,26994.43000000001,0
1988-09-07T00:00:00+00:00,26994.43000000001,27071.19000000001,26832.67000000001,26942.22000000001,0
1988-09-08T00:00:00+00:00,26942.22000000001,27109.19000000001,26942.22000000001,27096.81000000001,0
1988-09-09T00:00:00+00:00,27096.81000000001,27328.460000000006,27096.81000000001,27324.40000000001,0
1988-09-13T00:00:00+00:00,27324.40000000001,27425.63000000001,27305.450000000008,27423.40000000001,0
1988-09-14T00:00:00+00:00,27423.40000000001,27544.64000000001,27341.51000000001,27424.56000000001,0
1988-09-15T00:00:00+00:00,27424.56000000001,27511.58000000001,27378.350000000006,27417.510000000006,0
1988-09-20T00:00:00+00:00,27900.32,28034.03,27883.88,27901,0
1988-09-21T00:00:00+00:00,27901,27901,27554.969999999998,27571.11,0
1988-09-22T00:00:00+00:00,27571.11,27730.15,27308.22,27729.48,0
1988-09-23T00:00:00+00:00,27729.48,27815.149999999998,27386.16,27438.95,0
1988-09-27T00:00:00+00:00,27438.95,27521.420000000002,27267.440000000002,27415.36,0
1988-09-28T00:00:00+00:00,27415.36,27583.910000000003,27415.36,27583.910000000003,0
1988-09-29T00:00:00+00:00,27583.910000000003,27858.860000000004,27583.910000000003,27796.980000000003,0
1988-09-30T00:00:00+00:00,27796.980000000003,27885.620000000003,27671.000000000004,27732.390000000003,0
1988-10-04T00:00:00+00:00,27732.390000000003,27814.730000000003,27534.83,27584.68,0
1988-10-05T00:00:00+00:00,27584.68,27584.68,27386.160000000003,27553.940000000002,0
1988-10-06T00:00:00+00:00,27553.940000000002,27623.190000000002,27286.750000000004,27445.900000000005,0
1988-10-07T00:00:00+00:00,27445.900000000005,27467.910000000007,27150.680000000008,27244.460000000006,0
1988-10-12T00:00:00+00:00,27293.47,27579.96,27293.47,27469.6,0
1988-10-13T00:00:00+00:00,27469.6,27469.6,27231.609999999997,27422.179999999997,0
1988-10-14T00:00:00+00:00,27422.179999999997,27422.179999999997,27257.209999999995,27321.409999999996,0
1988-10-18T00:00:00+00:00,27321.409999999996,27363.209999999995,27228.689999999995,27265.059999999998,0
1988-10-19T00:00:00+00:00,27265.059999999998,27267.67,27092.519999999997,27144.499999999996,0
1988-10-20T00:00:00+00:00,27144.499999999996,27285.899999999998,27144.499999999996,27278.049999999996,0
1988-10-21T00:00:00+00:00,27278.049999999996,27400.439999999995,27278.049999999996,27362.419999999995,0
1988-10-25T00:00:00+00:00,27362.419999999995,27420.419999999995,27300.639999999996,27324.109999999997,0
1988-10-26T00:00:00+00:00,27324.109999999997,27464.929999999997,27309.859999999997,27464.059999999998,0
1988-10-27T00:00:00+00:00,27464.059999999998,27744.819999999996,27464.059999999998,27658.799999999996,0
1988-10-28T00:00:00+00:00,27658.799999999996,27796.709999999995,27658.799999999996,27752.879999999994,0
1988-11-01T00:00:00+00:00,27752.879999999994,27843.84999999999,27630.86999999999,27780.609999999993,0
1988-11-02T00:00:00+00:00,27780.609999999993,27899.419999999995,27768.969999999994,27817.84999999999,0
1988-11-03T00:00:00+00:00,27817.84999999999,27894.569999999992,27745.499999999993,27771.10999999999,0
1988-11-08T00:00:00+00:00,28043.93,28043.93,27865.77,27866.36,0
1988-11-09T00:00:00+00:00,27866.36,28018.24,27777.52,28017.36,0
1988-11-10T00:00:00+00:00,28017.36,28251.18,28017.36,28214.91,0
1988-11-11T00:00:00+00:00,28214.91,28308.5,28155.37,28157.01,0
1988-11-15T00:00:00+00:00,28157.01,28207.25,28078.26,28196.68,0
1988-11-16T00:00:00+00:00,28196.68,28520.510000000002,28196.68,28495.49,0
1988-11-17T00:00:00+00:00,28495.49,28675.200000000004,28489.58,28657.940000000002,0
1988-11-18T00:00:00+00:00,28657.940000000002,28789.640000000003,28502.760000000006,28746.580000000005,0
1988-11-22T00:00:00+00:00,28746.580000000005,28914.360000000008,28736.490000000005,28841.330000000005,0
1988-11-23T00:00:00+00:00,28841.330000000005,28985.160000000007,28773.250000000007,28982.150000000005,0
1988-11-25T00:00:00+00:00,29439.34,29479.1,29281.45,29340.03,0
1988-11-29T00:00:00+00:00,29340.03,29340.03,28979.35,28982.94,0
1988-11-30T00:00:00+00:00,28982.94,29338.289999999997,28950.26,29338.289999999997,0
1988-12-01T00:00:00+00:00,29338.289999999997,29580.069999999996,29338.289999999997,29579.1,0
1988-12-02T00:00:00+00:00,29579.1,29648.64,29496.659999999996,29506.359999999997,0
1988-12-06T00:00:00+00:00,29506.359999999997,29508.199999999997,29290.959999999995,29466.979999999996,0
1988-12-07T00:00:00+00:00,29466.979999999996,29615.17,29466.979999999996,29516.92,0
1988-12-08T00:00:00+00:00,29516.92,29892.339999999997,29516.92,29892.339999999997,0
1988-12-09T00:00:00+00:00,29892.339999999997,29892.339999999997,29613.899999999994,29625.249999999996,0
1988-12-13T00:00:00+00:00,29625.249999999996,29680.82,29453.1,29505.28,0
1988-12-14T00:00:00+00:00,29505.28,29538.64,29391.71,29446.7,0
1988-12-15T00:00:00+00:00,29446.7,29596.64,29446.7,29579.18,0
1988-12-16T00:00:00+00:00,29579.18,29615.46,29499.27,29526.52,0
1988-12-20T00:00:00+00:00,29526.52,29622.14,29376.190000000002,29462.120000000003,0
1988-12-21T00:00:00+00:00,29462.120000000003,29621.370000000003,29462.120000000003,29565.9,0
1988-12-22T00:00:00+00:00,29565.9,29685.39,29506.350000000002,29685.39,0
1988-12-23T00:00:00+00:00,29685.39,29788.97,29648.15,29737.86,0
1988-12-27T00:00:00+00:00,29737.86,29912.7,29737.86,29908.52,0
1988-12-28T00:00:00+00:00,29908.52,30101.350000000002,29908.52,30067.530000000002,0
1988-12-29T00:00:00+00:00,30067.530000000002,30258.120000000003,30067.530000000002,30152.760000000002,0
1989-01-05T00:00:00+00:00,30165.52,30272.72,30165.52,30243.66,0
1989-01-06T00:00:00+00:00,30243.66,30381.28,30066.58,30167.56,0
1989-01-10T00:00:00+00:00,30167.56,30622.600000000002,30167.56,30622.600000000002,0
1989-01-11T00:00:00+00:00,30622.600000000002,30945.95,30619.780000000002,30945.95,0
1989-01-12T00:00:00+00:00,30945.95,31179.31,30839.920000000002,31079.49,0
1989-01-13T00:00:00+00:00,31079.49,31093.49,30985.9,31081.920000000002,0
1989-01-18T00:00:00+00:00,31298.57,31317.23,31150.84,31227.52,0
1989-01-19T00:00:00+00:00,31227.52,31348.33,31220.72,31337.73,0
1989-01-20T00:00:00+00:00,31337.73,31434.14,31080.85,31281.84,0
1989-01-24T00:00:00+00:00,31281.84,31415.58,31281.84,31415.58,0
1989-01-25T00:00:00+00:00,31415.58,31625.120000000003,31415.58,31623.370000000003,0
1989-01-26T00:00:00+00:00,31623.370000000003,31720.660000000003,31544.160000000003,31624.540000000005,0
1989-01-27T00:00:00+00:00,31624.540000000005,31630.760000000002,31474.58,31556.220000000005,0
1989-01-31T00:00:00+00:00,31556.220000000005,31615.600000000006,31418.010000000006,31439.880000000005,0
1989-02-01T00:00:00+00:00,31439.880000000005,31473.310000000005,31378.450000000004,31472.730000000003,0
1989-02-02T00:00:00+00:00,31472.730000000003,31477.290000000005,31199.520000000004,31256.480000000003,0
1989-02-03T00:00:00+00:00,31256.480000000003,31409.650000000005,31256.480000000003,31392.840000000004,0
1989-02-07T00:00:00+00:00,31392.840000000004,31562.730000000003,31392.65,31535.230000000003,0
1989-02-08T00:00:00+00:00,31535.230000000003,31673.050000000003,31530.280000000002,31588.010000000006,0
1989-02-09T00:00:00+00:00,31588.010000000006,31761.590000000007,31588.010000000006,31760.620000000006,0
1989-02-10T00:00:00+00:00,31760.620000000006,31962.000000000007,31755.76000000001,31769.950000000008,0
1989-02-14T00:00:00+00:00,31769.950000000008,31786.37000000001,31611.91000000001,31645.15000000001,0
1989-02-15T00:00:00+00:00,31645.15000000001,31744.58000000001,31604.14000000001,31650.69000000001,0
1989-02-16T00:00:00+00:00,31650.69000000001,31826.21000000001,31650.69000000001,31803.860000000008,0
1989-02-17T00:00:00+00:00,31803.860000000008,32001.06000000001,31642.81000000001,31729.89000000001,0
1989-02-21T00:00:00+00:00,31729.89000000001,31844.57000000001,31633.96000000001,31719.00000000001,0
1989-02-22T00:00:00+00:00,31719.00000000001,31784.51000000001,31480.79000000001,31510.920000000013,0
1989-02-23T00:00:00+00:00,31510.920000000013,31816.600000000013,31510.920000000013,31815.910000000014,0
1989-02-24T00:00:00+00:00,31815.910000000014,32004.120000000014,31781.670000000013,31948.000000000015,0
1989-02-28T00:00:00+00:00,31948.000000000015,32122.110000000015,31805.510000000013,31809.980000000014,0
1989-03-01T00:00:00+00:00,31809.980000000014,31859.190000000013,31458.550000000014,31492.59000000001,0
1989-03-02T00:00:00+00:00,31492.59000000001,31767.170000000013,31266.54000000001,31449.98000000001,0
1989-03-03T00:00:00+00:00,31449.98000000001,31597.24000000001,31296.01000000001,31564.37000000001,0
1989-03-07T00:00:00+00:00,31564.37000000001,31588.88000000001,31258.96000000001,31449.89000000001,0
1989-03-08T00:00:00+00:00,31449.89000000001,31567.30000000001,31310.51000000001,31511.85000000001,0
1989-03-09T00:00:00+00:00,31511.85000000001,31675.55000000001,31362.94000000001,31394.06000000001,0
1989-03-10T00:00:00+00:00,31394.06000000001,31426.160000000007,31125.800000000007,31191.450000000008,0
1989-03-14T00:00:00+00:00,31191.450000000008,31195.530000000006,30929.020000000008,31054.980000000007,0
1989-03-15T00:00:00+00:00,31054.980000000007,31234.150000000005,31014.810000000005,31222.770000000004,0
1989-03-16T00:00:00+00:00,31222.770000000004,31567.970000000005,31222.770000000004,31565.830000000005,0
1989-03-17T00:00:00+00:00,31565.830000000005,31719.610000000008,31504.160000000007,31534.90000000001,0
1989-03-21T00:00:00+00:00,31534.90000000001,31534.90000000001,31165.19000000001,31190.19000000001,0
1989-03-23T00:00:00+00:00,31666.28,31788.35,31343.55,31443.24,0
1989-03-24T00:00:00+00:00,31443.24,31663.640000000003,31420.960000000003,31595.850000000002,0
1989-03-28T00:00:00+00:00,31595.850000000002,31731.540000000005,31519.590000000004,31526.790000000005,0
1989-03-29T00:00:00+00:00,31526.790000000005,32313.590000000007,31526.790000000005,32311.620000000006,0
1989-03-30T00:00:00+00:00,32311.620000000006,32732.140000000007,32311.620000000006,32731.360000000004,0
1989-03-31T00:00:00+00:00,32731.360000000004,32899.26000000001,32643.200000000004,32812.57000000001,0
1989-04-04T00:00:00+00:00,32812.57000000001,33027.14000000001,32797.37,32992.130000000005,0
1989-04-05T00:00:00+00:00,32992.130000000005,33266.72000000001,32992.130000000005,33238.670000000006,0
1989-04-06T00:00:00+00:00,33238.670000000006,33313.98,33140.600000000006,33261.810000000005,0
1989-04-07T00:00:00+00:00,33261.810000000005,33261.810000000005,32766.67,32923.18,0
1989-04-11T00:00:00+00:00,32923.18,32954.86,32641.14,32730.379999999997,0
1989-04-12T00:00:00+00:00,32730.379999999997,33039.299999999996,32671.639999999992,32981.63,0
1989-04-13T00:00:00+00:00,32981.63,33156.979999999996,32858.75,32978.689999999995,0
1989-04-14T00:00:00+00:00,32978.689999999995,33047.34,32662.219999999994,32775.1,0
1989-04-18T00:00:00+00:00,32775.1,32988.3,32775.1,32894.16,0
1989-04-19T00:00:00+00:00,32894.16,32947.7,32803.05,32907.590000000004,0
1989-04-20T00:00:00+00:00,32907.590000000004,33001.94000000001,32873.96000000001,32951.33000000001,0
1989-04-21T00:00:00+00:00,32951.33000000001,32980.16,32631.240000000005,32768.04000000001,0
1989-04-25T00:00:00+00:00,32768.04000000001,32846.200000000004,32434.90000000001,32536.990000000005,0
1989-04-26T00:00:00+00:00,32536.990000000005,33000.75000000001,32536.990000000005,32927.50000000001,0
1989-04-27T00:00:00+00:00,32927.50000000001,33116.87000000001,32828.55000000001,33105.79000000001,0
1989-04-28T00:00:00+00:00,33105.79000000001,33213.27000000001,33073.52000000001,33149.03000000001,0
1989-05-02T00:00:00+00:00,33149.03000000001,33308.20000000001,33149.03000000001,33220.62000000001,0
1989-05-03T00:00:00+00:00,33220.62000000001,33377.240000000005,33220.62000000001,33354.490000000005,0
1989-05-09T00:00:00+00:00,33979.8,34170.54,33979.8,34135.24,0
1989-05-10T00:00:00+00:00,34135.24,34163.29,33936.85,34020.3,0
1989-05-11T00:00:00+00:00,34020.3,34126.990000000005,33961.65000000001,33965.770000000004,0
1989-05-12T00:00:00+00:00,33965.770000000004,34040.01000000001,33928.990000000005,34039.020000000004,0
1989-05-16T00:00:00+00:00,34039.020000000004,34039.020000000004,33787.08,33891.130000000005,0
1989-05-17T00:00:00+00:00,33891.130000000005,34026.66,33835.530000000006,34021.76,0
1989-05-18T00:00:00+00:00,34021.76,34104.14000000001,34011.270000000004,34056.87,0
1989-05-19T00:00:00+00:00,34056.87,34073.25000000001,33842.3,33930.36000000001,0
1989-05-23T00:00:00+00:00,33930.36000000001,34047.36000000001,33926.05000000001,33991.16000000001,0
1989-05-24T00:00:00+00:00,33991.16000000001,33991.16000000001,33530.24000000001,33764.42000000001,0
1989-05-25T00:00:00+00:00,33764.42000000001,33889.650000000016,33662.720000000016,33807.67000000001,0
1989-05-26T00:00:00+00:00,33807.67000000001,33925.540000000015,33777.76000000001,33924.56000000001,0
1989-05-30T00:00:00+00:00,33924.56000000001,34048.52000000001,33812.86000000001,33871.41000000001,0
1989-05-31T00:00:00+00:00,33871.41000000001,33891.52000000001,33719.70000000001,33806.40000000001,0
1989-06-01T00:00:00+00:00,33806.40000000001,34004.40000000001,33740.59000000001,34002.44000000001,0
1989-06-02T00:00:00+00:00,34002.44000000001,34035.84000000001,33640.08000000001,33689.39000000001,0
1989-06-06T00:00:00+00:00,33689.39000000001,33848.840000000004,33447.91,33496.920000000006,0
1989-06-07T00:00:00+00:00,33496.920000000006,33637.83000000001,33311.20000000001,33515.48000000001,0
1989-06-08T00:00:00+00:00,33515.48000000001,33694.96000000001,33416.57000000001,33644.96000000001,0
1989-06-09T00:00:00+00:00,33644.96000000001,33825.80000000001,33644.96000000001,33705.79000000001,0
1989-06-13T00:00:00+00:00,33705.79000000001,33705.79000000001,33406.3,33489.11000000001,0
1989-06-14T00:00:00+00:00,33489.11000000001,33581.09000000001,33160.63000000001,33239.13000000001,0
1989-06-15T00:00:00+00:00,33239.13000000001,33412.45000000002,33022.06000000001,33407.28000000001,0
1989-06-16T00:00:00+00:00,33407.28000000001,33464.890000000014,32853.42000000001,32853.42000000001,0
1989-06-20T00:00:00+00:00,32853.42000000001,32866.210000000014,32673.16000000001,32828.03000000001,0
1989-06-21T00:00:00+00:00,32828.03000000001,33096.360000000015,32821.10000000001,33047.05000000002,0
1989-06-22T00:00:00+00:00,33047.05000000002,33182.10000000001,32982.99000000001,33150.85000000001,0
1989-06-23T00:00:00+00:00,33150.85000000001,33237.66000000002,33072.44000000002,33135.23000000002,0
1989-06-27T00:00:00+00:00,33135.23000000002,33262.95000000002,33095.000000000015,33195.87000000002,0
1989-06-28T00:00:00+00:00,33195.87000000002,33220.20000000002,33018.970000000016,33043.01000000002,0
1989-06-29T00:00:00+00:00,33043.01000000002,33043.01000000002,32564.410000000018,32858.000000000015,0
1989-06-30T00:00:00+00:00,32858.000000000015,32882.63000000001,32582.100000000013,32615.91000000001,0
1989-07-04T00:00:00+00:00,32615.91000000001,32957.69000000001,32417.810000000012,32957.69000000001,0
1989-07-05T00:00:00+00:00,32957.69000000001,32968.740000000005,32870.32000000001,32879.600000000006,0
1989-07-06T00:00:00+00:00,32879.600000000006,33016.62000000001,32879.600000000006,32968.04000000001,0
1989-07-07T00:00:00+00:00,32968.04000000001,33136.240000000005,32968.04000000001,33043.69000000001,0
1989-07-11T00:00:00+00:00,33043.69000000001,33168.49000000001,32954.17000000001,33001.18000000001,0
1989-07-12T00:00:00+00:00,33001.18000000001,33111.03000000001,32976.84000000001,33058.64000000001,0
1989-07-13T00:00:00+00:00,33058.64000000001,33107.60000000001,32984.46000000001,32992.96000000001,0
1989-07-14T00:00:00+00:00,32992.96000000001,33038.4,32887.89000000001,32891.22000000001,0
1989-07-18T00:00:00+00:00,32891.22000000001,32899.43000000001,32720.48000000001,32762.02000000001,0
1989-07-19T00:00:00+00:00,32762.02000000001,32768.37000000002,32611.710000000014,32646.800000000017,0
1989-07-20T00:00:00+00:00,32646.800000000017,32861.32000000002,32646.800000000017,32860.44000000002,0
1989-07-21T00:00:00+00:00,32860.44000000002,32963.75000000002,32847.06000000002,32927.68000000002,0
1989-07-25T00:00:00+00:00,32927.68000000002,33111.020000000026,32882.520000000026,33109.160000000025,0
1989-07-26T00:00:00+00:00,33109.160000000025,33495.88000000003,33109.160000000025,33492.270000000026,0
1989-07-27T00:00:00+00:00,33492.270000000026,33677.57000000002,33417.50000000002,33422.190000000024,0
1989-07-28T00:00:00+00:00,33422.190000000024,33671.510000000024,33422.190000000024,33668.770000000026,0
1989-08-01T00:00:00+00:00,33668.770000000026,33900.590000000026,33668.770000000026,33899.71000000003,0
1989-08-02T00:00:00+00:00,33899.71000000003,33913.59000000003,33717.14000000003,33848.50000000003,0
1989-08-03T00:00:00+00:00,33848.50000000003,33970.86000000003,33806.18000000003,33854.270000000026,0
1989-08-04T00:00:00+00:00,33854.270000000026,33895.22000000002,33665.160000000025,33745.50000000002,0
1989-08-08T00:00:00+00:00,33745.50000000002,33767.69000000002,33564.99000000002,33639.37000000002,0
1989-08-09T00:00:00+00:00,33639.37000000002,33784.80000000001,33554.250000000015,33782.94000000002,0
1989-08-10T00:00:00+00:00,33782.94000000002,33880.78000000001,33756.460000000014,33878.63000000001,0
1989-08-11T00:00:00+00:00,33878.63000000001,33947.24000000001,33744.64000000001,33755.88000000001,0
1989-08-15T00:00:00+00:00,33755.88000000001,33787.84000000001,33653.360000000015,33734.580000000016,0
1989-08-16T00:00:00+00:00,33734.580000000016,33887.24000000002,33706.140000000014,33884.99000000002,0
1989-08-17T00:00:00+00:00,33884.99000000002,34151.80000000002,33884.99000000002,34149.85000000002,0
1989-08-18T00:00:00+00:00,34149.85000000002,34219.830000000016,34013.81000000002,34118.38000000002,0
1989-08-22T00:00:00+00:00,34118.38000000002,34212.980000000025,34089.940000000024,34162.65000000002,0
1989-08-23T00:00:00+00:00,34162.65000000002,34205.65000000002,34058.950000000026,34162.260000000024,0
1989-08-24T00:00:00+00:00,34162.260000000024,34230.18000000002,33900.14000000002,33944.61000000002,0
1989-08-25T00:00:00+00:00,33944.61000000002,33999.04000000002,33703.99000000002,33828.010000000024,0
1989-08-29T00:00:00+00:00,33828.010000000024,33837.010000000024,33580.260000000024,33695.10000000003,0
1989-08-30T00:00:00+00:00,33695.10000000003,33770.85000000003,33589.06000000003,33770.85000000003,0
1989-08-31T00:00:00+00:00,33770.85000000003,33829.88000000003,33494.17000000003,33542.55000000003,0
1989-09-01T00:00:00+00:00,33542.55000000003,33575.29000000003,33304.18000000003,33490.950000000026,0
1989-09-05T00:00:00+00:00,33490.950000000026,33694.92000000003,33441.79000000003,33620.06000000003,0
1989-09-06T00:00:00+00:00,33620.06000000003,33741.940000000024,33445.32000000002,33548.82000000002,0
1989-09-07T00:00:00+00:00,33548.82000000002,33550.090000000026,33232.270000000026,33385.71000000002,0
1989-09-08T00:00:00+00:00,33385.71000000002,33457.45000000002,33268.24000000002,33310.26000000002,0
1989-09-12T00:00:00+00:00,33310.26000000002,33346.62000000002,33136.59000000002,33295.11000000002,0
1989-09-13T00:00:00+00:00,33295.11000000002,33522.54000000002,33281.04000000002,33522.54000000002,0
1989-09-14T00:00:00+00:00,33522.54000000002,33522.54000000002,33362.650000000016,33464.00000000002,0
1989-09-15T00:00:00+00:00,33464.00000000002,33582.36000000002,33433.80000000002,33573.76000000002,0
1989-09-19T00:00:00+00:00,33573.76000000002,33705.60000000002,33565.35000000002,33652.73000000002,0
1989-09-20T00:00:00+00:00,33652.73000000002,33756.91000000002,33544.050000000025,33646.96000000002,0
1989-09-21T00:00:00+00:00,33646.96000000002,33707.94000000002,33596.23000000002,33618.71000000002,0
1989-09-22T00:00:00+00:00,33618.71000000002,33840.56000000002,33618.71000000002,33827.080000000016,0
1989-09-26T00:00:00+00:00,33827.080000000016,33980.81000000001,33824.73000000002,33951.390000000014,0
1989-09-27T00:00:00+00:00,33951.390000000014,34418.51000000002,33948.650000000016,34418.51000000002,0
1989-09-28T00:00:00+00:00,34418.51000000002,34597.63000000002,34251.900000000016,34314.12000000002,0
1989-09-29T00:00:00+00:00,34314.12000000002,34605.74000000002,34314.12000000002,34605.74000000002,0
1989-10-03T00:00:00+00:00,34605.74000000002,34705.23000000002,34546.650000000016,34557.02000000002,0
1989-10-04T00:00:00+00:00,34557.02000000002,34557.02000000002,34247.10000000002,34319.99000000002,0
1989-10-05T00:00:00+00:00,34319.99000000002,34349.04000000002,34268.04000000002,34313.04000000002,0
1989-10-06T00:00:00+00:00,34313.04000000002,34468.19000000002,34313.04000000002,34454.30000000002,0
1989-10-10T00:00:00+00:00,34454.30000000002,34630.390000000014,34454.30000000002,34601.540000000015,0
1989-10-12T00:00:00+00:00,35380.85,35399.04,35005.77,35240.07,0
1989-10-13T00:00:00+00:00,35240.07,35240.07,34815.590000000004,34815.590000000004,0
1989-10-17T00:00:00+00:00,34815.590000000004,34815.590000000004,34200.840000000004,34208.66,0
1989-10-18T00:00:00+00:00,34208.66,34883.82000000001,34208.66,34696.32000000001,0
1989-10-19T00:00:00+00:00,34696.32000000001,34842.87000000001,34682.50000000001,34798.39000000001,0
1989-10-20T00:00:00+00:00,34798.39000000001,35061.22000000001,34798.39000000001,35043.30000000001,0
1989-10-24T00:00:00+00:00,35043.30000000001,35199.740000000005,35043.30000000001,35115.200000000004,0
1989-10-25T00:00:00+00:00,35115.200000000004,35156.94000000001,34955.04000000001,35032.33000000001,0
1989-10-26T00:00:00+00:00,35032.33000000001,35141.85000000001,34938.78000000001,34938.78000000001,0
1989-10-27T00:00:00+00:00,34938.78000000001,35183.95000000001,34938.78000000001,35165.33000000001,0
1989-10-31T00:00:00+00:00,35165.33000000001,35165.33000000001,34977.98000000001,35059.60000000001,0
1989-11-01T00:00:00+00:00,35059.60000000001,35229.81000000001,35059.60000000001,35195.91000000002,0
1989-11-02T00:00:00+00:00,35195.91000000002,35291.25000000002,35104.09000000002,35215.31000000002,0
1989-11-03T00:00:00+00:00,35215.31000000002,35225.21000000002,35030.300000000025,35164.36000000002,0
1989-11-07T00:00:00+00:00,35164.36000000002,35242.660000000025,35080.870000000024,35103.410000000025,0
1989-11-08T00:00:00+00:00,35103.410000000025,35103.410000000025,34831.10000000003,35002.78000000003,0
1989-11-09T00:00:00+00:00,35002.78000000003,35312.04000000003,35002.78000000003,35279.020000000026,0
1989-11-10T00:00:00+00:00,35279.020000000026,35342.81000000003,35119.190000000024,35309.980000000025,0
1989-11-14T00:00:00+00:00,35309.980000000025,35395.92000000003,35273.82000000003,35346.33000000003,0
1989-11-15T00:00:00+00:00,35346.33000000003,35396.79000000003,35317.52000000003,35389.44000000003,0
1989-11-16T00:00:00+00:00,35389.44000000003,35560.05000000003,35388.66000000003,35435.50000000004,0
1989-11-17T00:00:00+00:00,35435.50000000004,35533.39000000004,35413.35000000004,35456.570000000036,0
1989-11-21T00:00:00+00:00,35456.570000000036,35468.62000000004,35375.73000000003,35387.29000000004,0
1989-11-22T00:00:00+00:00,35387.29000000004,35526.92000000004,35387.29000000004,35526.92000000004,0
1989-11-23T00:00:00+00:00,35526.92000000004,35816.580000000045,35526.92000000004,35715.85000000004,0
1989-11-28T00:00:00+00:00,36487.7,36883.19,36487.7,36881.53,0
1989-11-29T00:00:00+00:00,36881.53,36975.89,36814.31,36974.03,0
1989-11-30T00:00:00+00:00,36974.03,37113.67,36920.72,37006.27,0
1989-12-01T00:00:00+00:00,37006.27,37240.67,36991.09,37240.67,0
1989-12-05T00:00:00+00:00,37240.67,37418.329999999994,37230.189999999995,37409.61,0
1989-12-06T00:00:00+00:00,37409.61,37631.17,37409.61,37576.88,0
1989-12-07T00:00:00+00:00,37576.88,37778.159999999996,37423.229999999996,37778.159999999996,0
1989-12-08T00:00:00+00:00,37778.159999999996,37980.119999999995,37671.53999999999,37980.119999999995,0
1989-12-12T00:00:00+00:00,37980.119999999995,38106.329999999994,37953.95999999999,38018.62999999999,0
1989-12-13T00:00:00+00:00,38018.62999999999,38154.639999999985,37930.72999999999,38058.21999999999,0
1989-12-14T00:00:00+00:00,38058.21999999999,38289.76999999998,38058.21999999999,38289.76999999998,0
1989-12-15T00:00:00+00:00,38289.76999999998,38433.32999999998,38225.48999999998,38412.45999999998,0
1989-12-19T00:00:00+00:00,38412.45999999998,38694.17999999998,38412.45999999998,38694.17999999998,0
1989-12-20T00:00:00+00:00,38694.17999999998,38694.17999999998,38385.11999999998,38573.74999999998,0
1989-12-21T00:00:00+00:00,38573.74999999998,38703.879999999976,38442.629999999976,38644.09999999998,0
1989-12-22T00:00:00+00:00,38644.09999999998,38660.95999999998,38317.29999999998,38336.79999999998,0
1989-12-26T00:00:00+00:00,38336.79999999998,38743.559999999976,38182.06999999998,38700.54999999998,0
1989-12-27T00:00:00+00:00,38700.54999999998,39016.38999999998,38700.54999999998,38911.56999999998,0
1989-12-28T00:00:00+00:00,38911.56999999998,39086.89999999998,38911.56999999998,39004.239999999976,0
1989-12-29T00:00:00+00:00,39004.239999999976,39089.159999999974,38846.949999999975,39045.71999999998,0
1990-01-05T00:00:00+00:00,38921.65,38950.77,38705.14,38712.88,0
1990-01-09T00:00:00+00:00,38712.88,38945.48,38502.35,38676.21,0
1990-01-10T00:00:00+00:00,38676.21,38691.60999999999,38124.829999999994,38346.439999999995,0
1990-01-11T00:00:00+00:00,38346.439999999995,38346.439999999995,37879.1,38115.32,0
1990-01-12T00:00:00+00:00,38115.32,38579.719999999994,38013.92,38579.719999999994,0
1990-01-17T00:00:00+00:00,37469.41,37469.41,36657.97,36850.36,0
1990-01-18T00:00:00+00:00,36850.36,37241.71,36777.4,36777.4,0
1990-01-19T00:00:00+00:00,36777.4,36947.33,36465.28,36673.36,0
1990-01-23T00:00:00+00:00,36673.36,37077.26,36671.5,37077.26,0
1990-01-24T00:00:00+00:00,37077.26,37243.87,36882.420000000006,37242.4,0
1990-01-25T00:00:00+00:00,37242.4,37308.89,36529.32,36625.030000000006,0
1990-01-26T00:00:00+00:00,36625.030000000006,36884.79000000001,36569.14000000001,36772.12000000001,0
1990-01-30T00:00:00+00:00,36772.12000000001,37084.40000000001,36772.12000000001,37033.310000000005,0
1990-01-31T00:00:00+00:00,37033.310000000005,37159.340000000004,37015.46000000001,37038.9,0
1990-02-01T00:00:00+00:00,37038.9,37046.060000000005,36795.21000000001,37026.93,0
1990-02-02T00:00:00+00:00,37026.93,37117.090000000004,36909.79,36991.32,0
1990-02-06T00:00:00+00:00,36991.32,37046.75,36897.920000000006,36945.89000000001,0
1990-02-07T00:00:00+00:00,36945.89000000001,37152.80000000001,36909.00000000001,36932.94000000001,0
1990-02-08T00:00:00+00:00,36932.94000000001,36941.48000000001,36504.22000000001,36550.42000000001,0
1990-02-09T00:00:00+00:00,36550.42000000001,36720.54000000001,36385.11000000001,36720.54000000001,0
1990-02-14T00:00:00+00:00,37319.53,37350.93,37093.99,37107.03,0
1990-02-15T00:00:00+00:00,37107.03,37165.4,37000.39,37138.03,0
1990-02-16T00:00:00+00:00,37138.03,37537.03,37138.03,37423.619999999995,0
1990-02-20T00:00:00+00:00,37423.619999999995,37538.10999999999,37025.009999999995,37150.189999999995,0
1990-02-21T00:00:00+00:00,37150.189999999995,37150.189999999995,36860.77,36888.149999999994,0
1990-02-22T00:00:00+00:00,36888.149999999994,36888.149999999994,35717.049999999996,35756.49,0
1990-02-23T00:00:00+00:00,35756.49,36137.829999999994,35077.2,35816.329999999994,0
1990-02-27T00:00:00+00:00,35816.329999999994,35816.329999999994,33396.42999999999,34275.119999999995,0
1990-02-28T00:00:00+00:00,34275.119999999995,34930.259999999995,33722.80999999999,34827.51999999999,0
1990-03-01T00:00:00+00:00,34827.51999999999,35633.03999999999,34827.51999999999,35469.30999999999,0
1990-03-02T00:00:00+00:00,35469.30999999999,35469.899999999994,34711.619999999995,34711.619999999995,0
1990-03-06T00:00:00+00:00,34711.619999999995,34757.189999999995,34390.82,34484.329999999994,0
1990-03-07T00:00:00+00:00,34484.329999999994,34616.829999999994,34357.329999999994,34418.52,0
1990-03-08T00:00:00+00:00,34418.52,34428.24999999999,33800.899999999994,33983.19999999999,0
1990-03-09T00:00:00+00:00,33983.19999999999,34649.04999999999,33681.859999999986,34401.32999999999,0
1990-03-13T00:00:00+00:00,34401.32999999999,34421.569999999985,33782.139999999985,33784.09999999999,0
1990-03-14T00:00:00+00:00,33784.09999999999,33784.09999999999,33086.81999999999,33086.81999999999,0
1990-03-15T00:00:00+00:00,33086.81999999999,33270.29999999999,32788.02999999999,32860.619999999995,0
1990-03-16T00:00:00+00:00,32860.619999999995,33216.189999999995,32860.619999999995,33167.659999999996,0
1990-03-20T00:00:00+00:00,33167.659999999996,33279.829999999994,31756.599999999995,31821.629999999997,0
1990-03-21T00:00:00+00:00,31821.629999999997,32130.739999999998,31149.79,31386.899999999998,0
1990-03-23T00:00:00+00:00,30775.86,30775.86,28830.37,29843.34,0
1990-03-27T00:00:00+00:00,29843.34,31305.670000000002,29843.34,31305.670000000002,0
1990-03-28T00:00:00+00:00,31305.670000000002,31636.390000000003,30839.65,31297.99,0
1990-03-29T00:00:00+00:00,31297.99,31297.99,30605.59,30761.95,0
1990-03-30T00:00:00+00:00,30761.95,30961.16,30400.149999999998,30549.71,0
1990-04-03T00:00:00+00:00,30549.71,30549.71,28571.82,28571.82,0
1990-04-04T00:00:00+00:00,28571.82,29357.8,28244.77,29326.31,0
1990-04-05T00:00:00+00:00,29326.31,29681.100000000002,28627.99,28980.7,0
1990-04-06T00:00:00+00:00,28980.7,28980.7,27808.25,28806.27,0
1990-04-10T00:00:00+00:00,28806.27,30032.73,28806.27,29906.47,0
1990-04-11T00:00:00+00:00,29906.47,29906.47,29148.230000000003,29148.230000000003,0
1990-04-12T00:00:00+00:00,29148.230000000003,29496.800000000003,28833.920000000002,28934.02,0
1990-04-13T00:00:00+00:00,28934.02,29164.72,28604.4,29099.960000000003,0
1990-04-17T00:00:00+00:00,29099.960000000003,29099.960000000003,28343.300000000003,28410.130000000005,0
1990-04-18T00:00:00+00:00,28410.130000000005,28864.910000000003,28339.540000000005,28465.210000000003,0
1990-04-19T00:00:00+00:00,28465.210000000003,29289.010000000002,28465.210000000003,29287.720000000005,0
1990-04-20T00:00:00+00:00,29287.720000000005,30025.920000000006,29287.720000000005,29936.880000000005,0
1990-04-24T00:00:00+00:00,29936.880000000005,30055.840000000004,29623.060000000005,29781.500000000004,0
1990-04-25T00:00:00+00:00,29781.500000000004,29781.500000000004,29436.680000000004,29652.970000000005,0
1990-04-26T00:00:00+00:00,29652.970000000005,29856.430000000004,29578.840000000004,29709.930000000004,0
1990-04-27T00:00:00+00:00,29709.930000000004,29815.270000000004,29560.280000000006,29560.280000000006,0
1990-05-02T00:00:00+00:00,29593.58,29691.02,29519.25,29689.83,0
1990-05-03T00:00:00+00:00,29689.83,30127.440000000002,29689.83,30127.440000000002,0
1990-05-08T00:00:00+00:00,30211.55,30956.66,30211.55,30956.27,0
1990-05-09T00:00:00+00:00,30956.27,31046.59,30736.23,30977.29,0
1990-05-10T00:00:00+00:00,30977.29,31108.19,30832.18,30943.04,0
1990-05-11T00:00:00+00:00,30943.04,31246.690000000002,30943.04,30966.14,0
1990-05-15T00:00:00+00:00,30966.14,31495.27,30966.14,31466.84,0
1990-05-16T00:00:00+00:00,31466.84,31744.14,31309.78,31417.88,0
1990-05-17T00:00:00+00:00,31417.88,31518.37,31340.88,31402.87,0
1990-05-18T00:00:00+00:00,31402.87,31611.36,31314.32,31494.28,0
1990-05-22T00:00:00+00:00,31494.28,31494.28,31112.25,31271.969999999998,0
1990-05-23T00:00:00+00:00,31271.969999999998,31488.949999999997,31150.35,31488.949999999997,0
1990-05-24T00:00:00+00:00,31488.949999999997,31815.999999999996,31488.949999999997,31675.729999999996,0
1990-05-25T00:00:00+00:00,31675.729999999996,31820.249999999993,31560.829999999994,31803.079999999994,0
1990-05-29T00:00:00+00:00,31803.079999999994,32188.469999999994,31803.079999999994,32155.889999999992,0
1990-05-30T00:00:00+00:00,32155.889999999992,32168.51999999999,31741.369999999988,31782.439999999988,0
1990-05-31T00:00:00+00:00,31782.439999999988,31980.069999999992,31443.04999999999,31903.959999999992,0
1990-06-01T00:00:00+00:00,31903.959999999992,32170.499999999993,31819.069999999992,32073.359999999993,0
1990-06-05T00:00:00+00:00,32073.359999999993,32244.52999999999,32060.819999999992,32087.969999999994,0
1990-06-06T00:00:00+00:00,32087.969999999994,32197.44999999999,31998.929999999993,32064.869999999995,0
1990-06-07T00:00:00+00:00,32064.869999999995,32203.369999999995,31990.039999999994,32104.549999999996,0
1990-06-08T00:00:00+00:00,32104.549999999996,32383.22,32102.869999999995,32358.35,0
1990-06-12T00:00:00+00:00,32358.35,32358.35,31882.339999999997,31934.559999999998,0
1990-06-13T00:00:00+00:00,31934.559999999998,32038.12,31728.739999999998,31766.45,0
1990-06-14T00:00:00+00:00,31766.45,31883.230000000003,31607.710000000003,31788.960000000003,0
1990-06-15T00:00:00+00:00,31788.960000000003,32136.050000000003,31788.960000000003,32048.190000000002,0
1990-06-19T00:00:00+00:00,32048.190000000002,32152.23,31824.2,31894.68,0
1990-06-20T00:00:00+00:00,31894.68,31894.68,31484.31,31610.870000000003,0
1990-06-21T00:00:00+00:00,31610.870000000003,31748.190000000006,31571.490000000005,31653.620000000003,0
1990-06-22T00:00:00+00:00,31653.620000000003,31870.010000000002,31475.64,31640.4,0
1990-06-26T00:00:00+00:00,31640.4,31640.4,31126.88,31126.88,0
1990-06-27T00:00:00+00:00,31126.88,31580.89,31094.38,31579.81,0
1990-06-28T00:00:00+00:00,31579.81,32292.54,31579.81,32292.54,0
1990-06-29T00:00:00+00:00,32292.54,32307.360000000004,31899.680000000004,32074.72,0
1990-07-03T00:00:00+00:00,32074.72,32310.920000000002,31916.770000000004,32310.920000000002,0
1990-07-04T00:00:00+00:00,32310.920000000002,32545.63,32264.980000000003,32545.63,0
1990-07-05T00:00:00+00:00,32545.63,32758.710000000003,32530.030000000002,32577.25,0
1990-07-06T00:00:00+00:00,32577.25,32718.42,32479.449999999997,32479.449999999997,0
1990-07-10T00:00:00+00:00,32479.449999999997,32630.589999999997,32439.839999999997,32560.159999999996,0
1990-07-11T00:00:00+00:00,32560.159999999996,32560.159999999996,32159.689999999995,32159.689999999995,0
1990-07-12T00:00:00+00:00,32159.689999999995,32465.229999999992,32152.579999999994,32302.629999999994,0
1990-07-13T00:00:00+00:00,32302.629999999994,32549.589999999993,32238.11999999999,32547.11999999999,0
1990-07-17T00:00:00+00:00,32547.11999999999,32890.98999999999,32547.11999999999,32890.98999999999,0
1990-07-18T00:00:00+00:00,32890.98999999999,33003.59999999999,32794.66999999999,32998.16999999999,0
1990-07-19T00:00:00+00:00,32998.16999999999,33011.20999999999,32796.359999999986,32872.51999999999,0
1990-07-20T00:00:00+00:00,32872.51999999999,32898.899999999994,32669.219999999994,32876.969999999994,0
1990-07-24T00:00:00+00:00,32876.969999999994,32876.969999999994,32237.439999999995,32350.639999999996,0
1990-07-25T00:00:00+00:00,32350.639999999996,32440.529999999995,32020.799999999996,32218.959999999995,0
1990-07-26T00:00:00+00:00,32218.959999999995,32325.85,32130.649999999998,32181.219999999998,0
1990-07-27T00:00:00+00:00,32181.219999999998,32269.639999999996,31802.779999999995,31844.859999999997,0
1990-07-31T00:00:00+00:00,31844.859999999997,31844.859999999997,31294.919999999995,31441.319999999996,0
1990-08-01T00:00:00+00:00,31441.319999999996,31977.529999999995,31441.319999999996,31972.489999999994,0
1990-08-02T00:00:00+00:00,31972.489999999994,32257.879999999994,31543.169999999995,31724.339999999997,0
1990-08-03T00:00:00+00:00,31724.339999999997,31724.339999999997,30853.649999999998,31169.559999999998,0
1990-08-07T00:00:00+00:00,31169.559999999998,31169.559999999998,29956.09,30282.969999999998,0
1990-08-08T00:00:00+00:00,30282.969999999998,30282.969999999998,28925.369999999995,29337.499999999996,0
1990-08-09T00:00:00+00:00,29337.499999999996,30201.96,29252.94,30189.519999999997,0
1990-08-10T00:00:00+00:00,30189.519999999997,30189.519999999997,29302.829999999998,29302.829999999998,0
1990-08-14T00:00:00+00:00,29302.829999999998,29302.829999999998,27934.459999999995,28197.129999999997,0
1990-08-15T00:00:00+00:00,28197.129999999997,28792.309999999998,27952.73,28676.039999999997,0
1990-08-16T00:00:00+00:00,28676.039999999997,30118.009999999995,28676.039999999997,30071.279999999995,0
1990-08-17T00:00:00+00:00,30071.279999999995,30071.279999999995,29410.499999999996,29523.609999999993,0
1990-08-21T00:00:00+00:00,29523.609999999993,29687.489999999994,29220.039999999994,29254.419999999995,0
1990-08-22T00:00:00+00:00,29254.419999999995,29661.709999999995,29003.409999999996,29003.409999999996,0
1990-08-23T00:00:00+00:00,29003.409999999996,29003.409999999996,27593.549999999996,27959.949999999997,0
1990-08-24T00:00:00+00:00,27959.949999999997,27959.949999999997,26410.399999999998,26498.82,0
1990-08-28T00:00:00+00:00,26498.82,27457.14,26498.82,27457.14,0
1990-08-29T00:00:00+00:00,27457.14,28225.09,27457.14,28022.19,0
1990-08-30T00:00:00+00:00,28022.19,28022.19,27176.19,27216,0
1990-08-31T00:00:00+00:00,27216,27973.68,27051.13,27970.32,0
1990-09-04T00:00:00+00:00,27970.32,28119.68,27374.05,27376.62,0
1990-09-05T00:00:00+00:00,27376.62,27407.04,26750.22,26854.84,0
1990-09-06T00:00:00+00:00,26854.84,26854.84,25607.09,26044.91,0
1990-09-07T00:00:00+00:00,26044.91,26217.29,25569.36,25760.9,0
1990-09-11T00:00:00+00:00,25760.9,26844.570000000003,25760.9,26844.570000000003,0
1990-09-12T00:00:00+00:00,26844.570000000003,26844.570000000003,26251.270000000004,26385.220000000005,0
1990-09-13T00:00:00+00:00,26385.220000000005,27072.470000000005,26248.010000000002,27000.550000000003,0
1990-09-14T00:00:00+00:00,27000.550000000003,27234.670000000002,26759.22,26821.950000000004,0
1990-09-18T00:00:00+00:00,26821.950000000004,26821.950000000004,26219.760000000006,26298.880000000005,0
1990-09-19T00:00:00+00:00,26298.880000000005,26298.880000000005,25276.160000000007,25852.670000000006,0
1990-09-20T00:00:00+00:00,25852.670000000006,26104.580000000005,25699.460000000003,25699.460000000003,0
1990-09-21T00:00:00+00:00,25699.460000000003,25801.800000000003,25397.570000000003,25568.370000000003,0
1990-09-26T00:00:00+00:00,23762.03,23762.03,23218.5,23359.32,0
1990-09-27T00:00:00+00:00,23359.32,23506.67,22238.859999999997,22238.859999999997,0
1990-09-28T00:00:00+00:00,22238.859999999997,22318.609999999997,21538.489999999998,21778.629999999997,0
1990-10-02T00:00:00+00:00,21778.629999999997,21868.059999999998,20574.26,21014.42,0
1990-10-03T00:00:00+00:00,21014.42,23691.96,21014.42,23690.969999999998,0
1990-10-04T00:00:00+00:00,23690.969999999998,24255.749999999996,23370.879999999997,23642.249999999996,0
1990-10-05T00:00:00+00:00,23642.249999999996,23642.249999999996,23073.319999999996,23091.409999999996,0
1990-10-09T00:00:00+00:00,23091.409999999996,23863.819999999996,23091.409999999996,23863.819999999996,0
1990-10-10T00:00:00+00:00,23863.819999999996,24192.209999999995,23582.469999999998,23715.879999999997,0
1990-10-12T00:00:00+00:00,23479.69,23479.69,22521.2,22585.63,0
1990-10-16T00:00:00+00:00,22585.63,23290.74,22585.63,23290.74,0
1990-10-17T00:00:00+00:00,23290.74,23966.81,23290.74,23753.43,0
1990-10-18T00:00:00+00:00,23753.43,24191.969999999998,23689.489999999998,23997.39,0
1990-10-19T00:00:00+00:00,23997.39,24506.49,23902.77,24506.49,0
1990-10-23T00:00:00+00:00,24506.49,25249.360000000004,24506.49,25087.840000000004,0
1990-10-24T00:00:00+00:00,25087.840000000004,25421.670000000006,25072.300000000003,25287.070000000003,0
1990-10-25T00:00:00+00:00,25287.070000000003,25287.070000000003,24693.050000000003,24892.670000000006,0
1990-10-26T00:00:00+00:00,24892.670000000006,25470.960000000003,24892.670000000006,25337.740000000005,0
1990-10-30T00:00:00+00:00,25337.740000000005,25726.630000000005,25337.640000000003,25662.690000000006,0
1990-10-31T00:00:00+00:00,25662.690000000006,25662.690000000006,25219.350000000006,25576.570000000007,0
1990-11-01T00:00:00+00:00,25576.570000000007,25768.000000000004,25467.790000000005,25517.180000000004,0
1990-11-02T00:00:00+00:00,25517.180000000004,25517.180000000004,24561.920000000002,24652.390000000003,0
1990-11-06T00:00:00+00:00,24652.390000000003,24995.750000000004,24652.390000000003,24805.710000000006,0
1990-11-07T00:00:00+00:00,24805.710000000006,25034.550000000007,24256.960000000006,24355.050000000007,0
1990-11-08T00:00:00+00:00,24355.050000000007,24355.050000000007,23818.170000000006,23916.960000000006,0
1990-11-09T00:00:00+00:00,23916.960000000006,23916.960000000006,23306.640000000007,23442.74000000001,0
1990-11-14T00:00:00+00:00,22938.73,23974.07,22938.73,23973.67,0
1990-11-15T00:00:00+00:00,23973.67,24078.69,23662.379999999997,23970.299999999996,0
1990-11-16T00:00:00+00:00,23970.299999999996,23998.999999999996,23492.519999999997,23526.769999999997,0
1990-11-20T00:00:00+00:00,23526.769999999997,23852.309999999998,23510.829999999998,23852.309999999998,0
1990-11-21T00:00:00+00:00,23852.309999999998,23852.309999999998,23576.45,23579.12,0
1990-11-22T00:00:00+00:00,23579.12,23579.12,23036.21,23237.940000000002,0
1990-11-23T00:00:00+00:00,23237.940000000002,23816.780000000002,23237.940000000002,23816.780000000002,0
1990-11-27T00:00:00+00:00,23816.780000000002,24166.090000000004,23816.780000000002,24162.860000000004,0
1990-11-28T00:00:00+00:00,24162.860000000004,24162.860000000004,23959.160000000003,24049.230000000003,0
1990-11-29T00:00:00+00:00,24049.230000000003,24206.770000000004,23485.960000000003,23493.590000000004,0
1990-11-30T00:00:00+00:00,23493.590000000004,23493.590000000004,22728.29,23175.29,0
1990-12-04T00:00:00+00:00,23175.29,23752.160000000003,23175.29,23444.410000000003,0
1990-12-05T00:00:00+00:00,23444.410000000003,23444.410000000003,22627.770000000004,22627.970000000005,0
1990-12-06T00:00:00+00:00,22627.970000000005,22976.890000000003,22352.890000000003,22919.970000000005,0
1990-12-07T00:00:00+00:00,22919.970000000005,23290.300000000007,22919.970000000005,23234.270000000004,0
1990-12-11T00:00:00+00:00,23234.270000000004,23532.040000000005,23020.500000000004,23454.300000000003,0
1990-12-12T00:00:00+00:00,23454.300000000003,23700.440000000002,23127.780000000002,23651.250000000004,0
1990-12-13T00:00:00+00:00,23651.250000000004,24020.610000000004,23587.980000000003,23694.180000000004,0
1990-12-14T00:00:00+00:00,23694.180000000004,24300.870000000006,23694.180000000004,24300.870000000006,0
1990-12-18T00:00:00+00:00,24300.870000000006,24300.870000000006,23991.070000000007,24061.870000000006,0
1990-12-19T00:00:00+00:00,24061.870000000006,24392.010000000006,24061.870000000006,24392.010000000006,0
1990-12-20T00:00:00+00:00,24392.010000000006,24982.660000000007,24392.010000000006,24795.580000000005,0
1990-12-21T00:00:00+00:00,24795.580000000005,24795.580000000005,24458.110000000004,24467.110000000004,0
1990-12-26T00:00:00+00:00,24467.110000000004,24467.110000000004,24145.060000000005,24145.060000000005,0
1990-12-27T00:00:00+00:00,24145.060000000005,24335.780000000006,24055.620000000006,24247.710000000006,0
1990-12-28T00:00:00+00:00,24247.710000000006,24573.090000000007,24175.300000000007,24250.160000000007,0
1991-01-08T00:00:00+00:00,24036.99,24036.99,23735.59,23736.57,0
1991-01-09T00:00:00+00:00,23736.57,23736.57,22888.149999999998,22926.71,0
1991-01-10T00:00:00+00:00,22926.71,23178.690000000002,22742.440000000002,23049.22,0
1991-01-11T00:00:00+00:00,23049.22,23309.22,22836.38,23171.83,0
1991-01-15T00:00:00+00:00,23171.83,23212.74,22885.020000000004,23187.100000000002,0
1991-01-17T00:00:00+00:00,23140.23,23140.23,22382.23,22442.7,0
1991-01-18T00:00:00+00:00,22442.7,23486.440000000002,22139.15,23486.440000000002,0
1991-01-22T00:00:00+00:00,23486.440000000002,23486.440000000002,23083.370000000003,23083.370000000003,0
1991-01-23T00:00:00+00:00,23083.370000000003,23208.63,22912.9,22964.870000000003,0
1991-01-24T00:00:00+00:00,22964.870000000003,22964.870000000003,22743.220000000005,22841.760000000002,0
1991-01-25T00:00:00+00:00,22841.760000000002,23121.930000000004,22841.760000000002,22996.38,0
1991-01-29T00:00:00+00:00,22996.38,22996.38,22884.610000000004,22990.9,0
1991-01-30T00:00:00+00:00,22990.9,23036.710000000003,22850.450000000004,22888.33,0
1991-01-31T00:00:00+00:00,22888.33,22998.93,22849.570000000003,22853.780000000002,0
1991-02-01T00:00:00+00:00,22853.780000000002,23031.030000000002,22598.710000000003,22669.480000000003,0
1991-02-05T00:00:00+00:00,22669.480000000003,22784.680000000004,22625.340000000004,22778.020000000004,0
1991-02-06T00:00:00+00:00,22778.020000000004,23232.850000000002,22778.020000000004,23232.550000000003,0
1991-02-07T00:00:00+00:00,23232.550000000003,23666.33,23232.550000000003,23307.520000000004,0
1991-02-08T00:00:00+00:00,23307.520000000004,23468.630000000005,23232.650000000005,23410.780000000006,0
1991-02-13T00:00:00+00:00,24333.07,25074.29,24333.07,24935.01,0
1991-02-14T00:00:00+00:00,24935.01,25227.859999999997,24883.53,25141.53,0
1991-02-15T00:00:00+00:00,25141.53,25362.819999999996,25141.53,25312.909999999996,0
1991-02-19T00:00:00+00:00,25312.909999999996,26164.529999999995,25312.909999999996,26164.529999999995,0
1991-02-20T00:00:00+00:00,26164.529999999995,26402.369999999995,25972.399999999994,26087.599999999995,0
1991-02-21T00:00:00+00:00,26087.599999999995,26274.449999999993,25770.189999999995,26132.919999999995,0
1991-02-22T00:00:00+00:00,26132.919999999995,26213.079999999994,25950.179999999997,26020.259999999995,0
1991-02-26T00:00:00+00:00,26020.259999999995,26578.839999999997,25964.179999999997,26574.829999999994,0
1991-02-27T00:00:00+00:00,26574.829999999994,26784.869999999995,26330.529999999995,26358.029999999995,0
1991-02-28T00:00:00+00:00,26358.029999999995,26358.029999999995,26115.589999999993,26223.149999999994,0
1991-03-01T00:00:00+00:00,26223.149999999994,26670.059999999994,26223.149999999994,26455.609999999997,0
1991-03-05T00:00:00+00:00,26455.609999999997,26632.67,26416.269999999997,26579.719999999998,0
1991-03-06T00:00:00+00:00,26579.719999999998,26748.069999999996,26495.94,26512.679999999997,0
1991-03-07T00:00:00+00:00,26512.679999999997,26920.919999999995,26512.679999999997,26913.969999999998,0
1991-03-08T00:00:00+00:00,26913.969999999998,27027.399999999998,26793.579999999998,26947.239999999998,0
1991-03-12T00:00:00+00:00,26947.239999999998,27071.05,26927.37,26986.579999999998,0
1991-03-13T00:00:00+00:00,26986.579999999998,27087.19,26948.309999999998,27070.069999999996,0
1991-03-14T00:00:00+00:00,27070.069999999996,27070.069999999996,26767.049999999996,26796.309999999994,0
1991-03-15T00:00:00+00:00,26796.309999999994,26909.459999999995,26684.439999999995,26860.319999999996,0
1991-03-19T00:00:00+00:00,26860.319999999996,27214.429999999997,26860.319999999996,27091.009999999995,0
1991-03-20T00:00:00+00:00,27091.009999999995,27218.349999999995,26951.929999999993,27031.699999999993,0
1991-03-21T00:00:00+00:00,27031.699999999993,27031.699999999993,26577.169999999995,26577.949999999993,0
1991-03-26T00:00:00+00:00,26602.62,26802.78,26602.62,26645.79,0
1991-03-27T00:00:00+00:00,26645.79,26680.210000000003,26295.550000000003,26311.530000000002,0
1991-03-28T00:00:00+00:00,26311.530000000002,26489.160000000003,25984.380000000005,25984.380000000005,0
1991-03-29T00:00:00+00:00,25984.380000000005,26273.750000000004,25743.420000000006,26164.370000000003,0
1991-04-02T00:00:00+00:00,26164.370000000003,26164.370000000003,25840.870000000003,25933.980000000003,0
1991-04-03T00:00:00+00:00,25933.980000000003,26252.940000000006,25891.960000000003,26230.360000000004,0
1991-04-04T00:00:00+00:00,26230.360000000004,26711.080000000005,26230.360000000004,26687.710000000006,0
1991-04-05T00:00:00+00:00,26687.710000000006,26727.750000000007,26543.510000000006,26624.88000000001,0
1991-04-09T00:00:00+00:00,26624.88000000001,26684.95000000001,26451.10000000001,26467.27000000001,0
1991-04-10T00:00:00+00:00,26467.27000000001,26494.390000000014,26225.04000000001,26225.04000000001,0
1991-04-11T00:00:00+00:00,26225.04000000001,26324.26000000001,26145.05000000001,26223.36000000001,0
1991-04-12T00:00:00+00:00,26223.36000000001,26359.080000000013,26126.02000000001,26340.14000000001,0
1991-04-16T00:00:00+00:00,26340.14000000001,26616.200000000008,26340.14000000001,26415.590000000007,0
1991-04-17T00:00:00+00:00,26415.590000000007,26564.030000000006,26285.110000000004,26483.060000000005,0
1991-04-18T00:00:00+00:00,26483.060000000005,26715.730000000007,26483.060000000005,26604.080000000005,0
1991-04-19T00:00:00+00:00,26604.080000000005,26652.210000000006,26308.980000000003,26408.210000000006,0
1991-04-23T00:00:00+00:00,26408.210000000006,26408.210000000006,26152.770000000004,26152.770000000004,0
1991-04-24T00:00:00+00:00,26152.770000000004,26532.690000000002,26042.110000000004,26455.370000000003,0
1991-04-25T00:00:00+00:00,26455.370000000003,26524.9,26268.460000000003,26269.45,0
1991-04-26T00:00:00+00:00,26269.45,26295.19,25991.21,25992.2,0
1991-05-01T00:00:00+00:00,26147.35,26258.61,26094.09,26111.25,0
1991-05-02T00:00:00+00:00,26111.25,26447.48,26111.25,26406.64,0
1991-05-03T00:00:00+00:00,26406.64,26536.73,26302.589999999997,26366.01,0
1991-05-08T00:00:00+00:00,26500.15,26523.62,26326.36,26342.14,0
1991-05-09T00:00:00+00:00,26342.14,26397.48,26207.71,26339.28,0
1991-05-10T00:00:00+00:00,26339.28,26508.329999999998,26328.329999999998,26476.469999999998,0
1991-05-14T00:00:00+00:00,26476.469999999998,26599.95,26353.68,26354.66,0
1991-05-15T00:00:00+00:00,26354.66,26554.579999999998,26301.2,26301.2,0
1991-05-16T00:00:00+00:00,26301.2,26301.2,26041.21,26121.99,0
1991-05-17T00:00:00+00:00,26121.99,26131.070000000003,25857.170000000002,25879.960000000003,0
1991-05-21T00:00:00+00:00,25879.960000000003,25887.65,25479.620000000003,25671.95,0
1991-05-22T00:00:00+00:00,25671.95,25767.230000000003,25438.4,25691.97,0
1991-05-23T00:00:00+00:00,25691.97,25945.45,25575.59,25575.59,0
1991-05-24T00:00:00+00:00,25575.59,25830.54,25460.09,25752.920000000002,0
1991-05-28T00:00:00+00:00,25752.920000000002,25847.31,25562.670000000002,25635.06,0
1991-05-29T00:00:00+00:00,25635.06,25746.22,25569.77,25619.48,0
1991-05-30T00:00:00+00:00,25619.48,25812.5,25619.48,25658.14,0
1991-05-31T00:00:00+00:00,25658.14,25822.36,25658.14,25749.77,0
1991-06-04T00:00:00+00:00,25749.77,25926.02,25654.2,25821.47,0
1991-06-05T00:00:00+00:00,25821.47,25821.47,25543.34,25560.7,0
1991-06-06T00:00:00+00:00,25560.7,25641.28,25287.3,25305.44,0
1991-06-07T00:00:00+00:00,25305.44,25305.44,24918.319999999996,24990.319999999996,0
1991-06-11T00:00:00+00:00,24990.319999999996,24990.319999999996,24587.619999999995,24587.619999999995,0
1991-06-12T00:00:00+00:00,24587.619999999995,24736.939999999995,24475.969999999994,24678.259999999995,0
1991-06-13T00:00:00+00:00,24678.259999999995,24835.179999999993,24441.549999999992,24441.549999999992,0
1991-06-14T00:00:00+00:00,24441.549999999992,24795.03999999999,24321.21999999999,24795.03999999999,0
1991-06-18T00:00:00+00:00,24795.03999999999,24805.59999999999,24597.68999999999,24648.37999999999,0
1991-06-19T00:00:00+00:00,24648.37999999999,24648.37999999999,24412.35999999999,24448.459999999992,0
1991-06-20T00:00:00+00:00,24448.459999999992,24448.459999999992,23685.959999999992,23787.749999999993,0
1991-06-21T00:00:00+00:00,23787.749999999993,24015.77999999999,23682.799999999992,23879.76999999999,0
1991-06-25T00:00:00+00:00,23879.76999999999,23879.76999999999,23380.119999999988,23382.189999999988,0
1991-06-26T00:00:00+00:00,23382.189999999988,23594.389999999985,23122.519999999986,23594.389999999985,0
1991-06-27T00:00:00+00:00,23594.389999999985,23784.579999999987,23405.579999999987,23428.379999999986,0
1991-06-28T00:00:00+00:00,23428.379999999986,23563.099999999984,23119.459999999985,23271.349999999984,0
1991-07-02T00:00:00+00:00,23271.349999999984,24075.239999999983,23271.349999999984,24003.579999999984,0
1991-07-03T00:00:00+00:00,24003.579999999984,24189.519999999982,23862.839999999982,23862.839999999982,0
1991-07-04T00:00:00+00:00,23862.839999999982,23862.839999999982,23282.099999999984,23312.009999999984,0
1991-07-05T00:00:00+00:00,23312.009999999984,23334.809999999983,22921.269999999982,23155.379999999983,0
1991-07-09T00:00:00+00:00,23155.379999999983,23241.049999999985,22445.849999999984,22446.72999999998,0
1991-07-10T00:00:00+00:00,22446.72999999998,22901.62999999998,21964.29999999998,22842.10999999998,0
1991-07-11T00:00:00+00:00,22842.10999999998,23370.229999999978,22710.73999999998,23312.299999999977,0
1991-07-12T00:00:00+00:00,23312.299999999977,23312.299999999977,23100.199999999975,23160.409999999974,0
1991-07-16T00:00:00+00:00,23160.409999999974,23489.269999999975,23160.409999999974,23425.509999999977,0
1991-07-17T00:00:00+00:00,23425.509999999977,23540.689999999977,23316.549999999977,23317.53999999998,0
1991-07-18T00:00:00+00:00,23317.53999999998,23317.53999999998,23057.26999999998,23070.59999999998,0
1991-07-19T00:00:00+00:00,23070.59999999998,23070.59999999998,22685.38999999998,22934.20999999998,0
1991-07-23T00:00:00+00:00,22934.20999999998,23065.879999999983,22765.539999999983,22765.539999999983,0
1991-07-24T00:00:00+00:00,22765.539999999983,22918.519999999982,22617.289999999983,22835.70999999998,0
1991-07-25T00:00:00+00:00,22835.70999999998,23354.15999999998,22835.70999999998,23354.15999999998,0
1991-07-26T00:00:00+00:00,23354.15999999998,23490.06999999998,23260.59999999998,23381.59999999998,0
1991-07-30T00:00:00+00:00,23381.59999999998,23500.76999999998,23253.929999999982,23279.429999999982,0
1991-07-31T00:00:00+00:00,23279.429999999982,23768.65999999998,23279.429999999982,23685.15999999998,0
1991-08-01T00:00:00+00:00,23685.15999999998,23936.24999999998,23685.15999999998,23900.47999999998,0
1991-08-02T00:00:00+00:00,23900.47999999998,23900.47999999998,23681.99999999998,23898.89999999998,0
1991-08-06T00:00:00+00:00,23898.89999999998,23942.679999999982,23688.55999999998,23691.61999999998,0
1991-08-07T00:00:00+00:00,23691.61999999998,23691.61999999998,23365.72999999998,23367.30999999998,0
1991-08-08T00:00:00+00:00,23367.30999999998,23511.12999999998,23238.51999999998,23498.57999999998,0
1991-08-09T00:00:00+00:00,23498.57999999998,23620.44999999998,23256.30999999998,23263.729999999978,0
1991-08-13T00:00:00+00:00,23263.729999999978,23263.729999999978,22834.849999999977,22834.849999999977,0
1991-08-14T00:00:00+00:00,22834.849999999977,23021.26999999998,22751.029999999977,22779.299999999977,0
1991-08-15T00:00:00+00:00,22779.299999999977,23268.969999999976,22779.299999999977,23268.969999999976,0
1991-08-16T00:00:00+00:00,23268.969999999976,23303.269999999975,22956.919999999976,22956.919999999976,0
1991-08-20T00:00:00+00:00,22956.919999999976,22956.919999999976,21633.109999999975,21635.089999999975,0
1991-08-21T00:00:00+00:00,21635.089999999975,22021.469999999976,21458.949999999975,21836.529999999977,0
1991-08-22T00:00:00+00:00,21836.529999999977,22531.499999999978,21836.529999999977,22141.759999999977,0
1991-08-23T00:00:00+00:00,22141.759999999977,22714.35999999998,22141.759999999977,22546.729999999978,0
1991-08-27T00:00:00+00:00,22546.729999999978,22546.819999999978,22015.83999999998,22074.549999999977,0
1991-08-28T00:00:00+00:00,22074.549999999977,22393.709999999977,21980.549999999977,22162.619999999977,0
1991-08-29T00:00:00+00:00,22162.619999999977,22299.51999999998,22069.419999999976,22118.83999999998,0
1991-08-30T00:00:00+00:00,22118.83999999998,22468.249999999978,22118.83999999998,22412.989999999976,0
1991-09-03T00:00:00+00:00,22412.989999999976,22678.579999999976,22259.189999999977,22553.149999999976,0
1991-09-04T00:00:00+00:00,22553.149999999976,22633.509999999977,22455.299999999977,22506.099999999977,0
1991-09-05T00:00:00+00:00,22506.099999999977,22516.479999999978,22365.839999999975,22456.679999999975,0
1991-09-06T00:00:00+00:00,22456.679999999975,22686.289999999975,22435.319999999974,22565.299999999977,0
1991-09-10T00:00:00+00:00,22565.299999999977,22793.03999999998,22412.779999999977,22412.779999999977,0
1991-09-11T00:00:00+00:00,22412.779999999977,22430.469999999976,22173.579999999976,22229.619999999977,0
1991-09-12T00:00:00+00:00,22229.619999999977,22448.659999999978,22144.909999999978,22379.55999999998,0
1991-09-13T00:00:00+00:00,22379.55999999998,22586.43999999998,22368.77999999998,22394.089999999982,0
1991-09-18T00:00:00+00:00,23182.17,23559.65,23182.17,23443.61,0
1991-09-19T00:00:00+00:00,23443.61,23502.72,23262.23,23321.44,0
1991-09-20T00:00:00+00:00,23321.44,23576.159999999996,23214.39,23326.87,0
1991-09-25T00:00:00+00:00,23190.87,23462.29,23182.86,23333.7,0
1991-09-26T00:00:00+00:00,23333.7,23553.96,23333.7,23507.469999999998,0
1991-09-27T00:00:00+00:00,23507.469999999998,23864.429999999997,23427.28,23858.78,0
1991-10-01T00:00:00+00:00,23858.78,23945.82,23762.329999999998,23816.359999999997,0
1991-10-02T00:00:00+00:00,23816.359999999997,24348.289999999997,23768.279999999995,24283.619999999995,0
1991-10-03T00:00:00+00:00,24283.619999999995,24355.279999999995,24202.059999999994,24253.829999999994,0
1991-10-04T00:00:00+00:00,24253.829999999994,24628.249999999993,24143.789999999994,24593.459999999992,0
1991-10-08T00:00:00+00:00,24593.459999999992,24593.459999999992,24345.679999999993,24364.769999999993,0
1991-10-09T00:00:00+00:00,24364.769999999993,24481.019999999993,24249.52999999999,24249.52999999999,0
1991-10-10T00:00:00+00:00,24249.52999999999,24594.85999999999,24224.23999999999,24594.85999999999,0
1991-10-15T00:00:00+00:00,24126.24,24234.78,23860.67,23860.67,0
1991-10-16T00:00:00+00:00,23860.67,24252.29,23860.67,24252.29,0
1991-10-17T00:00:00+00:00,24252.29,24357.980000000003,24155.820000000003,24269.11,0
1991-10-18T00:00:00+00:00,24269.11,24567.54,24269.11,24364.28,0
1991-10-22T00:00:00+00:00,24364.28,24520.1,24336.95,24435.43,0
1991-10-23T00:00:00+00:00,24435.43,24486.38,24247.48,24447.04,0
1991-10-24T00:00:00+00:00,24447.04,24447.04,24272.3,24355.87,0
1991-10-25T00:00:00+00:00,24355.87,24606.17,24355.87,24467.559999999998,0
1991-10-29T00:00:00+00:00,24467.559999999998,24579.449999999997,24420.019999999997,24457.649999999998,0
1991-10-30T00:00:00+00:00,24457.649999999998,24712.05,24457.649999999998,24598.16,0
1991-10-31T00:00:00+00:00,24598.16,24696.03,24422.41,24422.41,0
1991-11-01T00:00:00+00:00,24422.41,24660.199999999997,24394.69,24659.699999999997,0
1991-11-06T00:00:00+00:00,25059.75,25100.68,24886.81,24950.86,0
1991-11-07T00:00:00+00:00,24950.86,24950.86,24762.010000000002,24790.530000000002,0
1991-11-08T00:00:00+00:00,24790.530000000002,24904.120000000003,24505.9,24505.9,0
1991-11-12T00:00:00+00:00,24505.9,24505.9,24301.040000000005,24301.040000000005,0
1991-11-13T00:00:00+00:00,24301.040000000005,24731.080000000005,24301.040000000005,24709.660000000003,0
1991-11-14T00:00:00+00:00,24709.660000000003,24798.13,24400.010000000002,24400.010000000002,0
1991-11-15T00:00:00+00:00,24400.010000000002,24536.420000000002,24075.95,24163.320000000003,0
1991-11-19T00:00:00+00:00,24163.320000000003,24163.320000000003,23462.360000000004,23552.530000000002,0
1991-11-20T00:00:00+00:00,23552.530000000002,23748.390000000003,23401.010000000002,23402.010000000002,0
1991-11-21T00:00:00+00:00,23402.010000000002,23465.16,23148.600000000002,23330.15,0
1991-11-22T00:00:00+00:00,23330.15,23464.45,23083.75,23263.79,0
1991-11-26T00:00:00+00:00,23263.79,23263.79,22948.640000000003,23054.52,0
1991-11-27T00:00:00+00:00,23054.52,23322.43,23054.52,23271.59,0
1991-11-28T00:00:00+00:00,23271.59,23371.67,23037.1,23037.1,0
1991-11-29T00:00:00+00:00,23037.1,23037.1,22733.359999999997,22878.869999999995,0
1991-12-03T00:00:00+00:00,22878.869999999995,22878.869999999995,22225.639999999996,22225.639999999996,0
1991-12-04T00:00:00+00:00,22225.639999999996,22553.099999999995,22111.749999999996,22355.339999999997,0
1991-12-05T00:00:00+00:00,22355.339999999997,22911.179999999997,22355.339999999997,22843.229999999996,0
1991-12-06T00:00:00+00:00,22843.229999999996,22843.229999999996,22596.129999999994,22652.179999999993,0
1991-12-10T00:00:00+00:00,22652.179999999993,22652.179999999993,22468.429999999993,22570.009999999995,0
1991-12-11T00:00:00+00:00,22570.009999999995,22574.709999999995,22057.899999999994,22178.189999999995,0
1991-12-12T00:00:00+00:00,22178.189999999995,22178.189999999995,21401.369999999995,21780.369999999995,0
1991-12-13T00:00:00+00:00,21780.369999999995,22262.459999999995,21780.369999999995,21940.499999999996,0
1991-12-17T00:00:00+00:00,21940.499999999996,22066.909999999996,21719.929999999997,22009.759999999995,0
1991-12-18T00:00:00+00:00,22009.759999999995,22178.699999999993,21918.389999999996,21918.889999999996,0
1991-12-19T00:00:00+00:00,21918.889999999996,21918.889999999996,21651.069999999996,21878.649999999998,0
1991-12-20T00:00:00+00:00,21878.649999999998,21878.649999999998,21300.59,21317.899999999998,0
1991-12-25T00:00:00+00:00,21819.76,22244.1,21452.26,21664.53,0
1991-12-26T00:00:00+00:00,21664.53,22423.329999999998,21664.53,22420.019999999997,0
1991-12-27T00:00:00+00:00,22420.019999999997,22734.98,22277.82,22476.739999999998,0
1991-12-31T00:00:00+00:00,22476.739999999998,22991.119999999995,22476.739999999998,22952.539999999997,0
1992-01-07T00:00:00+00:00,23030.66,23801.78,23030.66,23801.18,0
1992-01-08T00:00:00+00:00,23801.18,23921.829999999998,23534.219999999998,23586.329999999998,0
1992-01-09T00:00:00+00:00,23586.329999999998,23586.329999999998,22751.48,22761.8,0
1992-01-10T00:00:00+00:00,22761.8,23139.49,22569.29,23138.59,0
1992-01-14T00:00:00+00:00,23138.59,23138.59,22435.91,22535.82,0
1992-01-15T00:00:00+00:00,22535.82,22887.359999999997,22530.41,22642.55,0
1992-01-17T00:00:00+00:00,21875.34,22134.88,21500.55,21612.19,0
1992-01-21T00:00:00+00:00,21612.19,21644.26,20948,21177.079999999998,0
1992-01-22T00:00:00+00:00,21177.079999999998,21450.96,20847.69,21067.949999999997,0
1992-01-23T00:00:00+00:00,21067.949999999997,21750.779999999995,20919.639999999996,21750.779999999995,0
1992-01-24T00:00:00+00:00,21750.779999999995,21956.109999999993,21602.469999999994,21742.659999999996,0
1992-01-28T00:00:00+00:00,21742.659999999996,21760.099999999995,21540.839999999997,21688.339999999997,0
1992-01-29T00:00:00+00:00,21688.339999999997,22081.459999999995,21688.339999999997,22051.199999999997,0
1992-01-30T00:00:00+00:00,22051.199999999997,22182.579999999998,21819.62,21963.819999999996,0
1992-01-31T00:00:00+00:00,21963.819999999996,22370.479999999996,21925.639999999996,22149.009999999995,0
1992-02-04T00:00:00+00:00,22149.009999999995,22414.069999999992,22047.099999999995,22212.739999999994,0
1992-02-05T00:00:00+00:00,22212.739999999994,22230.669999999995,21950.289999999994,22113.729999999992,0
1992-02-06T00:00:00+00:00,22113.729999999992,22278.869999999995,21987.959999999992,22079.659999999993,0
1992-02-07T00:00:00+00:00,22079.659999999993,22389.409999999993,22079.659999999993,22209.52999999999,0
1992-02-11T00:00:00+00:00,22209.52999999999,22209.52999999999,21974.93999999999,21974.93999999999,0
1992-02-13T00:00:00+00:00,21781.44,21781.44,21475.6,21541.64,0
1992-02-14T00:00:00+00:00,21541.64,21641.75,21394.43,21436.12,0
1992-02-18T00:00:00+00:00,21436.12,21910.91,21159.239999999998,21910.21,0
1992-02-19T00:00:00+00:00,21910.21,21940.38,21453.760000000002,21518.39,0
1992-02-20T00:00:00+00:00,21518.39,21518.39,21210.34,21342.92,0
1992-02-21T00:00:00+00:00,21342.92,21547.949999999997,21331.589999999997,21482.509999999995,0
1992-02-25T00:00:00+00:00,21482.509999999995,21482.509999999995,21086.179999999993,21169.049999999996,0
1992-02-26T00:00:00+00:00,21169.049999999996,21341.209999999995,20990.869999999995,21272.859999999993,0
1992-02-27T00:00:00+00:00,21272.859999999993,21633.11999999999,21196.499999999993,21621.199999999993,0
1992-02-28T00:00:00+00:00,21621.199999999993,21770.709999999995,21525.799999999996,21556.759999999995,0
1992-03-03T00:00:00+00:00,21556.759999999995,21759.489999999994,21551.249999999993,21696.449999999993,0
1992-03-04T00:00:00+00:00,21696.449999999993,21722.999999999993,21245.09999999999,21245.09999999999,0
1992-03-05T00:00:00+00:00,21245.09999999999,21342.50999999999,21092.97999999999,21335.689999999988,0
1992-03-06T00:00:00+00:00,21335.689999999988,21352.229999999985,21104.209999999985,21104.209999999985,0
1992-03-10T00:00:00+00:00,21104.209999999985,21104.209999999985,20810.489999999987,20912.109999999986,0
1992-03-11T00:00:00+00:00,20912.109999999986,20996.579999999987,20769.009999999987,20996.579999999987,0
1992-03-12T00:00:00+00:00,20996.579999999987,20996.579999999987,20752.869999999988,20777.419999999987,0
1992-03-13T00:00:00+00:00,20777.419999999987,20956.099999999988,20573.799999999985,20804.079999999987,0
1992-03-17T00:00:00+00:00,20804.079999999987,20804.079999999987,20151.70999999999,20198.70999999999,0
1992-03-18T00:00:00+00:00,20198.70999999999,20359.44999999999,20056.70999999999,20286.39999999999,0
1992-03-19T00:00:00+00:00,20286.39999999999,20286.39999999999,19898.78999999999,20172.569999999992,0
1992-03-20T00:00:00+00:00,20172.569999999992,20597.159999999993,20116.049999999992,20568.299999999992,0
1992-03-24T00:00:00+00:00,20568.299999999992,20767.91999999999,20493.449999999993,20572.80999999999,0
1992-03-25T00:00:00+00:00,20572.80999999999,20572.80999999999,20239.60999999999,20264.85999999999,0
1992-03-26T00:00:00+00:00,20264.85999999999,20611.37999999999,20195.00999999999,20607.97999999999,0
1992-03-27T00:00:00+00:00,20607.97999999999,20701.81999999999,20236.44999999999,20236.64999999999,0
1992-03-31T00:00:00+00:00,20236.64999999999,20428.84999999999,20067.44999999999,20290.84999999999,0
1992-04-01T00:00:00+00:00,20290.84999999999,20463.76999999999,19892.41999999999,19895.02999999999,0
1992-04-02T00:00:00+00:00,19895.02999999999,19895.02999999999,19132.18999999999,19151.34999999999,0
1992-04-03T00:00:00+00:00,19151.34999999999,19360.309999999994,18579.489999999994,18841.93999999999,0
1992-04-07T00:00:00+00:00,18841.93999999999,18915.699999999993,18621.749999999993,18681.25999999999,0
1992-04-08T00:00:00+00:00,18681.25999999999,18693.299999999992,18018.86999999999,18035.02999999999,0
1992-04-09T00:00:00+00:00,18035.02999999999,18035.02999999999,17184.669999999995,17467.889999999992,0
1992-04-10T00:00:00+00:00,17467.889999999992,17916.00999999999,16928.649999999994,16928.649999999994,0
1992-04-14T00:00:00+00:00,16928.649999999994,16986.659999999996,16201.529999999995,16284.929999999997,0
1992-04-15T00:00:00+00:00,16284.929999999997,16654.659999999996,15926.939999999999,16486.55,0
1992-04-16T00:00:00+00:00,16486.55,17035.53,16486.55,16942.089999999997,0
1992-04-17T00:00:00+00:00,16942.089999999997,17135.279999999995,16711.659999999996,16902.149999999994,0
1992-04-21T00:00:00+00:00,16902.149999999994,16902.149999999994,16289.749999999993,16425.439999999995,0
1992-04-22T00:00:00+00:00,16425.439999999995,16536.039999999994,16094.349999999995,16198.819999999996,0
1992-04-23T00:00:00+00:00,16198.819999999996,16305.499999999996,15947.209999999995,16213.869999999995,0
1992-04-24T00:00:00+00:00,16213.869999999995,16781.409999999996,16182.859999999997,16752.409999999996,0
1992-04-28T00:00:00+00:00,16752.409999999996,16843.239999999998,16528.6,16678.039999999997,0
1992-04-29T00:00:00+00:00,16678.039999999997,16811.319999999996,16583.699999999997,16731.94,0
1992-05-01T00:00:00+00:00,17559.31,17581.79,17363.81,17390.71,0
1992-05-07T00:00:00+00:00,17325.77,17929.65,17325.77,17878.66,0
1992-05-08T00:00:00+00:00,17878.66,18414.190000000002,17657.06,18414.190000000002,0
1992-05-12T00:00:00+00:00,18414.190000000002,18673.020000000004,18414.190000000002,18614.410000000003,0
1992-05-13T00:00:00+00:00,18614.410000000003,18695.900000000005,18448.210000000003,18487.850000000002,0
1992-05-14T00:00:00+00:00,18487.850000000002,18777.190000000002,18399.230000000003,18741.97,0
1992-05-15T00:00:00+00:00,18741.97,18941.08,18741.56,18742.07,0
1992-05-19T00:00:00+00:00,18742.07,19071.96,18742.07,19057.01,0
1992-05-20T00:00:00+00:00,19057.01,19353.27,19057.01,19331.59,0
1992-05-21T00:00:00+00:00,19331.59,19485.34,19193.59,19232.63,0
1992-05-22T00:00:00+00:00,19232.63,19354.670000000002,19146.920000000002,19285.22,0
1992-05-26T00:00:00+00:00,19285.22,19618.52,19285.22,19618.52,0
1992-05-27T00:00:00+00:00,19618.52,19618.52,19302.38,19303.49,0
1992-05-28T00:00:00+00:00,19303.49,19303.49,18784.420000000002,18958.950000000004,0
1992-05-29T00:00:00+00:00,18958.950000000004,19086.210000000006,18828.080000000005,19073.260000000006,0
1992-06-02T00:00:00+00:00,19073.260000000006,19248.190000000006,18748.890000000007,18749.690000000006,0
1992-06-03T00:00:00+00:00,18749.690000000006,19000.490000000005,18645.710000000006,18817.930000000004,0
1992-06-04T00:00:00+00:00,18817.930000000004,18992.460000000003,18793.950000000004,18864.200000000004,0
1992-06-05T00:00:00+00:00,18864.200000000004,18864.200000000004,18574.550000000007,18646.010000000006,0
1992-06-09T00:00:00+00:00,18646.010000000006,18646.010000000006,18240.760000000006,18505.510000000006,0
1992-06-10T00:00:00+00:00,18505.510000000006,18724.800000000007,18413.580000000005,18708.340000000007,0
1992-06-11T00:00:00+00:00,18708.340000000007,18853.460000000006,18457.330000000005,18624.130000000005,0
1992-06-12T00:00:00+00:00,18624.130000000005,18796.550000000003,18559.800000000003,18619.910000000003,0
1992-06-16T00:00:00+00:00,18619.910000000003,18619.910000000003,18206.720000000005,18233.720000000005,0
1992-06-17T00:00:00+00:00,18233.720000000005,18379.450000000008,18111.780000000006,18200.400000000005,0
1992-06-18T00:00:00+00:00,18200.400000000005,18200.400000000005,17721.780000000006,17722.880000000005,0
1992-06-19T00:00:00+00:00,17722.880000000005,17733.920000000006,17361.180000000004,17375.83,0
1992-06-23T00:00:00+00:00,17375.83,17455.920000000002,16692.070000000003,16727.5,0
1992-06-24T00:00:00+00:00,16727.5,17025.68,16671.199999999997,16917.29,0
1992-06-25T00:00:00+00:00,16917.29,17082.690000000002,16585.4,16623.03,0
1992-06-26T00:00:00+00:00,16623.03,16972.479999999996,16487.739999999998,16898.32,0
1992-06-30T00:00:00+00:00,16898.32,16944.68,16704.52,16804.18,0
1992-07-01T00:00:00+00:00,16804.18,17079.97,16804.18,16970.78,0
1992-07-02T00:00:00+00:00,16970.78,17336.29,16742.05,17335.29,0
1992-07-03T00:00:00+00:00,17335.29,17809.700000000004,17246.670000000002,17764.54,0
1992-07-07T00:00:00+00:00,17764.54,17900.629999999997,17673.21,17705.53,0
1992-07-08T00:00:00+00:00,17705.53,17737.55,17448.5,17487.239999999998,0
1992-07-09T00:00:00+00:00,17487.239999999998,17652.329999999998,17323.75,17652.329999999998,0
1992-07-10T00:00:00+00:00,17652.329999999998,17977.4,17621.92,17898.82,0
1992-07-14T00:00:00+00:00,17898.82,18304.079999999998,17844.62,18304.079999999998,0
1992-07-15T00:00:00+00:00,18304.079999999998,18397.21,18100.239999999998,18203.11,0
1992-07-16T00:00:00+00:00,18203.11,18385.47,18203.11,18227.899999999998,0
1992-07-17T00:00:00+00:00,18227.899999999998,18227.899999999998,18047.949999999997,18117.909999999996,0
1992-07-21T00:00:00+00:00,18117.909999999996,18117.909999999996,17482.429999999993,17512.529999999995,0
1992-07-22T00:00:00+00:00,17512.529999999995,17704.419999999995,17419.789999999994,17651.529999999995,0
1992-07-23T00:00:00+00:00,17651.529999999995,17677.42,17050.17,17159.759999999995,0
1992-07-24T00:00:00+00:00,17159.759999999995,17739.839999999997,16988.539999999994,17695.479999999996,0
1992-07-28T00:00:00+00:00,17695.479999999996,18136.769999999997,17450.799999999996,17535.799999999996,0
1992-07-29T00:00:00+00:00,17535.799999999996,17701.499999999996,17391.779999999995,17617.599999999995,0
1992-07-30T00:00:00+00:00,17617.599999999995,17746.459999999992,17165.069999999992,17236.429999999993,0
1992-07-31T00:00:00+00:00,17236.429999999993,17670.389999999992,17236.429999999993,17639.679999999993,0
1992-08-04T00:00:00+00:00,17639.679999999993,17691.369999999995,17402.329999999994,17446.379999999994,0
1992-08-05T00:00:00+00:00,17446.379999999994,17734.819999999992,17378.129999999994,17469.959999999992,0
1992-08-06T00:00:00+00:00,17469.959999999992,17826.33999999999,17469.959999999992,17735.50999999999,0
1992-08-07T00:00:00+00:00,17735.50999999999,17876.51999999999,17546.62999999999,17664.459999999992,0
1992-08-11T00:00:00+00:00,17664.459999999992,17664.459999999992,17123.21999999999,17260.00999999999,0
1992-08-12T00:00:00+00:00,17260.00999999999,17333.869999999988,16939.04999999999,16983.709999999992,0
1992-08-13T00:00:00+00:00,16983.709999999992,17096.91999999999,16849.32999999999,16964.549999999992,0
1992-08-14T00:00:00+00:00,16964.549999999992,17180.12999999999,16879.43999999999,16930.229999999992,0
1992-08-18T00:00:00+00:00,16930.229999999992,17198.48999999999,16930.229999999992,17005.19999999999,0
1992-08-19T00:00:00+00:00,17005.19999999999,17005.19999999999,16405.03999999999,16405.03999999999,0
1992-08-20T00:00:00+00:00,16405.03999999999,16874.52999999999,16261.91999999999,16718.259999999987,0
1992-08-21T00:00:00+00:00,16718.259999999987,17587.08999999999,16718.259999999987,17308.37999999999,0
1992-08-25T00:00:00+00:00,17308.37999999999,18238.72999999999,17222.16999999999,17683.72999999999,0
1992-08-26T00:00:00+00:00,17683.72999999999,17897.599999999988,17396.189999999988,17454.69999999999,0
1992-08-27T00:00:00+00:00,17454.69999999999,17753.87999999999,17423.08999999999,17632.33999999999,0
1992-08-28T00:00:00+00:00,17632.33999999999,18611.46999999999,17632.33999999999,18570.01999999999,0
1992-09-01T00:00:00+00:00,18570.01999999999,18754.27999999999,18345.80999999999,18695.76999999999,0
1992-09-02T00:00:00+00:00,18695.76999999999,18696.869999999988,18337.37999999999,18377.71999999999,0
1992-09-03T00:00:00+00:00,18377.71999999999,18392.069999999992,18181.60999999999,18291.409999999993,0
1992-09-04T00:00:00+00:00,18291.409999999993,19132.839999999993,18067.609999999993,19057.669999999995,0
1992-09-08T00:00:00+00:00,19057.669999999995,19397.689999999995,18921.169999999995,18921.169999999995,0
1992-09-09T00:00:00+00:00,18921.169999999995,19261.789999999994,18784.879999999994,18787.889999999992,0
1992-09-10T00:00:00+00:00,18787.889999999992,19425.479999999992,18736.09999999999,19403.39999999999,0
1992-09-11T00:00:00+00:00,19403.39999999999,19793.29999999999,19403.39999999999,19417.64999999999,0
1992-09-15T00:00:00+00:00,19417.64999999999,19821.09999999999,19417.64999999999,19739.709999999992,0
1992-09-17T00:00:00+00:00,18422.82,18422.82,17853.57,17944.7,0
1992-09-18T00:00:00+00:00,17944.7,18227.820000000003,17827.68,18139.600000000002,0
1992-09-22T00:00:00+00:00,18139.600000000002,18338.010000000002,17974.4,17990.160000000003,0
1992-09-23T00:00:00+00:00,17990.160000000003,18379.660000000003,17923.020000000004,18211.760000000006,0
1992-09-25T00:00:00+00:00,18325.64,18701.95,18325.64,18609.95,0
1992-09-29T00:00:00+00:00,18609.95,18623.59,18198.73,18198.73,0
1992-09-30T00:00:00+00:00,18198.73,18280.989999999998,17779.989999999998,17962.87,0
1992-10-01T00:00:00+00:00,17962.87,18112.85,17602.12,17602.22,0
1992-10-02T00:00:00+00:00,17602.22,17734.31,17283.96,17549.66,0
1992-10-06T00:00:00+00:00,17549.66,17549.66,17246.75,17385.96,0
1992-10-07T00:00:00+00:00,17385.96,17633.51,17216.449999999997,17582.949999999997,0
1992-10-08T00:00:00+00:00,17582.949999999997,17826.379999999997,17407.03,17407.03,0
1992-10-09T00:00:00+00:00,17407.03,17636.219999999998,17350.46,17636.219999999998,0
1992-10-13T00:00:00+00:00,17636.219999999998,17848.859999999997,17628.499999999996,17843.849999999995,0
1992-10-14T00:00:00+00:00,17843.849999999995,18080.159999999996,17843.849999999995,17993.199999999993,0
1992-10-15T00:00:00+00:00,17993.199999999993,18135.119999999995,17765.109999999993,17765.109999999993,0
1992-10-16T00:00:00+00:00,17765.109999999993,18042.449999999993,17723.789999999994,18042.449999999993,0
1992-10-20T00:00:00+00:00,18042.449999999993,18042.449999999993,17544.559999999994,17614.669999999995,0
1992-10-21T00:00:00+00:00,17614.669999999995,17731.919999999995,17503.029999999995,17669.329999999994,0
1992-10-22T00:00:00+00:00,17669.329999999994,17800.319999999996,17522.489999999994,17800.319999999996,0
1992-10-23T00:00:00+00:00,17800.319999999996,17886.579999999998,17721.079999999998,17721.079999999998,0
1992-10-27T00:00:00+00:00,17721.079999999998,17750.269999999997,17607.84,17607.84,0
1992-10-28T00:00:00+00:00,17607.84,17800.02,17582.26,17769.629999999997,0
1992-10-29T00:00:00+00:00,17769.629999999997,17864.42,17626.699999999997,17626.809999999998,0
1992-10-30T00:00:00+00:00,17626.809999999998,17626.809999999998,17484.98,17495.309999999998,0
1992-11-03T00:00:00+00:00,17495.309999999998,17616.17,17379.559999999998,17616.17,0
1992-11-05T00:00:00+00:00,16827.08,17065.2,16771.72,17065.2,0
1992-11-06T00:00:00+00:00,17065.2,17202.309999999998,16982.649999999998,17111.23,0
1992-11-10T00:00:00+00:00,17111.23,17111.23,16702.2,16702.8,0
1992-11-11T00:00:00+00:00,16702.8,16797.89,16626.77,16716.54,0
1992-11-12T00:00:00+00:00,16716.54,16757.97,16555.760000000002,16594.17,0
1992-11-13T00:00:00+00:00,16594.17,16737.1,16377.019999999999,16664.579999999998,0
1992-11-17T00:00:00+00:00,16664.579999999998,16664.579999999998,16472.609999999997,16512.629999999997,0
1992-11-18T00:00:00+00:00,16512.629999999997,16517.14,16358.169999999998,16409.719999999998,0
1992-11-19T00:00:00+00:00,16409.719999999998,17249.839999999997,16409.719999999998,17177.229999999996,0
1992-11-20T00:00:00+00:00,17177.229999999996,17341.819999999996,17135.809999999998,17205.309999999998,0
1992-11-25T00:00:00+00:00,17094.98,17246.84,17080.04,17096.09,0
1992-11-26T00:00:00+00:00,17096.09,17268.91,16991.88,17267.91,0
1992-11-27T00:00:00+00:00,17267.91,17560.19,17185.26,17437.32,0
1992-12-01T00:00:00+00:00,17437.32,17615.65,17389.57,17615.65,0
1992-12-02T00:00:00+00:00,17615.65,17644.63,17248.340000000004,17253.660000000003,0
1992-12-03T00:00:00+00:00,17253.660000000003,17311.340000000004,17157.27,17296.190000000002,0
1992-12-04T00:00:00+00:00,17296.190000000002,17412.940000000002,17109.940000000002,17164.700000000004,0
1992-12-08T00:00:00+00:00,17164.700000000004,17186.170000000006,17034.920000000006,17066.910000000003,0
1992-12-09T00:00:00+00:00,17066.910000000003,17192.690000000006,16995.800000000007,17141.840000000004,0
1992-12-10T00:00:00+00:00,17141.840000000004,17314.360000000004,17141.840000000004,17222.180000000004,0
1992-12-11T00:00:00+00:00,17222.180000000004,17460.090000000004,17222.180000000004,17256.680000000004,0
1992-12-15T00:00:00+00:00,17256.680000000004,17256.680000000004,17090.180000000004,17124.680000000004,0
1992-12-16T00:00:00+00:00,17124.680000000004,17405.220000000005,17070.920000000006,17331.100000000006,0
1992-12-17T00:00:00+00:00,17331.100000000006,17443.030000000006,17108.230000000007,17110.540000000005,0
1992-12-18T00:00:00+00:00,17110.540000000005,17411.340000000004,17076.74,17305.120000000003,0
1992-12-22T00:00:00+00:00,17305.120000000003,17374.320000000003,17184.350000000002,17232.2,0
1992-12-23T00:00:00+00:00,17232.2,17302.01,17174.93,17302.01,0
1992-12-25T00:00:00+00:00,17690.97,17734.9,17587.76,17648.85,0
1992-12-29T00:00:00+00:00,17648.85,17648.85,17272.71,17298.589999999997,0
1992-12-30T00:00:00+00:00,17298.589999999997,17424.1,17258.449999999997,17397.609999999997,0
1992-12-31T00:00:00+00:00,17397.609999999997,17397.609999999997,17035.509999999995,17068.519999999997,0
1993-01-05T00:00:00+00:00,17068.519999999997,17122.299999999996,16963.379999999997,17082.37,0
1993-01-06T00:00:00+00:00,17082.37,17115.27,16790.4,16944.510000000002,0
1993-01-07T00:00:00+00:00,16944.510000000002,16962.770000000004,16750.670000000002,16883.200000000004,0
1993-01-08T00:00:00+00:00,16883.200000000004,17134.730000000003,16800.730000000003,16857.520000000004,0
1993-01-12T00:00:00+00:00,16857.520000000004,16910.99,16744.750000000004,16802.24,0
1993-01-13T00:00:00+00:00,16802.24,16950.730000000003,16802.24,16897.760000000002,0
1993-01-14T00:00:00+00:00,16897.760000000002,16897.760000000002,16648.84,16726.7,0
1993-01-15T00:00:00+00:00,16726.7,16787.6,16656.46,16734.219999999998,0
1993-01-19T00:00:00+00:00,16734.219999999998,16833.849999999995,16710.849999999995,16825.829999999998,0
1993-01-20T00:00:00+00:00,16825.829999999998,16965.9,16812.39,16965.8,0
1993-01-21T00:00:00+00:00,16965.8,16986.57,16652.16,16654.97,0
1993-01-22T00:00:00+00:00,16654.97,16732.52,16521.120000000003,16685.670000000002,0
1993-01-26T00:00:00+00:00,16685.670000000002,16705.140000000003,16596.980000000003,16617.65,0
1993-01-27T00:00:00+00:00,16617.65,16861.760000000002,16542.4,16818.920000000002,0
1993-01-28T00:00:00+00:00,16818.920000000002,16953.160000000003,16705.440000000002,16816.910000000003,0
1993-01-29T00:00:00+00:00,16816.910000000003,17378.670000000006,16763.640000000003,17355.290000000005,0
1993-02-02T00:00:00+00:00,17355.290000000005,17451.410000000003,17275.330000000005,17451.410000000003,0
1993-02-03T00:00:00+00:00,17451.410000000003,17546.33,17450.510000000002,17491.040000000005,0
1993-02-04T00:00:00+00:00,17491.040000000005,17683.670000000006,17478.700000000004,17486.520000000004,0
1993-02-05T00:00:00+00:00,17486.520000000004,17603.910000000003,17384.99,17403.750000000004,0
1993-02-09T00:00:00+00:00,17403.750000000004,17439.470000000005,17294.090000000004,17328.000000000004,0
1993-02-10T00:00:00+00:00,17328.000000000004,17328.000000000004,17043.160000000003,17088.710000000003,0
1993-02-11T00:00:00+00:00,17088.710000000003,17188.840000000004,16994.700000000004,17186.740000000005,0
1993-02-16T00:00:00+00:00,16883.62,17117.99,16829.04,17117.99,0
1993-02-17T00:00:00+00:00,17117.99,17189.63,16933.58,16933.58,0
1993-02-18T00:00:00+00:00,16933.58,17080.47,16826.430000000004,17075.250000000004,0
1993-02-19T00:00:00+00:00,17075.250000000004,17231.470000000005,17049.370000000003,17056.890000000003,0
1993-02-23T00:00:00+00:00,17056.890000000003,17108.860000000004,16870.880000000005,16870.880000000005,0
1993-02-24T00:00:00+00:00,16870.880000000005,16983.250000000007,16852.220000000005,16921.250000000007,0
1993-02-25T00:00:00+00:00,16921.250000000007,17001.72000000001,16822.33000000001,16870.390000000007,0
1993-02-26T00:00:00+00:00,16870.390000000007,16941.430000000008,16794.840000000007,16922.760000000006,0
1993-03-02T00:00:00+00:00,16922.760000000006,16937.300000000007,16787.610000000008,16845.900000000005,0
1993-03-03T00:00:00+00:00,16845.900000000005,16920.650000000005,16794.430000000004,16862.150000000005,0
1993-03-04T00:00:00+00:00,16862.150000000005,16929.370000000006,16792.020000000004,16833.960000000003,0
1993-03-05T00:00:00+00:00,16833.960000000003,16853.72,16734.530000000002,16772.660000000003,0
1993-03-09T00:00:00+00:00,16772.660000000003,17644.340000000004,16772.660000000003,17603.510000000006,0
1993-03-10T00:00:00+00:00,17603.510000000006,17925.780000000006,17603.510000000006,17726.920000000006,0
1993-03-11T00:00:00+00:00,17726.920000000006,17895.270000000008,17682.670000000006,17717.180000000008,0
1993-03-12T00:00:00+00:00,17717.180000000008,17918.750000000007,17549.530000000006,17718.890000000007,0
1993-03-16T00:00:00+00:00,17718.890000000007,17859.150000000005,17647.150000000005,17776.170000000006,0
1993-03-17T00:00:00+00:00,17776.170000000006,17788.920000000006,17617.050000000007,17640.130000000005,0
1993-03-18T00:00:00+00:00,17640.130000000005,17888.150000000005,17598.900000000005,17818.820000000003,0
1993-03-19T00:00:00+00:00,17818.820000000003,18372.750000000004,17818.820000000003,18312.350000000006,0
1993-03-23T00:00:00+00:00,18312.350000000006,18536.890000000007,18312.350000000006,18536.890000000007,0
1993-03-24T00:00:00+00:00,18536.890000000007,18536.890000000007,18291.690000000006,18293.790000000005,0
1993-03-25T00:00:00+00:00,18293.790000000005,18468.460000000003,18248.240000000005,18275.530000000002,0
1993-03-26T00:00:00+00:00,18275.530000000002,18681.070000000003,18275.530000000002,18568.49,0
1993-03-30T00:00:00+00:00,18568.49,18865.320000000003,18568.49,18787.320000000003,0
1993-03-31T00:00:00+00:00,18787.320000000003,18822.250000000004,18586.350000000006,18696.270000000004,0
1993-04-01T00:00:00+00:00,18696.270000000004,18813.620000000003,18304.980000000003,18345.540000000005,0
1993-04-02T00:00:00+00:00,18345.540000000005,18885.850000000006,18276.670000000006,18849.110000000004,0
1993-04-06T00:00:00+00:00,18849.110000000004,19212.030000000002,18749.330000000005,19150.890000000003,0
1993-04-07T00:00:00+00:00,19150.890000000003,19150.890000000003,18788.680000000004,18888.770000000004,0
1993-04-08T00:00:00+00:00,18888.770000000004,19436.7,18888.770000000004,19211.420000000002,0
1993-04-09T00:00:00+00:00,19211.420000000002,19385.600000000002,19065.45,19311.710000000003,0
1993-04-13T00:00:00+00:00,19311.710000000003,19343.24,19127.4,19285.010000000002,0
1993-04-14T00:00:00+00:00,19285.010000000002,20136.330000000005,19285.010000000002,20122.880000000005,0
1993-04-15T00:00:00+00:00,20122.880000000005,20253.890000000003,19849.510000000006,19912.560000000005,0
1993-04-16T00:00:00+00:00,19912.560000000005,20042.570000000003,19760.870000000003,20042.570000000003,0
1993-04-20T00:00:00+00:00,20042.570000000003,20042.570000000003,19678.950000000004,19900.820000000003,0
1993-04-21T00:00:00+00:00,19900.820000000003,20148.890000000003,19623.340000000004,19645.120000000003,0
1993-04-22T00:00:00+00:00,19645.120000000003,19798.620000000003,19462.510000000002,19563.5,0
1993-04-23T00:00:00+00:00,19563.5,19850.72,19291.64,19325.170000000002,0
1993-04-27T00:00:00+00:00,19325.170000000002,19467.23,19184.530000000002,19245.260000000002,0
1993-04-28T00:00:00+00:00,19245.260000000002,19870.49,19245.260000000002,19809.36,0
1993-04-29T00:00:00+00:00,19809.36,20257.1,19809.36,19995.28,0
1993-05-07T00:00:00+00:00,20939.46,20941.97,20611.48,20622.03,0
1993-05-11T00:00:00+00:00,20622.03,20868.19,20473.86,20860.26,0
1993-05-12T00:00:00+00:00,20860.26,20968.489999999998,20676.05,20684.079999999998,0
1993-05-13T00:00:00+00:00,20684.079999999998,20704.659999999996,20180.909999999996,20379.989999999998,0
1993-05-14T00:00:00+00:00,20379.989999999998,20533.789999999997,20211.03,20286.429999999997,0
1993-05-18T00:00:00+00:00,20286.429999999997,20447.859999999997,20278.399999999994,20323.879999999994,0
1993-05-19T00:00:00+00:00,20323.879999999994,20323.879999999994,19976.519999999993,20050.809999999994,0
1993-05-20T00:00:00+00:00,20050.809999999994,20221.679999999997,19969.589999999997,20221.679999999997,0
1993-05-21T00:00:00+00:00,20221.679999999997,20349.28,19936.269999999997,20143.879999999997,0
1993-05-25T00:00:00+00:00,20143.879999999997,20201.41,19963.78,19986.37,0
1993-05-26T00:00:00+00:00,19986.37,20219.18,19971.010000000002,20120.19,0
1993-05-27T00:00:00+00:00,20120.19,20416.34,20048.309999999998,20416.34,0
1993-05-28T00:00:00+00:00,20416.34,20577.97,20258.530000000002,20324.690000000002,0
1993-06-01T00:00:00+00:00,20324.690000000002,20324.690000000002,20011.97,20047.5,0
1993-06-02T00:00:00+00:00,20047.5,20203.61,19985.460000000003,20107.04,0
1993-06-03T00:00:00+00:00,20107.04,20340.45,20078.13,20208.24,0
1993-06-04T00:00:00+00:00,20208.24,20681.99,20188.46,20571.66,0
1993-06-08T00:00:00+00:00,20571.66,20772.55,20500.29,20514.94,0
1993-06-09T00:00:00+00:00,20514.94,20514.94,20247.69,20247.69,0
1993-06-11T00:00:00+00:00,20589.9,20618.31,20399.56,20493.32,0
1993-06-15T00:00:00+00:00,20493.32,20524.24,20315.63,20361.51,0
1993-06-16T00:00:00+00:00,20361.51,20414.609999999997,20067.26,20067.26,0
1993-06-17T00:00:00+00:00,20067.26,20128.699999999997,19846.6,19928.119999999995,0
1993-06-18T00:00:00+00:00,19928.119999999995,19974.099999999995,19671.509999999995,19949.599999999995,0
1993-06-22T00:00:00+00:00,19949.599999999995,19949.599999999995,19246.749999999993,19419.629999999994,0
1993-06-23T00:00:00+00:00,19419.629999999994,19794.189999999995,19315.719999999994,19712.969999999994,0
1993-06-24T00:00:00+00:00,19712.969999999994,19776.91999999999,19527.549999999992,19651.929999999993,0
1993-06-25T00:00:00+00:00,19651.929999999993,19880.119999999995,19651.929999999993,19835.539999999994,0
1993-06-29T00:00:00+00:00,19835.539999999994,20137.019999999993,19835.539999999994,20047.16999999999,0
1993-06-30T00:00:00+00:00,20047.16999999999,20047.16999999999,19735.65999999999,19735.65999999999,0
1993-07-01T00:00:00+00:00,19735.65999999999,19815.06999999999,19632.24999999999,19788.259999999987,0
1993-07-02T00:00:00+00:00,19788.259999999987,20074.079999999987,19788.259999999987,20074.079999999987,0
1993-07-06T00:00:00+00:00,20074.079999999987,20098.279999999988,19967.65999999999,20045.26999999999,0
1993-07-07T00:00:00+00:00,20045.26999999999,20285.389999999992,20041.66999999999,20281.78999999999,0
1993-07-08T00:00:00+00:00,20281.78999999999,20281.78999999999,20087.169999999987,20173.579999999987,0
1993-07-09T00:00:00+00:00,20173.579999999987,20234.789999999986,20125.879999999986,20138.779999999984,0
1993-07-13T00:00:00+00:00,20138.779999999984,20215.489999999983,20093.679999999982,20183.789999999983,0
1993-07-14T00:00:00+00:00,20183.789999999983,20442.90999999998,20167.48999999998,20380.30999999998,0
1993-07-15T00:00:00+00:00,20380.30999999998,20406.10999999998,20203.08999999998,20311.89999999998,0
1993-07-16T00:00:00+00:00,20311.89999999998,20514.91999999998,20264.48999999998,20278.29999999998,0
1993-07-20T00:00:00+00:00,20278.29999999998,20281.30999999998,20020.67999999998,20081.889999999978,0
1993-07-21T00:00:00+00:00,20081.889999999978,20081.889999999978,19936.17999999998,19996.779999999977,0
1993-07-22T00:00:00+00:00,19996.779999999977,20076.989999999976,19931.879999999976,20040.189999999977,0
1993-07-23T00:00:00+00:00,20040.189999999977,20117.299999999977,20014.079999999976,20080.28999999998,0
1993-07-27T00:00:00+00:00,20080.28999999998,20146.58999999998,20017.87999999998,20131.98999999998,0
1993-07-28T00:00:00+00:00,20131.98999999998,20238.50999999998,20063.98999999998,20177.89999999998,0
1993-07-29T00:00:00+00:00,20177.89999999998,20240.409999999978,20075.08999999998,20111.98999999998,0
1993-07-30T00:00:00+00:00,20111.98999999998,20743.05999999998,20111.98999999998,20726.159999999978,0
1993-08-03T00:00:00+00:00,20726.159999999978,20746.059999999976,20564.739999999976,20676.949999999975,0
1993-08-04T00:00:00+00:00,20676.949999999975,20893.869999999977,20652.149999999976,20652.149999999976,0
1993-08-05T00:00:00+00:00,20652.149999999976,20939.979999999974,20571.039999999975,20769.659999999974,0
1993-08-06T00:00:00+00:00,20769.659999999974,20805.169999999973,20623.949999999975,20673.349999999973,0
1993-08-10T00:00:00+00:00,20673.349999999973,20886.579999999973,20673.349999999973,20826.56999999997,0
1993-08-11T00:00:00+00:00,20826.56999999997,20956.78999999997,20777.86999999997,20795.26999999997,0
1993-08-12T00:00:00+00:00,20795.26999999997,21050.499999999975,20783.469999999972,21026.989999999972,0
1993-08-13T00:00:00+00:00,21026.989999999972,21145.599999999973,20914.679999999975,20971.489999999972,0
1993-08-17T00:00:00+00:00,20971.489999999972,21183.40999999997,20827.56999999997,21180.209999999974,0
1993-08-18T00:00:00+00:00,21180.209999999974,21281.219999999972,21005.089999999975,21097.599999999973,0
1993-08-19T00:00:00+00:00,21097.599999999973,21255.819999999974,21024.28999999997,21064.799999999974,0
1993-08-20T00:00:00+00:00,21064.799999999974,21169.909999999974,20870.379999999976,20954.289999999975,0
1993-08-24T00:00:00+00:00,20954.289999999975,20954.289999999975,20743.469999999976,20773.169999999976,0
1993-08-25T00:00:00+00:00,20773.169999999976,20862.079999999976,20737.05999999998,20824.069999999978,0
1993-08-26T00:00:00+00:00,20824.069999999978,20873.269999999975,20743.159999999978,20852.369999999977,0
1993-08-27T00:00:00+00:00,20852.369999999977,20917.07999999998,20805.46999999998,20914.279999999977,0
1993-08-31T00:00:00+00:00,20914.279999999977,21021.58999999998,20845.169999999976,21010.189999999977,0
1993-09-01T00:00:00+00:00,21010.189999999977,21115.299999999977,20916.67999999998,21112.199999999975,0
1993-09-02T00:00:00+00:00,21112.199999999975,21116.099999999977,20985.579999999976,21101.399999999976,0
1993-09-03T00:00:00+00:00,21101.399999999976,21204.009999999977,21079.399999999976,21141.309999999976,0
1993-09-07T00:00:00+00:00,21141.309999999976,21227.409999999974,21033.399999999976,21038.299999999977,0
1993-09-08T00:00:00+00:00,21038.299999999977,21038.299999999977,20852.679999999975,20934.589999999975,0
1993-09-09T00:00:00+00:00,20934.589999999975,21007.399999999976,20827.679999999975,20929.089999999975,0
1993-09-10T00:00:00+00:00,20929.089999999975,20967.689999999977,20780.179999999975,20849.479999999978,0
1993-09-14T00:00:00+00:00,20849.479999999978,21163.509999999977,20849.479999999978,21147.499999999978,0
1993-09-15T00:00:00+00:00,21147.499999999978,21182.80999999998,20935.779999999977,20958.87999999998,0
1993-09-17T00:00:00+00:00,20938.69,20938.69,20501.95,20502.15,0
1993-09-21T00:00:00+00:00,20502.15,20514.050000000003,20318.030000000002,20372.54,0
1993-09-22T00:00:00+00:00,20372.54,20589.97,20372.54,20491.760000000002,0
1993-09-23T00:00:00+00:00,20491.760000000002,20491.760000000002,20223.13,20285.64,0
1993-09-28T00:00:00+00:00,20315.63,20384.44,20000,20094.11,0
1993-09-29T00:00:00+00:00,20094.11,20264.43,20094.11,20137.920000000002,0
1993-09-30T00:00:00+00:00,20137.920000000002,20137.920000000002,19908.89,20058.61,0
1993-10-01T00:00:00+00:00,20058.61,20119.32,19993.2,20066.71,0
1993-10-05T00:00:00+00:00,20066.71,20088.61,19956,20069.11,0
1993-10-06T00:00:00+00:00,20069.11,20167.22,19995,20079.11,0
1993-10-07T00:00:00+00:00,20079.11,20275.93,20059.31,20246.63,0
1993-10-08T00:00:00+00:00,20246.63,20251.43,20019.81,20022.61,0
1993-10-13T00:00:00+00:00,20376.34,20376.34,20116.71,20137.31,0
1993-10-14T00:00:00+00:00,20137.31,20169.520000000004,20000.200000000004,20040.700000000004,0
1993-10-15T00:00:00+00:00,20040.700000000004,20121.310000000005,19936.290000000005,20107.210000000006,0
1993-10-19T00:00:00+00:00,20107.210000000006,20164.120000000006,19970.100000000006,19970.800000000007,0
1993-10-20T00:00:00+00:00,19970.800000000007,20085.81000000001,19924.19000000001,19951.700000000008,0
1993-10-21T00:00:00+00:00,19951.700000000008,20119.21000000001,19951.700000000008,20070.910000000007,0
1993-10-22T00:00:00+00:00,20070.910000000007,20088.81000000001,19977.90000000001,20048.510000000006,0
1993-10-26T00:00:00+00:00,20048.510000000006,20179.930000000004,19977.910000000007,20015.410000000007,0
1993-10-27T00:00:00+00:00,20015.410000000007,20059.510000000006,19734.88000000001,19738.580000000005,0
1993-10-28T00:00:00+00:00,19738.580000000005,19738.580000000005,19412.750000000007,19564.560000000005,0
1993-10-29T00:00:00+00:00,19564.560000000005,19590.270000000004,19170.720000000005,19206.630000000005,0
1993-11-02T00:00:00+00:00,19206.630000000005,19206.630000000005,18924.900000000005,18987.900000000005,0
1993-11-03T00:00:00+00:00,18987.900000000005,19100.010000000006,18892.890000000003,18932.100000000006,0
1993-11-05T00:00:00+00:00,19373.64,19433.24,18949.79,18949.79,0
1993-11-09T00:00:00+00:00,18949.79,19017.899999999998,18727.07,18971.39,0
1993-11-10T00:00:00+00:00,18971.39,18995.399999999998,18382.23,18459.44,0
1993-11-11T00:00:00+00:00,18459.44,18538.35,18128.71,18432.14,0
1993-11-12T00:00:00+00:00,18432.14,18603.350000000002,18351.13,18433.24,0
1993-11-16T00:00:00+00:00,18433.24,18451.140000000003,17896.390000000003,18018.800000000003,0
1993-11-17T00:00:00+00:00,18018.800000000003,18454.850000000002,17865.29,18233.72,0
1993-11-18T00:00:00+00:00,18233.72,18345.530000000002,18032.100000000002,18110.010000000002,0
1993-11-19T00:00:00+00:00,18110.010000000002,18291.720000000005,18072.800000000003,18121.410000000003,0
1993-11-23T00:00:00+00:00,18121.410000000003,18121.410000000003,17470.350000000002,17600.660000000003,0
1993-11-25T00:00:00+00:00,17350.84,17544.85,16993.9,17067.11,0
1993-11-26T00:00:00+00:00,17067.11,17357.440000000002,16950.7,17170.32,0
1993-11-30T00:00:00+00:00,17170.32,17170.32,16153.72,16560.46,0
1993-12-01T00:00:00+00:00,16560.46,16952.2,16451.05,16853.59,0
1993-12-02T00:00:00+00:00,16853.59,17571.870000000003,16833.59,17528.960000000003,0
1993-12-03T00:00:00+00:00,17528.960000000003,18253.730000000003,17440.250000000004,17825.190000000002,0
1993-12-07T00:00:00+00:00,17825.190000000002,17825.190000000002,17183.530000000002,17240.430000000004,0
1993-12-08T00:00:00+00:00,17240.430000000004,17539.260000000006,17201.730000000003,17313.940000000006,0
1993-12-09T00:00:00+00:00,17313.940000000006,17317.340000000007,16641.570000000007,16932.700000000008,0
1993-12-10T00:00:00+00:00,16932.700000000008,17476.560000000005,16932.700000000008,17449.460000000006,0
1993-12-14T00:00:00+00:00,17449.460000000006,17765.90000000001,17326.35000000001,17529.87000000001,0
1993-12-15T00:00:00+00:00,17529.87000000001,17598.98000000001,17446.67000000001,17491.97000000001,0
1993-12-16T00:00:00+00:00,17491.97000000001,17777.790000000008,17411.160000000007,17730.790000000008,0
1993-12-17T00:00:00+00:00,17730.790000000008,18128.43000000001,17730.790000000008,18005.72000000001,0
1993-12-21T00:00:00+00:00,18005.72000000001,18005.72000000001,17363.360000000008,17384.16000000001,0
1993-12-22T00:00:00+00:00,17384.16000000001,17449.97000000001,17123.94000000001,17281.05000000001,0
1993-12-23T00:00:00+00:00,17281.05000000001,17381.760000000013,17224.940000000013,17374.350000000013,0
1993-12-28T00:00:00+00:00,17081.51,17081.51,16633.66,16819.88,0
1993-12-29T00:00:00+00:00,16819.88,17113.5,16819.88,17097.1,0
1993-12-30T00:00:00+00:00,17097.1,17289.32,16983.489999999998,17219.219999999998,0
1993-12-31T00:00:00+00:00,17219.219999999998,17327.23,17219.219999999998,17327.23,0
1994-01-05T00:00:00+00:00,17421.64,17424.84,17242.32,17369.74,0
1994-01-06T00:00:00+00:00,17369.74,17786.38,17369.74,17776.68,0
1994-01-07T00:00:00+00:00,17776.68,17938.99,17703.870000000003,17793.280000000002,0
1994-01-11T00:00:00+00:00,17793.280000000002,18173.820000000003,17793.280000000002,18050.2,0
1994-01-12T00:00:00+00:00,18050.2,18240.02,17941.390000000003,18053.600000000002,0
1994-01-13T00:00:00+00:00,18053.600000000002,18413.340000000004,17908.190000000002,18400.140000000003,0
1994-01-14T00:00:00+00:00,18400.140000000003,18453.140000000003,18178.510000000002,18207.02,0
1994-01-18T00:00:00+00:00,18207.02,18207.02,17941.190000000002,18020.5,0
1994-01-19T00:00:00+00:00,18020.5,18127.11,17831.38,17831.38,0
1994-01-20T00:00:00+00:00,17831.38,18434.140000000003,17830.980000000003,18354.730000000003,0
1994-01-21T00:00:00+00:00,18354.730000000003,18623.950000000004,18307.920000000006,18466.140000000003,0
1994-01-25T00:00:00+00:00,18466.140000000003,18466.140000000003,17492.040000000005,17524.950000000004,0
1994-01-26T00:00:00+00:00,17524.950000000004,17759.780000000006,17524.950000000004,17745.870000000006,0
1994-01-27T00:00:00+00:00,17745.870000000006,18205.72000000001,17741.67000000001,18188.410000000007,0
1994-01-28T00:00:00+00:00,18188.410000000007,18383.13000000001,17870.180000000008,17950.19000000001,0
1994-02-01T00:00:00+00:00,17950.19000000001,19388.53000000001,17950.19000000001,19388.53000000001,0
1994-02-02T00:00:00+00:00,19388.53000000001,19642.15000000001,19369.72000000001,19548.540000000008,0
1994-02-03T00:00:00+00:00,19548.540000000008,19554.34000000001,19254.51000000001,19405.13000000001,0
1994-02-04T00:00:00+00:00,19405.13000000001,19545.14000000001,19047.290000000008,19286.92000000001,0
1994-02-08T00:00:00+00:00,19286.92000000001,19286.92000000001,19044.19000000001,19046.39000000001,0
1994-02-09T00:00:00+00:00,19046.39000000001,19492.330000000013,19046.39000000001,19217.11000000001,0
1994-02-10T00:00:00+00:00,19217.11000000001,19217.11000000001,18631.760000000013,18822.170000000013,0
1994-02-11T00:00:00+00:00,18822.170000000013,18949.480000000014,18729.760000000013,18933.180000000015,0
1994-02-15T00:00:00+00:00,18933.180000000015,18933.180000000015,18362.430000000015,18453.440000000013,0
1994-02-16T00:00:00+00:00,18453.440000000013,18453.440000000013,17815.980000000014,18021.600000000013,0
1994-02-17T00:00:00+00:00,18021.600000000013,18255.630000000012,18021.000000000015,18040.710000000014,0
1994-02-18T00:00:00+00:00,18040.710000000014,18040.710000000014,17824.190000000013,17945.600000000013,0
1994-02-22T00:00:00+00:00,17945.600000000013,18451.95000000001,17863.490000000013,18430.75000000001,0
1994-02-23T00:00:00+00:00,18430.75000000001,18569.170000000013,18334.740000000013,18350.240000000013,0
1994-02-24T00:00:00+00:00,18350.240000000013,18416.050000000014,18273.030000000013,18290.930000000015,0
1994-02-25T00:00:00+00:00,18290.930000000015,18693.970000000012,18290.930000000015,18667.170000000013,0
1994-03-01T00:00:00+00:00,18667.170000000013,18935.80000000001,18667.170000000013,18815.79000000001,0
1994-03-02T00:00:00+00:00,18815.79000000001,19004.10000000001,18815.79000000001,18979.80000000001,0
1994-03-03T00:00:00+00:00,18979.80000000001,18979.80000000001,18545.05000000001,18565.55000000001,0
1994-03-04T00:00:00+00:00,18565.55000000001,18577.65000000001,18337.62000000001,18411.83000000001,0
1994-03-08T00:00:00+00:00,18411.83000000001,18711.86000000001,18201.41000000001,18244.61000000001,0
1994-03-09T00:00:00+00:00,18244.61000000001,18509.04000000001,18244.61000000001,18316.720000000012,0
1994-03-10T00:00:00+00:00,18316.720000000012,18341.720000000012,18113.10000000001,18286.61000000001,0
1994-03-11T00:00:00+00:00,18286.61000000001,18520.43000000001,18286.61000000001,18496.73000000001,0
1994-03-15T00:00:00+00:00,18496.73000000001,18919.97000000001,18496.73000000001,18865.16000000001,0
1994-03-16T00:00:00+00:00,18865.16000000001,18968.47000000001,18773.15000000001,18823.15000000001,0
1994-03-17T00:00:00+00:00,18823.15000000001,19087.08000000001,18823.15000000001,18982.87000000001,0
1994-03-18T00:00:00+00:00,18982.87000000001,18982.87000000001,18739.340000000007,18882.06000000001,0
1994-03-23T00:00:00+00:00,20458.55,20458.55,20202.42,20253.53,0
1994-03-24T00:00:00+00:00,20253.53,20299.129999999997,19915.09,19939.199999999997,0
1994-03-25T00:00:00+00:00,19939.199999999997,20044.809999999998,19839.089999999997,20006.899999999998,0
1994-03-29T00:00:00+00:00,20006.899999999998,20249.85,19912.489999999998,20128.73,0
1994-03-30T00:00:00+00:00,20128.73,20163.929999999997,19847.769999999997,19904.48,0
1994-03-31T00:00:00+00:00,19904.48,19904.48,19552.81,19823.86,0
1994-04-01T00:00:00+00:00,19823.86,19870.87,19406.68,19435.78,0
1994-04-05T00:00:00+00:00,19435.78,19435.78,19099.41,19325.15,0
1994-04-06T00:00:00+00:00,19325.15,19721.43,19325.15,19704.32,0
1994-04-07T00:00:00+00:00,19704.32,19946.269999999997,19704.32,19764.73,0
1994-04-08T00:00:00+00:00,19764.73,20034.48,19676.11,19979.37,0
1994-04-12T00:00:00+00:00,19979.37,20029.78,19897.95,19928.56,0
1994-04-13T00:00:00+00:00,19928.56,19928.56,19691.410000000003,19692.110000000004,0
1994-04-14T00:00:00+00:00,19692.110000000004,20113.79,19682.600000000002,20070.780000000002,0
1994-04-15T00:00:00+00:00,20070.780000000002,20187.900000000005,19866.740000000005,20005.970000000005,0
1994-04-19T00:00:00+00:00,20005.970000000005,20278.130000000005,20005.970000000005,20060.890000000007,0
1994-04-20T00:00:00+00:00,20060.890000000007,20118.300000000007,19937.060000000005,20009.980000000007,0
1994-04-21T00:00:00+00:00,20009.980000000007,20029.380000000005,19657.110000000004,19688.920000000006,0
1994-04-22T00:00:00+00:00,19688.920000000006,19718.530000000006,19577.200000000008,19583.000000000007,0
1994-04-26T00:00:00+00:00,19583.000000000007,19583.000000000007,19289.85000000001,19370.660000000007,0
1994-04-27T00:00:00+00:00,19370.660000000007,19370.660000000007,19165.020000000008,19281.550000000007,0
1994-04-28T00:00:00+00:00,19281.550000000007,19461.780000000006,19260.740000000005,19377.070000000007,0
1994-04-29T00:00:00+00:00,19377.070000000007,19415.58000000001,19297.160000000007,19377.88000000001,0
1994-05-03T00:00:00+00:00,19377.88000000001,19377.88000000001,19218.25000000001,19299.56000000001,0
1994-05-10T00:00:00+00:00,19820.86,19820.86,19721.04,19786.96,0
1994-05-11T00:00:00+00:00,19786.96,19984.899999999998,19775.26,19939.989999999998,0
1994-05-12T00:00:00+00:00,19939.989999999998,20158.73,19939.989999999998,20089.02,0
1994-05-13T00:00:00+00:00,20089.02,20210.239999999998,20068.61,20174.13,0
1994-05-17T00:00:00+00:00,20174.13,20254.05,20030.5,20044.51,0
1994-05-18T00:00:00+00:00,20044.51,20060.71,19953.19,20019.309999999998,0
1994-05-19T00:00:00+00:00,20019.309999999998,20113.729999999996,19793.559999999998,19980.499999999996,0
1994-05-20T00:00:00+00:00,19980.499999999996,20152.429999999997,19884.179999999997,20071.309999999998,0
1994-05-24T00:00:00+00:00,20071.309999999998,20260.44,20013.6,20254.239999999998,0
1994-05-25T00:00:00+00:00,20254.239999999998,20463.98,20216.23,20337.35,0
1994-05-26T00:00:00+00:00,20337.35,20405.26,20214.22,20367.95,0
1994-05-27T00:00:00+00:00,20367.95,20425.26,20224.92,20231.42,0
1994-05-31T00:00:00+00:00,20231.42,20327.94,20212.91,20234.72,0
1994-06-01T00:00:00+00:00,20234.72,20426.260000000002,20234.72,20351.24,0
1994-06-02T00:00:00+00:00,20351.24,20453.06,20258.72,20415.45,0
1994-06-03T00:00:00+00:00,20415.45,20540.480000000003,20307.43,20350.74,0
1994-06-07T00:00:00+00:00,20350.74,20350.74,20103.49,20122.600000000002,0
1994-06-08T00:00:00+00:00,20122.600000000002,20441.260000000002,20122.600000000002,20430.260000000002,0
1994-06-09T00:00:00+00:00,20430.260000000002,20701.710000000003,20358.250000000004,20689.910000000003,0
1994-06-10T00:00:00+00:00,20689.910000000003,20865.840000000004,20674.300000000003,20813.13,0
1994-06-14T00:00:00+00:00,20813.13,21007.96,20706.3,20987.56,0
1994-06-15T00:00:00+00:00,20987.56,20987.56,20796.02,20845.83,0
1994-06-16T00:00:00+00:00,20845.83,20928.95,20667.000000000004,20715.31,0
1994-06-17T00:00:00+00:00,20715.31,20829.93,20713.9,20807.420000000002,0
1994-06-21T00:00:00+00:00,20807.420000000002,20807.420000000002,20417.450000000004,20443.850000000002,0
1994-06-22T00:00:00+00:00,20443.850000000002,20443.850000000002,20127.08,20180.79,0
1994-06-23T00:00:00+00:00,20180.79,20180.79,19809.51,20019.46,0
1994-06-24T00:00:00+00:00,20019.46,20450.039999999997,20019.46,20422.239999999998,0
1994-06-28T00:00:00+00:00,20422.239999999998,20422.239999999998,19941.239999999998,20073.67,0
1994-06-29T00:00:00+00:00,20073.67,20449.949999999997,20073.67,20356.629999999997,0
1994-06-30T00:00:00+00:00,20356.629999999997,20356.629999999997,20177.989999999998,20238.51,0
1994-07-01T00:00:00+00:00,20238.51,20505.069999999996,20067.379999999997,20464.859999999997,0
1994-07-05T00:00:00+00:00,20464.859999999997,20569.079999999998,20439.149999999998,20497.87,0
1994-07-06T00:00:00+00:00,20497.87,20755.420000000002,20497.87,20682.21,0
1994-07-07T00:00:00+00:00,20682.21,20714.219999999998,20462.87,20464.469999999998,0
1994-07-08T00:00:00+00:00,20464.469999999998,20522.68,20392.559999999998,20418.46,0
1994-07-12T00:00:00+00:00,20418.46,20485.379999999997,20319.94,20423.96,0
1994-07-13T00:00:00+00:00,20423.96,20430.96,20305.54,20411.96,0
1994-07-14T00:00:00+00:00,20411.96,20575.39,20385.35,20556.989999999998,0
1994-07-15T00:00:00+00:00,20556.989999999998,20771.839999999997,20556.989999999998,20709.62,0
1994-07-19T00:00:00+00:00,20709.62,20782.929999999997,20654.809999999998,20684.109999999997,0
1994-07-20T00:00:00+00:00,20684.109999999997,20782.329999999994,20666.809999999994,20705.619999999995,0
1994-07-21T00:00:00+00:00,20705.619999999995,20760.529999999995,20625.109999999997,20668.919999999995,0
1994-07-22T00:00:00+00:00,20668.919999999995,20668.919999999995,20509.989999999994,20524.18999999999,0
1994-07-26T00:00:00+00:00,20524.18999999999,20524.18999999999,20320.839999999993,20394.459999999992,0
1994-07-27T00:00:00+00:00,20394.459999999992,20493.479999999992,20344.34999999999,20447.96999999999,0
1994-07-28T00:00:00+00:00,20447.96999999999,20447.96999999999,20218.619999999988,20251.92999999999,0
1994-07-29T00:00:00+00:00,20251.92999999999,20364.149999999987,20095.29999999999,20349.449999999986,0
1994-08-02T00:00:00+00:00,20349.449999999986,20351.049999999985,20198.619999999984,20198.619999999984,0
1994-08-03T00:00:00+00:00,20198.619999999984,20521.379999999986,20198.619999999984,20519.579999999987,0
1994-08-04T00:00:00+00:00,20519.579999999987,20584.29999999999,20447.26999999999,20487.779999999988,0
1994-08-05T00:00:00+00:00,20487.779999999988,20577.499999999985,20441.769999999986,20553.399999999987,0
1994-08-09T00:00:00+00:00,20553.399999999987,20666.519999999986,20529.789999999986,20663.419999999987,0
1994-08-10T00:00:00+00:00,20663.419999999987,20732.029999999988,20540.49999999999,20547.49999999999,0
1994-08-11T00:00:00+00:00,20547.49999999999,20720.72999999999,20535.29999999999,20720.72999999999,0
1994-08-12T00:00:00+00:00,20720.72999999999,20795.94999999999,20640.91999999999,20772.03999999999,0
1994-08-16T00:00:00+00:00,20772.03999999999,20871.459999999992,20750.339999999993,20750.339999999993,0
1994-08-17T00:00:00+00:00,20750.339999999993,20935.27999999999,20750.339999999993,20879.469999999994,0
1994-08-18T00:00:00+00:00,20879.469999999994,20925.979999999992,20842.159999999993,20874.759999999995,0
1994-08-19T00:00:00+00:00,20874.759999999995,20906.659999999996,20816.039999999997,20906.659999999996,0
1994-08-23T00:00:00+00:00,20906.659999999996,20908.859999999997,20751.129999999997,20765.23,0
1994-08-24T00:00:00+00:00,20765.23,20899.66,20713.120000000003,20777.34,0
1994-08-25T00:00:00+00:00,20777.34,20941.969999999998,20742.329999999998,20941.969999999998,0
1994-08-26T00:00:00+00:00,20941.969999999998,21008.279999999995,20847.949999999997,20847.949999999997,0
1994-08-30T00:00:00+00:00,20847.949999999997,21051.989999999998,20847.949999999997,20929.569999999996,0
1994-08-31T00:00:00+00:00,20929.569999999996,20967.879999999997,20841.649999999998,20930.069999999996,0
1994-09-01T00:00:00+00:00,20930.069999999996,20963.179999999997,20868.159999999996,20963.179999999997,0
1994-09-02T00:00:00+00:00,20963.179999999997,21029.389999999996,20946.369999999995,20971.779999999995,0
1994-09-06T00:00:00+00:00,20971.779999999995,20971.779999999995,20722.529999999995,20735.729999999996,0
1994-09-07T00:00:00+00:00,20735.729999999996,20857.159999999996,20658.819999999996,20721.429999999997,0
1994-09-08T00:00:00+00:00,20721.429999999997,20721.429999999997,20380.759999999995,20380.759999999995,0
1994-09-09T00:00:00+00:00,20380.759999999995,20445.969999999994,20255.329999999994,20255.329999999994,0
1994-09-13T00:00:00+00:00,20255.329999999994,20310.539999999994,20219.729999999996,20254.429999999993,0
1994-09-14T00:00:00+00:00,20254.429999999993,20425.859999999993,20155.209999999992,20374.949999999993,0
1994-09-15T00:00:00+00:00,20374.949999999993,20391.559999999994,20256.929999999997,20270.229999999996,0
1994-09-20T00:00:00+00:00,19794.36,19794.36,19543.41,19554.11,0
1994-09-21T00:00:00+00:00,19554.11,19794.559999999998,19554.11,19789.66,0
1994-09-22T00:00:00+00:00,19789.66,19962.39,19692.239999999998,19886.18,0
1994-09-23T00:00:00+00:00,19886.18,19886.18,19738.649999999998,19812.269999999997,0
1994-09-27T00:00:00+00:00,19812.269999999997,19907.879999999997,19765.959999999995,19799.859999999997,0
1994-09-28T00:00:00+00:00,19799.859999999997,19814.859999999997,19406.78,19461.589999999997,0
1994-09-29T00:00:00+00:00,19461.589999999997,19574.21,19403.679999999997,19467.589999999997,0
1994-09-30T00:00:00+00:00,19467.589999999997,19640.829999999998,19467.589999999997,19523.699999999997,0
1994-10-04T00:00:00+00:00,19523.699999999997,19616.509999999995,19514.989999999994,19594.009999999995,0
1994-10-05T00:00:00+00:00,19594.009999999995,19596.309999999998,19470.189999999995,19513.089999999997,0
1994-10-06T00:00:00+00:00,19513.089999999997,19729.629999999997,19464.78,19728.629999999997,0
1994-10-07T00:00:00+00:00,19728.629999999997,19749.73,19646.71,19656.51,0
1994-10-12T00:00:00+00:00,19790.46,19894.88,19790.46,19821.46,0
1994-10-13T00:00:00+00:00,19821.46,20075.81,19807.36,20050.31,0
1994-10-14T00:00:00+00:00,20050.31,20142.13,20008.300000000003,20114.320000000003,0
1994-10-18T00:00:00+00:00,20114.320000000003,20195.74,20048.010000000002,20098.620000000003,0
1994-10-19T00:00:00+00:00,20098.620000000003,20154.530000000002,20080.920000000006,20126.330000000005,0
1994-10-20T00:00:00+00:00,20126.330000000005,20137.13000000001,19977.000000000007,19982.600000000006,0
1994-10-21T00:00:00+00:00,19982.600000000006,20099.22000000001,19982.600000000006,20099.22000000001,0
1994-10-25T00:00:00+00:00,20099.22000000001,20142.83000000001,20020.51000000001,20042.31000000001,0
1994-10-26T00:00:00+00:00,20042.31000000001,20042.31000000001,19942.59000000001,19942.59000000001,0
1994-10-27T00:00:00+00:00,19942.59000000001,19981.79000000001,19916.98000000001,19957.39000000001,0
1994-10-28T00:00:00+00:00,19957.39000000001,20134.920000000013,19939.48000000001,20011.400000000012,0
1994-11-01T00:00:00+00:00,20011.400000000012,20156.630000000012,20011.400000000012,20145.53000000001,0
1994-11-02T00:00:00+00:00,20145.53000000001,20145.53000000001,20053.01000000001,20132.520000000008,0
1994-11-03T00:00:00+00:00,20132.520000000008,20132.520000000008,19954.680000000008,19991.39000000001,0
1994-11-08T00:00:00+00:00,19755.15,19755.15,19593.92,19619.22,0
1994-11-09T00:00:00+00:00,19619.22,19619.920000000002,19525.7,19591.010000000002,0
1994-11-10T00:00:00+00:00,19591.010000000002,19675.030000000002,19352.07,19444.58,0
1994-11-11T00:00:00+00:00,19444.58,19447.68,19229.04,19255.84,0
1994-11-15T00:00:00+00:00,19255.84,19308.35,19125.11,19270.84,0
1994-11-16T00:00:00+00:00,19270.84,19388.670000000002,19270.84,19347.760000000002,0
1994-11-17T00:00:00+00:00,19347.760000000002,19392.870000000003,19200.730000000003,19255.24,0
1994-11-18T00:00:00+00:00,19255.24,19329.05,19233.84,19292.95,0
1994-11-22T00:00:00+00:00,19292.95,19297.95,19104.510000000002,19104.510000000002,0
1994-11-23T00:00:00+00:00,19104.510000000002,19104.510000000002,18957.980000000003,19015.490000000005,0
1994-11-25T00:00:00+00:00,18877.08,18877.08,18688.74,18701.24,0
1994-11-29T00:00:00+00:00,18701.24,18784.850000000002,18701.24,18784.850000000002,0
1994-11-30T00:00:00+00:00,18784.850000000002,18887.070000000003,18784.850000000002,18884.970000000005,0
1994-12-01T00:00:00+00:00,18884.970000000005,19075.210000000003,18884.970000000005,19016.800000000003,0
1994-12-02T00:00:00+00:00,19016.800000000003,19067.010000000002,18917.380000000005,18969.190000000002,0
1994-12-06T00:00:00+00:00,18969.190000000002,19207.840000000004,18969.190000000002,19207.840000000004,0
1994-12-07T00:00:00+00:00,19207.840000000004,19233.850000000006,19134.430000000004,19232.050000000007,0
1994-12-08T00:00:00+00:00,19232.050000000007,19232.050000000007,19065.320000000007,19100.720000000005,0
1994-12-09T00:00:00+00:00,19100.720000000005,19215.350000000006,19062.320000000007,19107.030000000006,0
1994-12-13T00:00:00+00:00,19107.030000000006,19170.440000000006,19057.920000000006,19073.930000000004,0
1994-12-14T00:00:00+00:00,19073.930000000004,19094.230000000003,18899.690000000006,18952.610000000004,0
1994-12-15T00:00:00+00:00,18952.610000000004,19022.520000000004,18952.610000000004,18996.420000000006,0
1994-12-16T00:00:00+00:00,18996.420000000006,19209.770000000008,18996.420000000006,19153.350000000006,0
1994-12-20T00:00:00+00:00,19153.350000000006,19329.490000000005,19153.350000000006,19264.170000000006,0
1994-12-21T00:00:00+00:00,19264.170000000006,19418.800000000007,19194.560000000005,19407.900000000005,0
1994-12-22T00:00:00+00:00,19407.900000000005,19467.110000000004,19289.58,19352.99,0
1994-12-23T00:00:00+00:00,19352.99,19585.94,19352.99,19585.94,0
1994-12-27T00:00:00+00:00,19585.94,19666.46,19540.03,19666.46,0
1994-12-28T00:00:00+00:00,19666.46,19764.41,19591.52,19674.47,0
1994-12-29T00:00:00+00:00,19674.47,19743.81,19529.300000000003,19595.43,0
1994-12-30T00:00:00+00:00,19595.43,19749.51,19494.88,19738.71,0
1995-01-05T00:00:00+00:00,19724.76,19724.76,19641.22,19684.04,0
1995-01-06T00:00:00+00:00,19684.04,19704.25,19504.65,19602.600000000002,0
1995-01-10T00:00:00+00:00,19602.600000000002,19624.610000000004,19534.870000000003,19545.670000000002,0
1995-01-11T00:00:00+00:00,19545.670000000002,19674.23,19499.84,19632.010000000002,0
1995-01-12T00:00:00+00:00,19632.010000000002,19717.550000000003,19594.79,19662.820000000003,0
1995-01-13T00:00:00+00:00,19662.820000000003,19673.320000000003,19470.620000000003,19536.460000000003,0
1995-01-18T00:00:00+00:00,19322.46,19361.98,19087.94,19241.32,0
1995-01-19T00:00:00+00:00,19241.32,19330.760000000002,19210.5,19232.710000000003,0
1995-01-20T00:00:00+00:00,19232.710000000003,19311.850000000002,18992.090000000004,19089.840000000004,0
1995-01-24T00:00:00+00:00,19089.840000000004,19100.750000000004,18061.630000000005,18068.330000000005,0
1995-01-25T00:00:00+00:00,18068.330000000005,18399.800000000007,17959.780000000006,18321.760000000006,0
1995-01-26T00:00:00+00:00,18321.760000000006,18638.620000000006,18321.760000000006,18385.490000000005,0
1995-01-27T00:00:00+00:00,18385.490000000005,18625.010000000006,18234.920000000006,18288.450000000004,0
1995-01-31T00:00:00+00:00,18288.450000000004,18969.690000000002,18288.450000000004,18904.060000000005,0
1995-02-01T00:00:00+00:00,18904.060000000005,18968.900000000005,18696.960000000003,18763.890000000003,0
1995-02-02T00:00:00+00:00,18763.890000000003,18985.900000000005,18726.870000000006,18856.440000000006,0
1995-02-03T00:00:00+00:00,18856.440000000006,18856.440000000006,18657.740000000005,18740.880000000005,0
1995-02-07T00:00:00+00:00,18740.880000000005,18828.330000000005,18729.480000000007,18823.420000000006,0
1995-02-08T00:00:00+00:00,18823.420000000006,18823.420000000006,18666.640000000007,18667.540000000005,0
1995-02-09T00:00:00+00:00,18667.540000000005,18667.540000000005,18327.370000000003,18480.550000000003,0
1995-02-10T00:00:00+00:00,18480.550000000003,18553.89,18314.77,18314.77,0
1995-02-14T00:00:00+00:00,18314.77,18422.820000000003,18277.65,18308.370000000003,0
1995-02-15T00:00:00+00:00,18308.370000000003,18308.370000000003,18096.060000000005,18169.400000000005,0
1995-02-16T00:00:00+00:00,18169.400000000005,18171.000000000007,17983.500000000007,18068.550000000007,0
1995-02-17T00:00:00+00:00,18068.550000000007,18068.550000000007,17840.230000000007,17878.450000000008,0
1995-02-21T00:00:00+00:00,17878.450000000008,17950.580000000005,17762.490000000005,17798.210000000006,0
1995-02-22T00:00:00+00:00,17798.210000000006,18046.140000000007,17798.210000000006,17947.890000000007,0
1995-02-23T00:00:00+00:00,17947.890000000007,18100.370000000006,17936.380000000005,17936.480000000007,0
1995-02-24T00:00:00+00:00,17936.480000000007,17936.480000000007,17409.420000000006,17686.160000000007,0
1995-02-28T00:00:00+00:00,17686.160000000007,17686.160000000007,16739.290000000005,17029.530000000006,0
1995-03-01T00:00:00+00:00,17029.530000000006,17346.390000000007,17029.530000000006,17235.040000000008,0
1995-03-02T00:00:00+00:00,17235.040000000008,17235.040000000008,16696.070000000007,16835.840000000007,0
1995-03-03T00:00:00+00:00,16835.840000000007,17341.99000000001,16835.840000000007,17143.290000000008,0
1995-03-07T00:00:00+00:00,17143.290000000008,17290.270000000008,17005.720000000005,17196.520000000008,0
1995-03-08T00:00:00+00:00,17196.520000000008,17241.14000000001,17090.87000000001,17091.770000000008,0
1995-03-09T00:00:00+00:00,17091.770000000008,17091.770000000008,16740.600000000006,16823.540000000008,0
1995-03-10T00:00:00+00:00,16823.540000000008,16987.020000000008,16823.540000000008,16910.78000000001,0
1995-03-14T00:00:00+00:00,16910.78000000001,16997.42000000001,16600.82000000001,16997.42000000001,0
1995-03-15T00:00:00+00:00,16997.42000000001,16997.42000000001,16740.49000000001,16787.110000000008,0
1995-03-16T00:00:00+00:00,16787.110000000008,17252.44000000001,16778.90000000001,17220.52000000001,0
1995-03-17T00:00:00+00:00,17220.52000000001,17220.52000000001,16896.25000000001,16943.380000000012,0
1995-03-21T00:00:00+00:00,16943.380000000012,16943.380000000012,16706.36000000001,16855.93000000001,0
1995-03-23T00:00:00+00:00,16123.36,16244.82,15901.95,15904.85,0
1995-03-24T00:00:00+00:00,15904.85,15935.560000000001,15689.84,15822.11,0
1995-03-28T00:00:00+00:00,15822.11,16241.72,15822.11,16105.75,0
1995-03-29T00:00:00+00:00,16105.75,16689.6,16105.75,16689.6,0
1995-03-30T00:00:00+00:00,16689.6,16689.6,16351.189999999999,16446.059999999998,0
1995-03-31T00:00:00+00:00,16446.059999999998,16639.999999999996,16359.199999999997,16544.329999999998,0
1995-04-04T00:00:00+00:00,16544.329999999998,16544.329999999998,15736.48,15845.98,0
1995-04-05T00:00:00+00:00,15845.98,16167.06,15667.66,16042.130000000001,0
1995-04-06T00:00:00+00:00,16042.130000000001,16290.370000000003,15866.710000000001,16271.240000000002,0
1995-04-07T00:00:00+00:00,16271.240000000002,16368.120000000003,16117.070000000002,16234.880000000003,0
1995-04-11T00:00:00+00:00,16234.880000000003,16707.730000000003,16079.100000000002,16658.54,0
1995-04-12T00:00:00+00:00,16658.54,16818.629999999997,16562.370000000003,16722.05,0
1995-04-13T00:00:00+00:00,16722.05,16886.339999999997,16685.78,16796.78,0
1995-04-14T00:00:00+00:00,16796.78,17024.39,16735.769999999997,16899.57,0
1995-04-18T00:00:00+00:00,16899.57,17157.64,16746,17157.239999999998,0
1995-04-19T00:00:00+00:00,17157.239999999998,17205.829999999998,17036.43,17108.26,0
1995-04-20T00:00:00+00:00,17108.26,17351.59,16904.39,17303.61,0
1995-04-21T00:00:00+00:00,17303.61,17538.54,17303.61,17516.300000000003,0
1995-04-25T00:00:00+00:00,17516.300000000003,17553.170000000002,17351.2,17376.15,0
1995-04-26T00:00:00+00:00,17376.15,17649.340000000004,17376.15,17449.480000000003,0
1995-04-27T00:00:00+00:00,17449.480000000003,17522.510000000006,17303.410000000003,17416.920000000006,0
1995-04-28T00:00:00+00:00,17416.920000000006,17503.980000000007,17323.06000000001,17398.49000000001,0
1995-05-02T00:00:00+00:00,17398.49000000001,17416.72000000001,17286.280000000006,17389.570000000007,0
1995-05-03T00:00:00+00:00,17389.570000000007,17686.000000000004,17303.710000000006,17658.650000000005,0
1995-05-09T00:00:00+00:00,17110.5,17189.54,17071.83,17103.69,0
1995-05-10T00:00:00+00:00,17103.69,17149.17,16919.56,16940.79,0
1995-05-11T00:00:00+00:00,16940.79,16989.08,16832.4,16859.250000000004,0
1995-05-12T00:00:00+00:00,16859.250000000004,16889.200000000004,16478.060000000005,16478.060000000005,0
1995-05-16T00:00:00+00:00,16478.060000000005,16657.690000000002,16384.790000000005,16631.040000000005,0
1995-05-17T00:00:00+00:00,16631.040000000005,16631.040000000005,16409.840000000007,16413.750000000007,0
1995-05-18T00:00:00+00:00,16413.750000000007,16527.05000000001,16370.17000000001,16482.070000000007,0
1995-05-19T00:00:00+00:00,16482.070000000007,16508.120000000006,16186.140000000005,16293.230000000005,0
1995-05-23T00:00:00+00:00,16293.230000000005,16293.230000000005,15903.030000000004,15980.070000000005,0
1995-05-24T00:00:00+00:00,15980.070000000005,16103.490000000005,15930.880000000006,16103.490000000005,0
1995-05-25T00:00:00+00:00,16103.490000000005,16224.810000000005,16026.350000000004,16189.450000000004,0
1995-05-26T00:00:00+00:00,16189.450000000004,16213.990000000003,15740.140000000003,15760.270000000004,0
1995-05-30T00:00:00+00:00,15760.270000000004,15760.270000000004,15572.240000000003,15726.310000000005,0
1995-05-31T00:00:00+00:00,15726.310000000005,15977.160000000005,15726.310000000005,15916.450000000004,0
1995-06-01T00:00:00+00:00,15916.450000000004,15916.450000000004,15462.940000000004,15607.300000000005,0
1995-06-02T00:00:00+00:00,15607.300000000005,15774.200000000004,15546.890000000005,15721.300000000005,0
1995-06-06T00:00:00+00:00,15721.300000000005,15789.020000000004,15607.790000000005,15765.080000000004,0
1995-06-07T00:00:00+00:00,15765.080000000004,15813.260000000004,15497.490000000003,15550.890000000003,0
1995-06-08T00:00:00+00:00,15550.890000000003,15642.050000000003,15465.130000000003,15587.650000000003,0
1995-06-09T00:00:00+00:00,15587.650000000003,15587.650000000003,15314.060000000003,15399.920000000002,0
1995-06-13T00:00:00+00:00,15399.920000000002,15399.920000000002,15111.710000000003,15183.230000000001,0
1995-06-14T00:00:00+00:00,15183.230000000001,15296.840000000002,14947.11,14964.740000000002,0
1995-06-15T00:00:00+00:00,14964.740000000002,15141.960000000003,14964.740000000002,15001.010000000002,0
1995-06-16T00:00:00+00:00,15001.010000000002,15201.570000000002,14710.390000000001,15201.570000000002,0
1995-06-20T00:00:00+00:00,15201.570000000002,15345.230000000001,15196.76,15196.76,0
1995-06-21T00:00:00+00:00,15196.76,15292.93,14954.619999999999,15092.77,0
1995-06-22T00:00:00+00:00,15092.77,15390.41,15073.04,15359.05,0
1995-06-23T00:00:00+00:00,15359.05,15373.079999999998,15212.189999999999,15345.63,0
1995-06-27T00:00:00+00:00,15345.63,15404.13,15171.01,15171.01,0
1995-06-28T00:00:00+00:00,15171.01,15179.03,14760.9,14774.74,0
1995-06-29T00:00:00+00:00,14774.74,14821.77,14603.28,14684.6,0
1995-06-30T00:00:00+00:00,14684.6,14911.81,14452.47,14514.24,0
1995-07-04T00:00:00+00:00,14514.24,14514.24,14290.74,14480.25,0
1995-07-05T00:00:00+00:00,14480.25,14750.98,14453.87,14737.74,0
1995-07-06T00:00:00+00:00,14737.74,14867.09,14653.41,14809.33,0
1995-07-07T00:00:00+00:00,14809.33,15194.369999999999,14697.33,15194.369999999999,0
1995-07-11T00:00:00+00:00,15194.369999999999,15612.899999999998,15152.259999999998,15152.259999999998,0
1995-07-12T00:00:00+00:00,15152.259999999998,15523.659999999996,14890.849999999997,15523.659999999996,0
1995-07-13T00:00:00+00:00,15523.659999999996,15754.379999999997,15432.409999999996,15526.169999999998,0
1995-07-14T00:00:00+00:00,15526.169999999998,15663.34,15329.84,15400.129999999997,0
1995-07-18T00:00:00+00:00,15400.129999999997,15767.82,15400.129999999997,15668.75,0
1995-07-19T00:00:00+00:00,15668.75,15797,15353,15353,0
1995-07-20T00:00:00+00:00,15353,15353,15074.650000000001,15257.34,0
1995-07-21T00:00:00+00:00,15257.34,15345.669999999998,15074.44,15345.669999999998,0
1995-07-25T00:00:00+00:00,15345.669999999998,15378.36,15109.029999999999,15326.119999999999,0
1995-07-26T00:00:00+00:00,15326.119999999999,15326.119999999999,14902.269999999999,14902.269999999999,0
1995-07-27T00:00:00+00:00,14902.269999999999,15124.269999999999,14894.949999999999,15124.269999999999,0
1995-07-28T00:00:00+00:00,15124.269999999999,15452.059999999998,15064.409999999998,15381.969999999998,0
1995-08-01T00:00:00+00:00,15381.969999999998,15648.989999999998,15324.41,15407.739999999998,0
1995-08-02T00:00:00+00:00,15407.739999999998,15407.739999999998,15087.879999999996,15121.569999999996,0
1995-08-03T00:00:00+00:00,15121.569999999996,15598.659999999996,15076.549999999996,15522.959999999995,0
1995-08-04T00:00:00+00:00,15522.959999999995,15883.829999999994,15522.959999999995,15617.509999999995,0
1995-08-08T00:00:00+00:00,15617.509999999995,15686.299999999996,15320.009999999995,15428.399999999994,0
1995-08-09T00:00:00+00:00,15428.399999999994,15636.659999999993,15295.339999999993,15622.129999999994,0
1995-08-10T00:00:00+00:00,15622.129999999994,15720.489999999994,15502.809999999994,15578.409999999996,0
1995-08-11T00:00:00+00:00,15578.409999999996,15595.559999999998,15353.499999999996,15536.399999999998,0
1995-08-15T00:00:00+00:00,15536.399999999998,15721.299999999996,15536.399999999998,15633.659999999996,0
1995-08-16T00:00:00+00:00,15633.659999999996,16171.109999999997,15587.539999999997,16171.109999999997,0
1995-08-17T00:00:00+00:00,16171.109999999997,16949.109999999997,16171.109999999997,16808.129999999997,0
1995-08-18T00:00:00+00:00,16808.129999999997,16958.44,16711.969999999998,16841.42,0
1995-08-22T00:00:00+00:00,16841.42,16841.42,16564.069999999996,16712.569999999996,0
1995-08-23T00:00:00+00:00,16712.569999999996,16882.73,16672.26,16731.92,0
1995-08-24T00:00:00+00:00,16731.92,16791.379999999997,16523.76,16589.94,0
1995-08-25T00:00:00+00:00,16589.94,16835,16489.67,16811.74,0
1995-08-29T00:00:00+00:00,16811.74,16967.460000000003,16651.11,16917.530000000002,0
1995-08-30T00:00:00+00:00,16917.530000000002,17210.420000000002,16850.650000000005,17160.480000000003,0
1995-08-31T00:00:00+00:00,17160.480000000003,17231.170000000006,16945.200000000004,16973.380000000005,0
1995-09-01T00:00:00+00:00,16973.380000000005,17161.290000000008,16895.470000000005,17118.680000000008,0
1995-09-05T00:00:00+00:00,17118.680000000008,17118.680000000008,16640.790000000008,16751.69000000001,0
1995-09-06T00:00:00+00:00,16751.69000000001,16864.60000000001,16524.28000000001,16814.96000000001,0
1995-09-07T00:00:00+00:00,16814.96000000001,16906.91000000001,16628.46000000001,16628.46000000001,0
1995-09-08T00:00:00+00:00,16628.46000000001,16685.72000000001,16483.87000000001,16593.37000000001,0
1995-09-12T00:00:00+00:00,16593.37000000001,16892.180000000008,16516.770000000008,16808.15000000001,0
1995-09-13T00:00:00+00:00,16808.15000000001,16955.450000000008,16723.72000000001,16753.700000000008,0
1995-09-14T00:00:00+00:00,16753.700000000008,16937.10000000001,16704.37000000001,16897.590000000007,0
1995-09-15T00:00:00+00:00,16897.590000000007,17008.280000000006,16821.780000000006,16976.100000000006,0
1995-09-19T00:00:00+00:00,16976.100000000006,17043.380000000005,16514.650000000005,16514.650000000005,0
1995-09-20T00:00:00+00:00,16514.650000000005,16721.110000000008,16470.030000000006,16714.090000000007,0
1995-09-21T00:00:00+00:00,16714.090000000007,16791.49000000001,16294.950000000008,16351.610000000008,0
1995-09-22T00:00:00+00:00,16351.610000000008,16351.610000000008,16157.280000000006,16243.410000000007,0
1995-09-26T00:00:00+00:00,16243.410000000007,16364.140000000007,16076.060000000009,16076.060000000009,0
1995-09-27T00:00:00+00:00,16076.060000000009,16402.72000000001,16076.060000000009,16402.72000000001,0
1995-09-28T00:00:00+00:00,16402.72000000001,16737.15000000001,16239.660000000007,16737.15000000001,0
1995-09-29T00:00:00+00:00,16737.15000000001,16813.67000000001,16541.30000000001,16541.30000000001,0
1995-10-03T00:00:00+00:00,16541.30000000001,16570.10000000001,16303.76000000001,16359.76000000001,0
1995-10-04T00:00:00+00:00,16359.76000000001,16749.65000000001,16327.180000000008,16732.92000000001,0
1995-10-05T00:00:00+00:00,16732.92000000001,16912.770000000008,16622.42000000001,16711.30000000001,0
1995-10-06T00:00:00+00:00,16711.30000000001,16834.96000000001,16668.56000000001,16788.33000000001,0
1995-10-10T00:00:00+00:00,16788.33000000001,16788.33000000001,16452.640000000007,16460.22000000001,0
1995-10-12T00:00:00+00:00,18155.54,18155.54,17891.19,17891.19,0
1995-10-13T00:00:00+00:00,17891.19,18033.67,17823.03,17953.46,0
1995-10-17T00:00:00+00:00,17953.46,18179.54,17953.46,18054.989999999998,0
1995-10-18T00:00:00+00:00,18054.989999999998,18120.649999999998,17890.28,17965.909999999996,0
1995-10-19T00:00:00+00:00,17965.909999999996,17972.889999999996,17801.699999999997,17951.26,0
1995-10-20T00:00:00+00:00,17951.26,18092.449999999997,17951.26,17998.19,0
1995-10-24T00:00:00+00:00,17998.19,18048.81,17900.64,18031.97,0
1995-10-25T00:00:00+00:00,18031.97,18170.97,17923.56,17923.760000000002,0
1995-10-26T00:00:00+00:00,17923.760000000002,17955.34,17851.620000000003,17877.530000000002,0
1995-10-27T00:00:00+00:00,17877.530000000002,17882.620000000003,17588.280000000002,17633.210000000003,0
1995-10-31T00:00:00+00:00,17633.210000000003,17768.920000000002,17618.270000000004,17762.45,0
1995-11-01T00:00:00+00:00,17762.45,17944.2,17617.97,17914.8,0
1995-11-02T00:00:00+00:00,17914.8,17914.8,17701.07,17766.63,0
1995-11-03T00:00:00+00:00,17766.63,18273.81,17766.63,18262.75,0
1995-11-07T00:00:00+00:00,18262.75,18508.96,18227.28,18293.54,0
1995-11-08T00:00:00+00:00,18293.54,18333.100000000002,18195.59,18280.780000000002,0
1995-11-09T00:00:00+00:00,18280.780000000002,18280.780000000002,18148.360000000004,18160.410000000003,0
1995-11-10T00:00:00+00:00,18160.410000000003,18411.010000000002,18104.210000000003,18104.210000000003,0
1995-11-14T00:00:00+00:00,18104.210000000003,18138.58,17940,18037.45,0
1995-11-15T00:00:00+00:00,18037.45,18097.030000000002,17974.370000000003,18010.84,0
1995-11-16T00:00:00+00:00,18010.84,18088.96,17861.38,17888.88,0
1995-11-17T00:00:00+00:00,17888.88,18134.300000000003,17878.120000000003,18131.710000000003,0
1995-11-21T00:00:00+00:00,18131.710000000003,18387.690000000002,18131.710000000003,18326.510000000002,0
1995-11-22T00:00:00+00:00,18326.510000000002,18410.300000000003,18201.360000000004,18334.780000000002,0
1995-11-23T00:00:00+00:00,18334.780000000002,18334.780000000002,18175.950000000004,18202.460000000003,0
1995-11-28T00:00:00+00:00,18230.57,18689.52,18230.57,18543.14,0
1995-11-29T00:00:00+00:00,18543.14,18728.77,18524.399999999998,18672.469999999998,0
1995-11-30T00:00:00+00:00,18672.469999999998,18735.239999999998,18467.309999999998,18531.179999999997,0
1995-12-01T00:00:00+00:00,18531.179999999997,18799.809999999998,18531.179999999997,18697.479999999996,0
1995-12-05T00:00:00+00:00,18697.479999999996,18870.659999999996,18697.479999999996,18705.849999999995,0
1995-12-06T00:00:00+00:00,18705.849999999995,18769.519999999997,18614.779999999995,18671.469999999994,0
1995-12-07T00:00:00+00:00,18671.469999999994,18896.259999999995,18666.989999999994,18846.049999999996,0
1995-12-08T00:00:00+00:00,18846.049999999996,19205.849999999995,18846.049999999996,19174.369999999995,0
1995-12-12T00:00:00+00:00,19174.369999999995,19237.039999999994,19021.119999999995,19085.879999999994,0
1995-12-13T00:00:00+00:00,19085.879999999994,19239.629999999994,19083.389999999992,19162.399999999994,0
1995-12-14T00:00:00+00:00,19162.399999999994,19244.599999999995,19081.389999999992,19089.359999999993,0
1995-12-15T00:00:00+00:00,19089.359999999993,19319.339999999993,19039.049999999992,19270.409999999993,0
1995-12-19T00:00:00+00:00,19270.409999999993,19323.319999999992,19204.639999999992,19216.799999999996,0
1995-12-20T00:00:00+00:00,19216.799999999996,19216.799999999996,19051.889999999996,19115.26,0
1995-12-21T00:00:00+00:00,19115.26,19452.039999999997,19115.26,19362.969999999998,0
1995-12-22T00:00:00+00:00,19362.969999999998,19580.19,19354.6,19575.01,0
1995-12-26T00:00:00+00:00,19575.01,19634,19527.18,19578.1,0
1995-12-27T00:00:00+00:00,19578.1,19690.91,19476.739999999998,19690.91,0
1995-12-28T00:00:00+00:00,19690.91,19771.829999999998,19684.63,19771.829999999998,0
1995-12-29T00:00:00+00:00,19771.829999999998,19805.219999999998,19649.549999999996,19654.829999999998,0
1996-01-05T00:00:00+00:00,19945.68,20647.9,19945.68,20618,0
1996-01-09T00:00:00+00:00,20618,20667.93,20472.300000000003,20564.480000000003,0
1996-01-10T00:00:00+00:00,20564.480000000003,20652.080000000005,20453.660000000003,20651.580000000005,0
1996-01-11T00:00:00+00:00,20651.580000000005,20735.690000000006,20519.330000000005,20672.310000000005,0
1996-01-12T00:00:00+00:00,20672.310000000005,20672.310000000005,20385.080000000005,20502.590000000004,0
1996-01-17T00:00:00+00:00,20304.07,20567.07,20303.47,20567.07,0
1996-01-18T00:00:00+00:00,20567.07,20665.74,20481.16,20481.66,0
1996-01-19T00:00:00+00:00,20481.66,20481.66,20242.38,20314.530000000002,0
1996-01-23T00:00:00+00:00,20314.530000000002,20325.890000000003,20022.520000000004,20130.550000000003,0
1996-01-24T00:00:00+00:00,20130.550000000003,20286.020000000004,19962.820000000003,20003.08,0
1996-01-25T00:00:00+00:00,20003.08,20245.260000000002,19917.27,20245.160000000003,0
1996-01-26T00:00:00+00:00,20245.160000000003,20343.820000000003,20175.200000000004,20300.870000000003,0
1996-01-30T00:00:00+00:00,20300.870000000003,20330.170000000002,20175.800000000003,20232.510000000002,0
1996-01-31T00:00:00+00:00,20232.510000000002,20426.95,20232.510000000002,20352.7,0
1996-02-01T00:00:00+00:00,20352.7,20587.7,20352.7,20378.81,0
1996-02-02T00:00:00+00:00,20378.81,20515.14,20333.66,20507.57,0
1996-02-06T00:00:00+00:00,20507.57,20507.57,20249.25,20278.75,0
1996-02-07T00:00:00+00:00,20278.75,20440.9,20228.72,20424.260000000002,0
1996-02-08T00:00:00+00:00,20424.260000000002,20721.050000000003,20323.9,20625.270000000004,0
1996-02-09T00:00:00+00:00,20625.270000000004,20819.310000000005,20579.920000000006,20787.220000000005,0
1996-02-14T00:00:00+00:00,20964.32,21056.31,20783.04,20784.23,0
1996-02-15T00:00:00+00:00,20784.23,21025.71,20784.23,20927.739999999998,0
1996-02-16T00:00:00+00:00,20927.739999999998,21016.629999999997,20757.319999999996,20892.459999999995,0
1996-02-20T00:00:00+00:00,20892.459999999995,20892.459999999995,20764.489999999994,20853.689999999995,0
1996-02-21T00:00:00+00:00,20853.689999999995,20872.729999999992,20614.609999999993,20860.36999999999,0
1996-02-22T00:00:00+00:00,20860.36999999999,20860.36999999999,20527.39999999999,20577.32999999999,0
1996-02-23T00:00:00+00:00,20577.32999999999,20624.26999999999,20498.389999999992,20528.58999999999,0
1996-02-27T00:00:00+00:00,20528.58999999999,20714.55999999999,20528.58999999999,20714.55999999999,0
1996-02-28T00:00:00+00:00,20714.55999999999,20714.55999999999,20265.38999999999,20288.30999999999,0
1996-02-29T00:00:00+00:00,20288.30999999999,20446.46999999999,20113.99999999999,20155.05999999999,0
1996-03-01T00:00:00+00:00,20155.05999999999,20310.02999999999,20083.39999999999,20306.23999999999,0
1996-03-05T00:00:00+00:00,20306.23999999999,20361.85999999999,20201.89999999999,20203.889999999992,0
1996-03-06T00:00:00+00:00,20203.889999999992,20437.999999999993,20203.889999999992,20317.999999999993,0
1996-03-07T00:00:00+00:00,20317.999999999993,20451.84999999999,20097.64999999999,20392.34999999999,0
1996-03-08T00:00:00+00:00,20392.34999999999,20392.34999999999,20108.80999999999,20148.979999999992,0
1996-03-12T00:00:00+00:00,20148.979999999992,20148.979999999992,19840.32999999999,19888.859999999993,0
1996-03-13T00:00:00+00:00,19888.859999999993,20014.52999999999,19860.75999999999,19956.729999999992,0
1996-03-14T00:00:00+00:00,19956.729999999992,19956.729999999992,19652.269999999993,19759.399999999994,0
1996-03-15T00:00:00+00:00,19759.399999999994,19947.759999999995,19732.689999999995,19947.759999999995,0
1996-03-19T00:00:00+00:00,19947.759999999995,20056.689999999995,19928.129999999997,19989.519999999997,0
1996-03-20T00:00:00+00:00,19989.519999999997,20271.059999999998,19989.519999999997,20098.749999999996,0
1996-03-22T00:00:00+00:00,20470.7,20745.76,20470.7,20727.53,0
1996-03-26T00:00:00+00:00,20727.53,20928.149999999998,20727.53,20897.059999999998,0
1996-03-27T00:00:00+00:00,20897.059999999998,21244.019999999997,20896.359999999997,20968.399999999998,0
1996-03-28T00:00:00+00:00,20968.399999999998,21251.659999999996,20914.039999999997,21251.659999999996,0
1996-03-29T00:00:00+00:00,21251.659999999996,21362.799999999996,21129.279999999995,21225.639999999996,0
1996-04-02T00:00:00+00:00,21225.639999999996,21532.409999999996,21225.639999999996,21334.959999999995,0
1996-04-03T00:00:00+00:00,21334.959999999995,21406.509999999995,21230.459999999995,21365.609999999997,0
1996-04-04T00:00:00+00:00,21365.609999999997,21483.979999999996,21079.139999999996,21194.189999999995,0
1996-04-05T00:00:00+00:00,21194.189999999995,21311.249999999996,21139.629999999994,21213.579999999994,0
1996-04-09T00:00:00+00:00,21213.579999999994,21213.579999999994,20976.039999999994,21002.169999999995,0
1996-04-10T00:00:00+00:00,21002.169999999995,21311.959999999995,21002.169999999995,21237.999999999993,0
1996-04-11T00:00:00+00:00,21237.999999999993,21335.169999999995,21237.199999999993,21256.189999999995,0
1996-04-12T00:00:00+00:00,21256.189999999995,21278.099999999995,21145.159999999993,21190.169999999995,0
1996-04-16T00:00:00+00:00,21190.169999999995,21408.219999999994,21190.169999999995,21368.329999999994,0
1996-04-17T00:00:00+00:00,21368.329999999994,21518.749999999993,21307.239999999994,21309.049999999992,0
1996-04-18T00:00:00+00:00,21309.049999999992,21410.639999999992,21204.64999999999,21219.019999999993,0
1996-04-19T00:00:00+00:00,21219.019999999993,21298.599999999995,21150.389999999992,21267.949999999993,0
1996-04-23T00:00:00+00:00,21267.949999999993,21479.159999999993,21267.949999999993,21479.159999999993,0
1996-04-24T00:00:00+00:00,21479.159999999993,21541.459999999992,21429.71999999999,21444.799999999992,0
1996-04-25T00:00:00+00:00,21444.799999999992,21623.959999999992,21444.799999999992,21575.51999999999,0
1996-04-26T00:00:00+00:00,21575.51999999999,21619.02999999999,21483.16999999999,21504.06999999999,0
1996-05-01T00:00:00+00:00,22140.68,22162.88,21953.48,22041.3,0
1996-05-02T00:00:00+00:00,22041.3,22097.87,21783.26,21825.559999999998,0
1996-05-03T00:00:00+00:00,21825.559999999998,21833.899999999998,21567.319999999996,21712.92,0
1996-05-08T00:00:00+00:00,21624.3,21624.3,21430.57,21495.28,0
1996-05-09T00:00:00+00:00,21495.28,21744.379999999997,21448.26,21744.379999999997,0
1996-05-10T00:00:00+00:00,21744.379999999997,21746.589999999997,21300.55,21414.1,0
1996-05-14T00:00:00+00:00,21414.1,21458.92,21125.62,21126.719999999998,0
1996-05-15T00:00:00+00:00,21126.719999999998,21229.909999999996,21092.76,21219.569999999996,0
1996-05-16T00:00:00+00:00,21219.569999999996,21908.979999999996,21219.569999999996,21904.159999999996,0
1996-05-17T00:00:00+00:00,21904.159999999996,22073.379999999997,21904.159999999996,21969.179999999997,0
1996-05-21T00:00:00+00:00,21969.179999999997,22303.079999999998,21969.179999999997,21970.789999999997,0
1996-05-22T00:00:00+00:00,21970.789999999997,22165.719999999998,21862.26,22061.42,0
1996-05-23T00:00:00+00:00,22061.42,22163.91,21808.1,21926.17,0
1996-05-24T00:00:00+00:00,21926.17,22006.959999999995,21623.92,21716.17,0
1996-05-28T00:00:00+00:00,21716.17,21739.28,21433.719999999998,21575.999999999996,0
1996-05-29T00:00:00+00:00,21575.999999999996,21815.039999999997,21575.999999999996,21767.009999999995,0
1996-05-30T00:00:00+00:00,21767.009999999995,21958.729999999996,21690.739999999994,21835.029999999995,0
1996-05-31T00:00:00+00:00,21835.029999999995,21835.029999999995,21680.079999999994,21730.219999999994,0
1996-06-04T00:00:00+00:00,21730.219999999994,21731.319999999992,21348.179999999993,21348.179999999993,0
1996-06-05T00:00:00+00:00,21348.179999999993,21573.859999999993,21348.179999999993,21565.019999999993,0
1996-06-06T00:00:00+00:00,21565.019999999993,21664.389999999992,21462.819999999992,21559.889999999992,0
1996-06-07T00:00:00+00:00,21559.889999999992,21680.76999999999,21452.26999999999,21452.26999999999,0
1996-06-11T00:00:00+00:00,21452.26999999999,21455.379999999986,21363.239999999987,21441.10999999999,0
1996-06-12T00:00:00+00:00,21441.10999999999,21626.49999999999,21357.30999999999,21581.279999999988,0
1996-06-13T00:00:00+00:00,21581.279999999988,21828.669999999987,21581.279999999988,21802.839999999986,0
1996-06-14T00:00:00+00:00,21802.839999999986,21904.229999999985,21741.339999999986,21781.339999999986,0
1996-06-18T00:00:00+00:00,21781.339999999986,21961.299999999985,21687.289999999986,21687.289999999986,0
1996-06-19T00:00:00+00:00,21687.289999999986,21810.579999999987,21645.289999999986,21713.419999999987,0
1996-06-20T00:00:00+00:00,21713.419999999987,21944.029999999988,21664.689999999988,21807.26999999999,0
1996-06-21T00:00:00+00:00,21807.26999999999,21883.439999999988,21579.47999999999,21883.439999999988,0
1996-06-25T00:00:00+00:00,21883.439999999988,22018.989999999987,21821.339999999986,21920.619999999988,0
1996-06-26T00:00:00+00:00,21920.619999999988,21981.20999999999,21838.92999999999,21919.219999999987,0
1996-06-27T00:00:00+00:00,21919.219999999987,22080.289999999986,21902.439999999984,21996.389999999985,0
1996-06-28T00:00:00+00:00,21996.389999999985,22002.219999999987,21784.269999999986,21846.469999999987,0
1996-07-02T00:00:00+00:00,21846.469999999987,21878.119999999988,21694.039999999986,21733.529999999988,0
1996-07-03T00:00:00+00:00,21733.529999999988,21752.019999999986,21536.689999999988,21614.759999999987,0
1996-07-04T00:00:00+00:00,21614.759999999987,21670.22999999999,21528.24999999999,21659.67999999999,0
1996-07-05T00:00:00+00:00,21659.67999999999,21659.67999999999,21509.35999999999,21598.38999999999,0
1996-07-09T00:00:00+00:00,21598.38999999999,21598.38999999999,21252.029999999988,21375.219999999987,0
1996-07-10T00:00:00+00:00,21375.219999999987,21434.809999999987,21301.569999999985,21377.639999999985,0
1996-07-11T00:00:00+00:00,21377.639999999985,21464.559999999983,21180.299999999985,21201.699999999983,0
1996-07-12T00:00:00+00:00,21201.699999999983,21333.22999999998,21150.04999999998,21325.789999999983,0
1996-07-16T00:00:00+00:00,21325.789999999983,21457.21999999998,21253.039999999983,21457.21999999998,0
1996-07-17T00:00:00+00:00,21457.21999999998,21457.21999999998,21183.39999999998,21226.80999999998,0
1996-07-18T00:00:00+00:00,21226.80999999998,21325.37999999998,21040.30999999998,21171.23999999998,0
1996-07-19T00:00:00+00:00,21171.23999999998,21312.30999999998,21167.11999999998,21305.17999999998,0
1996-07-23T00:00:00+00:00,21305.17999999998,21305.17999999998,20834.61999999998,20834.61999999998,0
1996-07-24T00:00:00+00:00,20834.61999999998,21042.01999999998,20710.72999999998,21041.51999999998,0
1996-07-25T00:00:00+00:00,21041.51999999998,21041.51999999998,20554.979999999978,20558.399999999976,0
1996-07-26T00:00:00+00:00,20558.399999999976,20829.399999999976,20488.759999999977,20734.439999999977,0
1996-07-30T00:00:00+00:00,20734.439999999977,20831.309999999976,20510.26999999998,20513.979999999978,0
1996-07-31T00:00:00+00:00,20513.979999999978,20517.799999999977,20396.91999999998,20487.25999999998,0
1996-08-01T00:00:00+00:00,20487.25999999998,20487.25999999998,20277.75999999998,20317.34999999998,0
1996-08-02T00:00:00+00:00,20317.34999999998,20744.49999999998,20176.97999999998,20636.989999999983,0
1996-08-06T00:00:00+00:00,20636.989999999983,20805.289999999983,20636.989999999983,20694.659999999985,0
1996-08-07T00:00:00+00:00,20694.659999999985,20694.659999999985,20443.959999999985,20446.879999999986,0
1996-08-08T00:00:00+00:00,20446.879999999986,20557.90999999999,20182.90999999999,20207.529999999988,0
1996-08-09T00:00:00+00:00,20207.529999999988,20448.189999999988,20207.529999999988,20407.38999999999,0
1996-08-13T00:00:00+00:00,20407.38999999999,20558.00999999999,20339.75999999999,20557.70999999999,0
1996-08-14T00:00:00+00:00,20557.70999999999,20770.029999999988,20548.469999999987,20770.029999999988,0
1996-08-15T00:00:00+00:00,20770.029999999988,20946.67999999999,20694.369999999988,20946.67999999999,0
1996-08-16T00:00:00+00:00,20946.67999999999,21044.849999999988,20852.619999999988,20907.38999999999,0
1996-08-20T00:00:00+00:00,20907.38999999999,21212.349999999988,20907.38999999999,21166.029999999988,0
1996-08-21T00:00:00+00:00,21166.029999999988,21188.63999999999,20996.81999999999,21152.469999999987,0
1996-08-22T00:00:00+00:00,21152.469999999987,21328.119999999988,21152.469999999987,21212.059999999987,0
1996-08-23T00:00:00+00:00,21212.059999999987,21346.79999999999,21200.199999999986,21323.58999999999,0
1996-08-27T00:00:00+00:00,21323.58999999999,21323.58999999999,20990.58999999999,20994.60999999999,0
1996-08-28T00:00:00+00:00,20994.60999999999,21154.67999999999,20960.23999999999,21042.53999999999,0
1996-08-29T00:00:00+00:00,21042.53999999999,21178.18999999999,20799.16999999999,20848.209999999992,0
1996-08-30T00:00:00+00:00,20848.209999999992,20867.799999999992,20664.42999999999,20713.96999999999,0
1996-09-03T00:00:00+00:00,20713.96999999999,20757.46999999999,20609.55999999999,20634.479999999992,0
1996-09-04T00:00:00+00:00,20634.479999999992,20842.169999999995,20472.199999999993,20750.329999999994,0
1996-09-05T00:00:00+00:00,20750.329999999994,20839.759999999995,20598.709999999995,20734.559999999994,0
1996-09-06T00:00:00+00:00,20734.559999999994,21006.869999999995,20734.559999999994,20899.449999999993,0
1996-09-10T00:00:00+00:00,20899.449999999993,21040.229999999996,20826.599999999995,20869.509999999995,0
1996-09-11T00:00:00+00:00,20869.509999999995,21162.009999999995,20869.509999999995,21160.509999999995,0
1996-09-12T00:00:00+00:00,21160.509999999995,21199.589999999993,21045.049999999992,21190.649999999994,0
1996-09-13T00:00:00+00:00,21190.649999999994,21206.819999999992,21052.279999999995,21120.809999999994,0
1996-09-18T00:00:00+00:00,20929.06,21365.86,20929.06,21310.59,0
1996-09-19T00:00:00+00:00,21310.59,21318.23,21101.39,21163.18,0
1996-09-20T00:00:00+00:00,21163.18,21394.899999999998,21085.71,21385.149999999998,0
1996-09-25T00:00:00+00:00,21104.71,21247.75,21040.83,21171.99,0
1996-09-26T00:00:00+00:00,21171.99,21363.65,21163.210000000003,21363.65,0
1996-09-27T00:00:00+00:00,21363.65,21573.770000000004,21363.65,21455.58,0
1996-10-01T00:00:00+00:00,21455.58,21508.09,21411.960000000003,21474.050000000003,0
1996-10-02T00:00:00+00:00,21474.050000000003,21505.2,21371.74,21404.480000000003,0
1996-10-03T00:00:00+00:00,21404.480000000003,21445.500000000004,21349.08,21434.420000000002,0
1996-10-04T00:00:00+00:00,21434.420000000002,21459.47,21209.22,21242.760000000002,0
1996-10-08T00:00:00+00:00,21242.760000000002,21246.850000000002,21117.780000000002,21246.850000000002,0
1996-10-09T00:00:00+00:00,21246.850000000002,21352.66,21116.09,21185.66,0
1996-10-10T00:00:00+00:00,21185.66,21189.05,21019.46,21076.65,0
1996-10-15T00:00:00+00:00,20997.4,21058,20905.37,21029.25,0
1996-10-16T00:00:00+00:00,21029.25,21364.65,21029.25,21364.65,0
1996-10-17T00:00:00+00:00,21364.65,21384.22,21270.420000000002,21303.37,0
1996-10-18T00:00:00+00:00,21303.37,21362.87,21230.21,21323.84,0
1996-10-22T00:00:00+00:00,21323.84,21323.84,21016.49,21019.88,0
1996-10-23T00:00:00+00:00,21019.88,21019.88,20796.88,20897.800000000003,0
1996-10-24T00:00:00+00:00,20897.800000000003,20941.820000000003,20643.56,20934.230000000003,0
1996-10-25T00:00:00+00:00,20934.230000000003,20998.710000000003,20739.580000000005,20887.510000000006,0
1996-10-29T00:00:00+00:00,20887.510000000006,21055.210000000006,20886.010000000006,21033.250000000007,0
1996-10-30T00:00:00+00:00,21033.250000000007,21168.51000000001,21033.250000000007,21071.69000000001,0
1996-10-31T00:00:00+00:00,21071.69000000001,21092.75000000001,20724.81000000001,20773.520000000008,0
1996-11-01T00:00:00+00:00,20773.520000000008,20835.710000000006,20547.13000000001,20564.000000000007,0
1996-11-06T00:00:00+00:00,20655.32,20690.16,20494.01,20592.33,0
1996-11-07T00:00:00+00:00,20592.33,21042.720000000005,20592.33,20938.910000000003,0
1996-11-08T00:00:00+00:00,20938.910000000003,21017.260000000006,20631.860000000004,20646.130000000005,0
1996-11-12T00:00:00+00:00,20646.130000000005,20755.540000000005,20526.250000000007,20558.090000000007,0
1996-11-13T00:00:00+00:00,20558.090000000007,20711.520000000008,20558.090000000007,20666.500000000007,0
1996-11-14T00:00:00+00:00,20666.500000000007,20694.650000000005,20388.500000000007,20444.700000000004,0
1996-11-15T00:00:00+00:00,20444.700000000004,20508.290000000005,20360.160000000003,20455.280000000006,0
1996-11-19T00:00:00+00:00,20455.280000000006,20463.370000000006,20296.47000000001,20319.530000000006,0
1996-11-20T00:00:00+00:00,20319.530000000006,20484.040000000008,20260.640000000007,20484.040000000008,0
1996-11-21T00:00:00+00:00,20484.040000000008,20704.540000000008,20484.040000000008,20676.99000000001,0
1996-11-22T00:00:00+00:00,20676.99000000001,20809.750000000007,20613.60000000001,20651.83000000001,0
1996-11-26T00:00:00+00:00,20651.83000000001,20744.67000000001,20572.48000000001,20669.10000000001,0
1996-11-27T00:00:00+00:00,20669.10000000001,20769.92000000001,20564.590000000007,20728.40000000001,0
1996-11-28T00:00:00+00:00,20728.40000000001,20791.090000000007,20589.250000000007,20675.800000000007,0
1996-11-29T00:00:00+00:00,20675.800000000007,20675.800000000007,20421.460000000006,20421.460000000006,0
1996-12-03T00:00:00+00:00,20421.460000000006,20454.200000000008,20061.210000000006,20061.210000000006,0
1996-12-04T00:00:00+00:00,20061.210000000006,20141.870000000006,19858.08000000001,20009.90000000001,0
1996-12-05T00:00:00+00:00,20009.90000000001,20109.92000000001,19957.800000000007,20092.750000000007,0
1996-12-06T00:00:00+00:00,20092.750000000007,20397.40000000001,20089.360000000008,20364.76000000001,0
1996-12-10T00:00:00+00:00,20364.76000000001,20638.060000000012,20364.76000000001,20571.78000000001,0
1996-12-11T00:00:00+00:00,20571.78000000001,20749.66000000001,20571.78000000001,20718.22000000001,0
1996-12-12T00:00:00+00:00,20718.22000000001,20718.22000000001,20429.140000000007,20530.860000000008,0
1996-12-13T00:00:00+00:00,20530.860000000008,20559.91000000001,20376.74000000001,20556.62000000001,0
1996-12-17T00:00:00+00:00,20556.62000000001,20618.91000000001,20437.940000000013,20568.900000000012,0
1996-12-18T00:00:00+00:00,20568.900000000012,20699.670000000013,20429.650000000012,20612.23000000001,0
1996-12-19T00:00:00+00:00,20612.23000000001,20612.23000000001,20289.31000000001,20289.31000000001,0
1996-12-20T00:00:00+00:00,20289.31000000001,20318.26000000001,19780.03000000001,19790.31000000001,0
1996-12-25T00:00:00+00:00,19698.44,19699.74,19161.71,19161.71,0
1996-12-26T00:00:00+00:00,19161.71,19505.589999999997,19161.71,19499.399999999998,0
1996-12-27T00:00:00+00:00,19499.399999999998,19499.399999999998,18776.799999999996,19248.46,0
1996-12-31T00:00:00+00:00,19248.46,19249.25,18965.96,19218.809999999998,0
1997-01-07T00:00:00+00:00,19364.24,19500.9,19203.53,19446,0
1997-01-08T00:00:00+00:00,19446,19446,18898.49,18898.69,0
1997-01-09T00:00:00+00:00,18898.69,18985.829999999998,18543.329999999998,18667.91,0
1997-01-10T00:00:00+00:00,18667.91,18762.84,18108.32,18110.219999999998,0
1997-01-14T00:00:00+00:00,18110.219999999998,18923.76,17791.39,18890.62,0
1997-01-15T00:00:00+00:00,18890.62,19011.7,18374.95,18922.56,0
1997-01-17T00:00:00+00:00,18125.57,18317.63,17970.85,18144.34,0
1997-01-21T00:00:00+00:00,18144.34,18148.829999999998,17277.5,17520.57,0
1997-01-22T00:00:00+00:00,17520.57,17651.83,17362.05,17437.52,0
1997-01-23T00:00:00+00:00,17437.52,18062.79,17437.52,18010.690000000002,0
1997-01-24T00:00:00+00:00,18010.690000000002,18157.13,17906.58,17938.02,0
1997-01-28T00:00:00+00:00,17938.02,17944.7,17560.300000000003,17615.000000000004,0
1997-01-29T00:00:00+00:00,17615.000000000004,18110.310000000005,17508.990000000005,18110.310000000005,0
1997-01-30T00:00:00+00:00,18110.310000000005,18602.230000000003,17931.430000000004,18602.230000000003,0
1997-01-31T00:00:00+00:00,18602.230000000003,18663.320000000003,18079.570000000003,18161.720000000005,0
1997-02-04T00:00:00+00:00,18161.720000000005,18161.720000000005,17930.830000000005,17939.720000000005,0
1997-02-05T00:00:00+00:00,17939.720000000005,18410.670000000006,17939.720000000005,18095.730000000007,0
1997-02-06T00:00:00+00:00,18095.730000000007,18100.520000000004,17694.650000000005,17979.140000000007,0
1997-02-07T00:00:00+00:00,17979.140000000007,18036.540000000008,17654.72000000001,17817.930000000008,0
1997-02-11T00:00:00+00:00,17817.930000000008,18204.340000000007,17779.40000000001,18117.190000000006,0
1997-02-13T00:00:00+00:00,18240.17,18520.76,18240.17,18409.96,0
1997-02-14T00:00:00+00:00,18409.96,18759.629999999997,18409.96,18592.93,0
1997-02-18T00:00:00+00:00,18592.93,18716.51,18515.969999999998,18612.7,0
1997-02-19T00:00:00+00:00,18612.7,18632.66,18375.82,18375.82,0
1997-02-20T00:00:00+00:00,18375.82,18567.379999999997,18222.199999999997,18492.309999999998,0
1997-02-21T00:00:00+00:00,18492.309999999998,18906.67,18492.309999999998,18857.159999999996,0
1997-02-25T00:00:00+00:00,18857.159999999996,19020.67,18651.029999999995,18688.17,0
1997-02-26T00:00:00+00:00,18688.17,18931.53,18609.61,18903.78,0
1997-02-27T00:00:00+00:00,18903.78,18992.719999999998,18671.1,18767.129999999997,0
1997-02-28T00:00:00+00:00,18767.129999999997,18855.879999999997,18685.979999999996,18852.579999999998,0
1997-03-04T00:00:00+00:00,18852.579999999998,18852.579999999998,18680.99,18764.54,0
1997-03-05T00:00:00+00:00,18764.54,18953.300000000003,18761.550000000003,18829.22,0
1997-03-06T00:00:00+00:00,18829.22,18868.45,18419.36,18484.64,0
1997-03-07T00:00:00+00:00,18484.64,18577.68,18119.8,18183.99,0
1997-03-11T00:00:00+00:00,18183.99,18183.99,17923.66,18101.93,0
1997-03-12T00:00:00+00:00,18101.93,18239.88,18061.1,18239.88,0
1997-03-13T00:00:00+00:00,18239.88,18284.8,17968.87,18141.86,0
1997-03-14T00:00:00+00:00,18141.86,18141.86,17898.2,17898.2,0
1997-03-18T00:00:00+00:00,17898.2,18019.78,17799.579999999998,17989.23,0
1997-03-19T00:00:00+00:00,17989.23,18361.56,17989.23,18361.56,0
1997-03-20T00:00:00+00:00,18361.56,18425.74,18249.760000000002,18364.850000000002,0
1997-03-25T00:00:00+00:00,18682.57,18750.25,18043.82,18043.82,0
1997-03-26T00:00:00+00:00,18043.82,18475.44,18043.82,18366.44,0
1997-03-27T00:00:00+00:00,18366.44,18433.84,18094.71,18378.04,0
1997-03-28T00:00:00+00:00,18378.04,18452.149999999998,17860.489999999998,18068.309999999998,0
1997-04-01T00:00:00+00:00,18068.309999999998,18115.01,17703.37,17913.59,0
1997-04-02T00:00:00+00:00,17913.59,17913.59,17507.85,17848.39,0
1997-04-03T00:00:00+00:00,17848.39,18021.3,17680.469999999998,18010.699999999997,0
1997-04-04T00:00:00+00:00,18010.699999999997,18171.619999999995,17962.499999999996,18118.51,0
1997-04-08T00:00:00+00:00,18118.51,18207.42,17880.39,17932.289999999997,0
1997-04-09T00:00:00+00:00,17932.289999999997,18222.219999999998,17813.379999999997,18208.82,0
1997-04-10T00:00:00+00:00,18208.82,18208.82,17905.69,17905.69,0
1997-04-11T00:00:00+00:00,17905.69,18083,17628.46,17635.16,0
1997-04-15T00:00:00+00:00,17635.16,17700.56,17421.03,17566.15,0
1997-04-16T00:00:00+00:00,17566.15,17854.68,17566.15,17787.670000000002,0
1997-04-17T00:00:00+00:00,17787.670000000002,17896.38,17761.670000000002,17833.670000000002,0
1997-04-18T00:00:00+00:00,17833.670000000002,17917.680000000004,17787.47,17910.780000000002,0
1997-04-22T00:00:00+00:00,17910.780000000002,18071.9,17910.780000000002,18062.9,0
1997-04-23T00:00:00+00:00,18062.9,18266.82,18025,18079.600000000002,0
1997-04-24T00:00:00+00:00,18079.600000000002,18304.220000000005,18079.600000000002,18197.310000000005,0
1997-04-25T00:00:00+00:00,18197.310000000005,18442.940000000006,18125.110000000004,18158.310000000005,0
1997-04-29T00:00:00+00:00,18158.310000000005,18225.020000000004,18086.000000000004,18211.320000000003,0
1997-05-01T00:00:00+00:00,18764.08,19194.82,18764.08,19151.12,0
1997-05-02T00:00:00+00:00,19151.12,19507.16,19141.219999999998,19194.13,0
1997-05-07T00:00:00+00:00,19616.76,20222.52,19616.76,20180.92,0
1997-05-08T00:00:00+00:00,20180.92,20271.629999999997,19986.409999999996,20083.21,0
1997-05-09T00:00:00+00:00,20083.21,20216.92,20035.1,20171.52,0
1997-05-13T00:00:00+00:00,20171.52,20589.16,20001.010000000002,20584.46,0
1997-05-14T00:00:00+00:00,20584.46,20830.089999999997,20497.35,20506.85,0
1997-05-15T00:00:00+00:00,20506.85,20584.96,20405.339999999997,20584.96,0
1997-05-16T00:00:00+00:00,20584.96,20584.96,20277.73,20479.05,0
1997-05-20T00:00:00+00:00,20479.05,20750.48,20394.44,20678.57,0
1997-05-21T00:00:00+00:00,20678.57,20779.78,20412.74,20500.350000000002,0
1997-05-22T00:00:00+00:00,20500.350000000002,20500.350000000002,19941.800000000003,20019.9,0
1997-05-23T00:00:00+00:00,20019.9,20109.31,19857.79,20047.81,0
1997-05-27T00:00:00+00:00,20047.81,20165.33,19999.91,20054.31,0
1997-05-28T00:00:00+00:00,20054.31,20135.81,19835.180000000004,19876.690000000002,0
1997-05-29T00:00:00+00:00,19876.690000000002,20299.84,19876.690000000002,20299.54,0
1997-05-30T00:00:00+00:00,20299.54,20299.54,20057.81,20244.93,0
1997-06-03T00:00:00+00:00,20244.93,20613.27,20202.120000000003,20613.27,0
1997-06-04T00:00:00+00:00,20613.27,20841,20601.17,20732.19,0
1997-06-05T00:00:00+00:00,20732.19,20847.5,20651.98,20751.29,0
1997-06-06T00:00:00+00:00,20751.29,20760.79,20577.870000000003,20642.980000000003,0
1997-06-10T00:00:00+00:00,20642.980000000003,20688.08,20385.350000000002,20385.350000000002,0
1997-06-11T00:00:00+00:00,20385.350000000002,20739.590000000004,20385.350000000002,20689.980000000003,0
1997-06-12T00:00:00+00:00,20689.980000000003,20796.490000000005,20445.060000000005,20452.560000000005,0
1997-06-13T00:00:00+00:00,20452.560000000005,20809.000000000004,20452.560000000005,20676.590000000004,0
1997-06-17T00:00:00+00:00,20676.590000000004,20859.710000000006,20630.980000000003,20762.700000000004,0
1997-06-18T00:00:00+00:00,20762.700000000004,20791.700000000004,20629.790000000005,20664.690000000006,0
1997-06-19T00:00:00+00:00,20664.690000000006,20687.390000000007,20495.770000000008,20564.880000000005,0
1997-06-20T00:00:00+00:00,20564.880000000005,20664.990000000005,20473.670000000006,20581.380000000005,0
1997-06-24T00:00:00+00:00,20581.380000000005,20614.390000000003,20532.880000000005,20588.980000000003,0
1997-06-25T00:00:00+00:00,20588.980000000003,20588.980000000003,20420.760000000002,20547.570000000003,0
1997-06-26T00:00:00+00:00,20547.570000000003,20864.5,20547.570000000003,20807.600000000002,0
1997-06-27T00:00:00+00:00,20807.600000000002,21003.720000000005,20717.590000000004,20717.690000000002,0
1997-07-01T00:00:00+00:00,20717.690000000002,20815.4,20624.88,20736.79,0
1997-07-02T00:00:00+00:00,20736.79,20736.79,20317.739999999998,20350.75,0
1997-07-03T00:00:00+00:00,20350.75,20394.649999999998,20122.73,20343.649999999998,0
1997-07-04T00:00:00+00:00,20343.649999999998,20357.059999999998,20184.839999999997,20226.339999999997,0
1997-07-08T00:00:00+00:00,20226.339999999997,20226.339999999997,19972.719999999998,19999.619999999995,0
1997-07-09T00:00:00+00:00,19999.619999999995,20194.439999999995,19999.619999999995,20121.539999999994,0
1997-07-10T00:00:00+00:00,20121.539999999994,20164.449999999993,19696.699999999993,19898.019999999993,0
1997-07-11T00:00:00+00:00,19898.019999999993,20008.829999999994,19797.00999999999,19943.02999999999,0
1997-07-15T00:00:00+00:00,19943.02999999999,20262.659999999993,19943.02999999999,20262.659999999993,0
1997-07-16T00:00:00+00:00,20262.659999999993,20268.459999999992,20063.239999999994,20095.249999999993,0
1997-07-17T00:00:00+00:00,20095.249999999993,20391.57999999999,20095.249999999993,20314.679999999993,0
1997-07-18T00:00:00+00:00,20314.679999999993,20487.39999999999,20211.16999999999,20421.68999999999,0
1997-07-23T00:00:00+00:00,20246.82,20280.33,20055.61,20157.02,0
1997-07-24T00:00:00+00:00,20157.02,20236.93,19912.7,20043.41,0
1997-07-25T00:00:00+00:00,20043.41,20169.32,20043.41,20165.32,0
1997-07-29T00:00:00+00:00,20165.32,20345.739999999998,20165.32,20320.339999999997,0
1997-07-30T00:00:00+00:00,20320.339999999997,20391.149999999994,20095.219999999998,20095.219999999998,0
1997-07-31T00:00:00+00:00,20095.219999999998,20100.219999999998,19852.199999999997,19894.199999999997,0
1997-08-01T00:00:00+00:00,19894.199999999997,19986.109999999997,19694.78,19985.01,0
1997-08-05T00:00:00+00:00,19985.01,20076.72,19603.18,19814.3,0
1997-08-06T00:00:00+00:00,19814.3,19936.52,19531.379999999997,19683.39,0
1997-08-07T00:00:00+00:00,19683.39,19849.61,19379.16,19848.11,0
1997-08-08T00:00:00+00:00,19848.11,19901.22,19495.18,19604.89,0
1997-08-12T00:00:00+00:00,19604.89,19604.89,18966.72,18966.72,0
1997-08-13T00:00:00+00:00,18966.72,19277.760000000002,18938.020000000004,19119.640000000003,0
1997-08-14T00:00:00+00:00,19119.640000000003,19232.560000000005,18880.220000000005,19087.140000000003,0
1997-08-15T00:00:00+00:00,19087.140000000003,19299.760000000002,19019.730000000003,19253.45,0
1997-08-19T00:00:00+00:00,19253.45,19253.45,18875.81,19081.43,0
1997-08-20T00:00:00+00:00,19081.43,19205.14,18762.3,18920.12,0
1997-08-21T00:00:00+00:00,18920.12,19219.649999999998,18873.109999999997,19219.649999999998,0
1997-08-22T00:00:00+00:00,19219.649999999998,19293.459999999995,19023.829999999994,19056.439999999995,0
1997-08-26T00:00:00+00:00,19056.439999999995,19113.539999999994,18923.329999999994,19029.139999999992,0
1997-08-27T00:00:00+00:00,19029.139999999992,19230.359999999993,18902.019999999993,19178.549999999992,0
1997-08-28T00:00:00+00:00,19178.549999999992,19178.549999999992,18855.50999999999,18865.10999999999,0
1997-08-29T00:00:00+00:00,18865.10999999999,18978.81999999999,18778.299999999992,18844.00999999999,0
1997-09-02T00:00:00+00:00,18844.00999999999,18899.71999999999,18513.57999999999,18603.08999999999,0
1997-09-03T00:00:00+00:00,18603.08999999999,18821.30999999999,18544.28999999999,18809.00999999999,0
1997-09-04T00:00:00+00:00,18809.00999999999,19209.64999999999,18809.00999999999,19195.54999999999,0
1997-09-05T00:00:00+00:00,19195.54999999999,19202.94999999999,19062.13999999999,19104.53999999999,0
1997-09-09T00:00:00+00:00,19104.53999999999,19218.249999999993,19077.02999999999,19077.02999999999,0
1997-09-10T00:00:00+00:00,19077.02999999999,19172.73999999999,18953.41999999999,19135.839999999993,0
1997-09-11T00:00:00+00:00,19135.839999999993,19210.34999999999,19061.43999999999,19191.549999999992,0
1997-09-12T00:00:00+00:00,19191.549999999992,19191.549999999992,18754.709999999992,18848.21999999999,0
1997-09-17T00:00:00+00:00,18005.3,18037.1,17872.69,17974.5,0
1997-09-18T00:00:00+00:00,17974.5,18118.52,17506.06,17625.670000000002,0
1997-09-19T00:00:00+00:00,17625.670000000002,17924.800000000003,17604.170000000002,17873.390000000003,0
1997-09-23T00:00:00+00:00,17873.390000000003,18099.81,17756.480000000003,17997.4,0
1997-09-25T00:00:00+00:00,18251.25,18420.08,18139.16,18420.08,0
1997-09-26T00:00:00+00:00,18420.08,18489.61,18233.570000000003,18391.81,0
1997-09-30T00:00:00+00:00,18391.81,18391.81,18080.52,18386.81,0
1997-10-01T00:00:00+00:00,18386.81,18417.78,18214.28,18251.94,0
1997-10-02T00:00:00+00:00,18251.94,18368.42,17953.839999999997,18273.719999999998,0
1997-10-03T00:00:00+00:00,18273.719999999998,18273.719999999998,17813.379999999997,17853.239999999998,0
1997-10-07T00:00:00+00:00,17853.239999999998,18061.94,17843.35,18032.269999999997,0
1997-10-08T00:00:00+00:00,18032.269999999997,18078.819999999996,17667.829999999998,17700.299999999996,0
1997-10-09T00:00:00+00:00,17700.299999999996,17887.609999999997,17700.299999999996,17788.409999999996,0
1997-10-10T00:00:00+00:00,17788.409999999996,17792.099999999995,17495.199999999993,17541.449999999993,0
1997-10-14T00:00:00+00:00,17541.449999999993,17541.449999999993,17374.819999999992,17427.769999999993,0
1997-10-15T00:00:00+00:00,17427.769999999993,17626.569999999992,17175.41999999999,17514.07999999999,0
1997-10-16T00:00:00+00:00,17514.07999999999,17599.48999999999,17358.82999999999,17503.88999999999,0
1997-10-17T00:00:00+00:00,17503.88999999999,17932.36999999999,17352.94999999999,17876.11999999999,0
1997-10-21T00:00:00+00:00,17876.11999999999,17939.55999999999,17715.479999999992,17779.21999999999,0
1997-10-22T00:00:00+00:00,17779.21999999999,17965.03999999999,17620.07999999999,17620.57999999999,0
1997-10-23T00:00:00+00:00,17620.57999999999,18047.75999999999,17620.57999999999,18041.05999999999,0
1997-10-24T00:00:00+00:00,18041.05999999999,18041.05999999999,17546.05999999999,17546.05999999999,0
1997-10-28T00:00:00+00:00,17546.05999999999,17546.05999999999,17189.509999999987,17322.17999999999,0
1997-10-29T00:00:00+00:00,17322.17999999999,17322.17999999999,16521.77999999999,16616.08999999999,0
1997-10-30T00:00:00+00:00,16616.08999999999,17150.35999999999,16616.08999999999,17087.31999999999,0
1997-10-31T00:00:00+00:00,17087.31999999999,17087.31999999999,16560.94999999999,16623.889999999992,0
1997-11-05T00:00:00+00:00,16494.01,16640.96,16400.8,16500.1,0
1997-11-06T00:00:00+00:00,16500.1,16505.789999999997,16270.429999999998,16428.67,0
1997-11-07T00:00:00+00:00,16428.67,16596.209999999995,16384.819999999996,16496.409999999996,0
1997-11-11T00:00:00+00:00,16496.409999999996,16686.42,16338.469999999998,16471.129999999997,0
1997-11-12T00:00:00+00:00,16471.129999999997,16618.78,16399.199999999997,16618.78,0
1997-11-13T00:00:00+00:00,16618.78,16663.239999999998,16158.64,16233.369999999999,0
1997-11-14T00:00:00+00:00,16233.369999999999,16482.019999999997,15961.939999999999,16305.99,0
1997-11-18T00:00:00+00:00,16305.99,17435.46,16305.99,17435.46,0
1997-11-19T00:00:00+00:00,17435.46,18199.989999999998,17283.71,17920.47,0
1997-11-20T00:00:00+00:00,17920.47,17920.47,17065.92,17162.73,0
1997-11-21T00:00:00+00:00,17162.73,17832.17,17119.079999999998,17596.1,0
1997-11-26T00:00:00+00:00,16607.89,16607.89,15774.33,15867.53,0
1997-11-27T00:00:00+00:00,15867.53,16319.680000000002,15867.53,15986.61,0
1997-11-28T00:00:00+00:00,15986.61,16500,15986.61,16472.730000000003,0
1997-12-02T00:00:00+00:00,16472.730000000003,16997.000000000004,16365.530000000006,16886.810000000005,0
1997-12-03T00:00:00+00:00,16886.810000000005,16951.350000000006,16724.870000000006,16787.510000000006,0
1997-12-04T00:00:00+00:00,16787.510000000006,16787.510000000006,16509.390000000003,16512.280000000002,0
1997-12-05T00:00:00+00:00,16512.280000000002,16534.56,16194.400000000001,16252.440000000002,0
1997-12-09T00:00:00+00:00,16252.440000000002,16329.360000000004,15923.970000000005,15945.250000000004,0
1997-12-10T00:00:00+00:00,15945.250000000004,16447.04,15945.250000000004,16447.04,0
1997-12-11T00:00:00+00:00,16447.04,16447.04,16179.810000000001,16249.04,0
1997-12-12T00:00:00+00:00,16249.04,16249.04,15877.61,15902.49,0
1997-12-16T00:00:00+00:00,15902.49,15946.25,15679.720000000001,15946.25,0
1997-12-17T00:00:00+00:00,15946.25,16122.17,15794.4,15977.009999999998,0
1997-12-18T00:00:00+00:00,15977.009999999998,16780,15758.519999999999,16504.379999999997,0
1997-12-19T00:00:00+00:00,16504.379999999997,16504.379999999997,16149.539999999997,16210.379999999997,0
1997-12-23T00:00:00+00:00,16210.379999999997,16210.379999999997,15499.589999999998,15729.559999999998,0
1997-12-25T00:00:00+00:00,14791.51,15013.19,14681.82,14924.98,0
1997-12-26T00:00:00+00:00,14924.98,15714.49,14924.98,15285.02,0
1997-12-30T00:00:00+00:00,15285.02,15307.900000000001,14943.16,15230.17,0
1997-12-31T00:00:00+00:00,15230.17,15651.050000000001,15230.17,15650.45,0
1998-01-06T00:00:00+00:00,15268.93,15307.19,14956.84,14956.84,0
1998-01-07T00:00:00+00:00,14956.84,15015.68,14663.04,14845.35,0
1998-01-08T00:00:00+00:00,14845.35,14985.31,14794.8,14975.32,0
1998-01-09T00:00:00+00:00,14975.32,15522.269999999999,14932.56,14933.06,0
1998-01-13T00:00:00+00:00,14933.06,14965.03,14684.41,14720.18,0
1998-01-14T00:00:00+00:00,14720.18,14863.24,14508.59,14718.28,0
1998-01-15T00:00:00+00:00,14718.28,15001.000000000002,14718.28,14974.03,0
1998-01-20T00:00:00+00:00,16155.34,16461.44,16155.34,16262.04,0
1998-01-21T00:00:00+00:00,16262.04,16472.13,16119.08,16408.39,0
1998-01-22T00:00:00+00:00,16408.39,16701.8,16408.39,16633.87,0
1998-01-23T00:00:00+00:00,16633.87,16721.68,16406.69,16415.079999999998,0
1998-01-27T00:00:00+00:00,16415.079999999998,16932.87,16415.079999999998,16653.25,0
1998-01-28T00:00:00+00:00,16653.25,16710.99,16460.34,16534.27,0
1998-01-29T00:00:00+00:00,16534.27,16732.07,16446.960000000003,16446.960000000003,0
1998-01-30T00:00:00+00:00,16446.960000000003,16508.4,16327.880000000001,16416.300000000003,0
1998-02-03T00:00:00+00:00,16416.300000000003,16639.980000000003,16372.050000000003,16508.110000000004,0
1998-02-04T00:00:00+00:00,16508.110000000004,16748.670000000006,16508.110000000004,16627.590000000004,0
1998-02-05T00:00:00+00:00,16627.590000000004,16650.870000000003,16372.640000000003,16459.760000000002,0
1998-02-06T00:00:00+00:00,16459.760000000002,16707.810000000005,16427.590000000004,16659.960000000003,0
1998-02-10T00:00:00+00:00,16659.960000000003,16781.74,16611.010000000002,16762.960000000003,0
1998-02-11T00:00:00+00:00,16762.960000000003,16804.610000000004,16710.110000000004,16753.460000000003,0
1998-02-13T00:00:00+00:00,17247.45,17252.45,17069.23,17174.93,0
1998-02-17T00:00:00+00:00,17174.93,17200.300000000003,17013.99,17200.100000000002,0
1998-02-18T00:00:00+00:00,17200.100000000002,17253.15,17049.95,17252.95,0
1998-02-19T00:00:00+00:00,17252.95,17319.489999999998,17058.149999999998,17079.53,0
1998-02-20T00:00:00+00:00,17079.53,17363.940000000002,17045.16,17114.09,0
1998-02-24T00:00:00+00:00,17114.09,17114.09,17007,17007,0
1998-02-25T00:00:00+00:00,17007,17007,16540.46,16571.13,0
1998-02-26T00:00:00+00:00,16571.13,16775.73,16347.56,16775.73,0
1998-02-27T00:00:00+00:00,16775.73,16955.449999999997,16684.22,16908.300000000003,0
1998-03-03T00:00:00+00:00,16908.300000000003,17283.420000000002,16908.300000000003,17271.640000000003,0
1998-03-04T00:00:00+00:00,17271.640000000003,17360.15,17097.220000000005,17202.810000000005,0
1998-03-05T00:00:00+00:00,17202.810000000005,17291.520000000004,17104.400000000005,17174.430000000004,0
1998-03-06T00:00:00+00:00,17174.430000000004,17174.430000000004,17008.800000000003,17012.390000000003,0
1998-03-10T00:00:00+00:00,17012.390000000003,17159.25,16779.43,16779.43,0
1998-03-11T00:00:00+00:00,16779.43,16841.97,16680.329999999998,16762.05,0
1998-03-12T00:00:00+00:00,16762.05,16762.05,16558.649999999998,16569.239999999998,0
1998-03-13T00:00:00+00:00,16569.239999999998,16569.239999999998,16394.61,16394.61,0
1998-03-17T00:00:00+00:00,16394.61,16394.61,16124.079999999998,16193.21,0
1998-03-18T00:00:00+00:00,16193.21,16362.14,16144.46,16297.5,0
1998-03-19T00:00:00+00:00,16297.5,16307.89,15785.71,15905.29,0
1998-03-20T00:00:00+00:00,15905.29,16061.529999999999,15852.939999999999,15972.02,0
1998-03-24T00:00:00+00:00,15972.02,16134.05,15852.939999999999,15957.330000000002,0
1998-03-25T00:00:00+00:00,15957.330000000002,15957.330000000002,15739.550000000003,15795.190000000002,0
1998-03-26T00:00:00+00:00,15795.190000000002,16074.810000000001,15710.68,15794.490000000002,0
1998-03-27T00:00:00+00:00,15794.490000000002,16237.550000000003,15794.490000000002,16106.580000000002,0
1998-03-31T00:00:00+00:00,16106.580000000002,16276.11,15504.78,15529.260000000002,0
1998-04-01T00:00:00+00:00,15529.260000000002,15819.27,15412.87,15761.82,0
1998-04-02T00:00:00+00:00,15761.82,15769.21,15476.2,15570.11,0
1998-04-03T00:00:00+00:00,15570.11,15570.11,14989.3,15057.73,0
1998-04-07T00:00:00+00:00,15057.73,15257.33,14977.609999999999,15195.289999999999,0
1998-04-08T00:00:00+00:00,15195.289999999999,15506.579999999998,15130.159999999998,15506.579999999998,0
1998-04-09T00:00:00+00:00,15506.579999999998,15993.789999999999,15480.909999999998,15895.39,0
1998-04-10T00:00:00+00:00,15895.39,16086.099999999999,15733.55,15998.98,0
1998-04-14T00:00:00+00:00,15998.98,16025.750000000002,15901.92,15942.43,0
1998-04-15T00:00:00+00:00,15942.43,16047.380000000001,15821.650000000001,15910.61,0
1998-04-16T00:00:00+00:00,15910.61,15992.480000000001,15880.590000000002,15887.78,0
1998-04-17T00:00:00+00:00,15887.78,15932.98,15391.32,15400.02,0
1998-04-21T00:00:00+00:00,15400.02,15424.2,15293.380000000001,15391.53,0
1998-04-22T00:00:00+00:00,15391.53,15534.48,15189.880000000001,15432.93,0
1998-04-23T00:00:00+00:00,15432.93,15432.93,15201.81,15362.1,0
1998-04-24T00:00:00+00:00,15362.1,15515.64,15260,15370.84,0
1998-04-28T00:00:00+00:00,15370.84,15370.84,15047.41,15052.060000000001,0
1998-04-29T00:00:00+00:00,15052.060000000001,15150.960000000003,14860.060000000001,14921.020000000002,0
1998-05-01T00:00:00+00:00,15493.42,15647.65,15483.18,15641.26,0
1998-05-07T00:00:00+00:00,15536.96,15536.96,15129.07,15243.84,0
1998-05-08T00:00:00+00:00,15243.84,15300.15,15076.099999999999,15199.08,0
1998-05-12T00:00:00+00:00,15199.08,15419.61,15199.08,15367.64,0
1998-05-13T00:00:00+00:00,15367.64,15372.130000000001,15232.85,15248.41,0
1998-05-14T00:00:00+00:00,15248.41,15310.449999999999,15129.529999999999,15310.449999999999,0
1998-05-15T00:00:00+00:00,15310.449999999999,15436.07,15282.13,15295.31,0
1998-05-19T00:00:00+00:00,15295.31,15423.14,15087.82,15402.609999999999,0
1998-05-20T00:00:00+00:00,15402.609999999999,15587.529999999999,15313.849999999999,15556.309999999998,0
1998-05-21T00:00:00+00:00,15556.309999999998,15765.449999999997,15556.309999999998,15630.389999999998,0
1998-05-22T00:00:00+00:00,15630.389999999998,15908.019999999997,15630.389999999998,15780.389999999998,0
1998-05-26T00:00:00+00:00,15780.389999999998,15808.509999999998,15729.089999999998,15779.089999999998,0
1998-05-27T00:00:00+00:00,15779.089999999998,15928.889999999998,15775.639999999998,15871.549999999997,0
1998-05-28T00:00:00+00:00,15871.549999999997,15871.549999999997,15596.919999999996,15711.309999999998,0
1998-05-29T00:00:00+00:00,15711.309999999998,15964.009999999997,15711.309999999998,15868.849999999997,0
1998-06-02T00:00:00+00:00,15868.849999999997,15900.169999999996,15519.149999999998,15519.149999999998,0
1998-06-03T00:00:00+00:00,15519.149999999998,15669.449999999999,15468.199999999999,15669.449999999999,0
1998-06-04T00:00:00+00:00,15669.449999999999,15669.449999999999,15399.919999999998,15490.829999999998,0
1998-06-05T00:00:00+00:00,15490.829999999998,15699.369999999999,15469.499999999998,15603.059999999998,0
1998-06-09T00:00:00+00:00,15603.059999999998,15677.429999999997,15573.539999999997,15614.249999999996,0
1998-06-10T00:00:00+00:00,15614.249999999996,15824.089999999997,15610.349999999997,15824.089999999997,0
1998-06-11T00:00:00+00:00,15824.089999999997,15824.089999999997,15602.509999999997,15642.969999999998,0
1998-06-12T00:00:00+00:00,15642.969999999998,15642.969999999998,15360.509999999997,15371.999999999998,0
1998-06-16T00:00:00+00:00,15371.999999999998,15371.999999999998,15196.969999999998,15232.829999999998,0
1998-06-17T00:00:00+00:00,15232.829999999998,15407.199999999999,15104.359999999999,15209.999999999998,0
1998-06-18T00:00:00+00:00,15209.999999999998,15319.039999999999,15092.47,15134.569999999998,0
1998-06-19T00:00:00+00:00,15134.569999999998,15707.599999999999,15134.569999999998,15670.939999999999,0
1998-06-23T00:00:00+00:00,15670.939999999999,15799.72,15632.179999999998,15695.019999999999,0
1998-06-24T00:00:00+00:00,15695.019999999999,15695.019999999999,15429.14,15429.14,0
1998-06-25T00:00:00+00:00,15429.14,15510.609999999999,15300.269999999999,15423.3,0
1998-06-26T00:00:00+00:00,15423.3,15467.3,15337.63,15394.479999999998,0
1998-06-30T00:00:00+00:00,15394.479999999998,15564.21,15370.449999999999,15505.409999999998,0
1998-07-01T00:00:00+00:00,15505.409999999998,15864.449999999997,15496.219999999998,15864.249999999998,0
1998-07-02T00:00:00+00:00,15864.249999999998,16375.039999999997,15751.909999999998,16375.039999999997,0
1998-07-03T00:00:00+00:00,16375.039999999997,16684.929999999997,16374.189999999995,16413.149999999998,0
1998-07-07T00:00:00+00:00,16413.149999999998,16467.989999999998,16329.93,16329.93,0
1998-07-08T00:00:00+00:00,16329.93,16506.800000000003,16329.93,16391.86,0
1998-07-09T00:00:00+00:00,16391.86,16499.600000000002,16361.04,16394.710000000003,0
1998-07-10T00:00:00+00:00,16394.710000000003,16394.710000000003,16272.280000000004,16349.150000000005,0
1998-07-14T00:00:00+00:00,16349.150000000005,16716.380000000005,16160.340000000006,16716.380000000005,0
1998-07-15T00:00:00+00:00,16716.380000000005,16825.870000000003,16667.830000000005,16825.370000000003,0
1998-07-16T00:00:00+00:00,16825.370000000003,16839.960000000003,16661.280000000002,16839.960000000003,0
1998-07-17T00:00:00+00:00,16839.960000000003,16991.61,16732.97,16966.64,0
1998-07-22T00:00:00+00:00,16619.78,16698.15,16407.74,16556.69,0
1998-07-23T00:00:00+00:00,16556.69,16556.69,16382.56,16389.059999999998,0
1998-07-24T00:00:00+00:00,16389.059999999998,16441.11,16279.019999999999,16308.589999999998,0
1998-07-28T00:00:00+00:00,16308.589999999998,16308.589999999998,15970.88,15970.98,0
1998-07-29T00:00:00+00:00,15970.98,16132.37,15910.29,16066.640000000001,0
1998-07-30T00:00:00+00:00,16066.640000000001,16274.78,16039.710000000001,16150.550000000001,0
1998-07-31T00:00:00+00:00,16150.550000000001,16271.380000000003,16150.550000000001,16161.440000000002,0
1998-08-04T00:00:00+00:00,16161.440000000002,16161.440000000002,15962.390000000001,16022.920000000002,0
1998-08-05T00:00:00+00:00,16022.920000000002,16142.400000000001,15965.730000000001,15985.060000000001,0
1998-08-06T00:00:00+00:00,15985.060000000001,15989.260000000002,15786.960000000003,15962.090000000002,0
1998-08-07T00:00:00+00:00,15962.090000000002,15989.660000000002,15748.710000000003,15790.160000000002,0
1998-08-11T00:00:00+00:00,15790.160000000002,15790.160000000002,15585.510000000002,15616.230000000001,0
1998-08-12T00:00:00+00:00,15616.230000000001,15675.070000000002,15355.590000000002,15451.990000000002,0
1998-08-13T00:00:00+00:00,15451.990000000002,15698.750000000002,15434.510000000002,15543.650000000001,0
1998-08-14T00:00:00+00:00,15543.650000000001,15606.980000000001,15370.37,15512.680000000002,0
1998-08-18T00:00:00+00:00,15512.680000000002,15519.570000000002,15037.600000000002,15176.570000000002,0
1998-08-19T00:00:00+00:00,15176.570000000002,15382.77,15125.62,15343.660000000002,0
1998-08-20T00:00:00+00:00,15343.660000000002,15595.900000000001,15341.260000000002,15585.760000000002,0
1998-08-21T00:00:00+00:00,15585.760000000002,15585.760000000002,15376.270000000002,15531.420000000002,0
1998-08-25T00:00:00+00:00,15531.420000000002,15531.420000000002,15245.510000000002,15374.530000000002,0
1998-08-26T00:00:00+00:00,15374.530000000002,15531.270000000002,15374.530000000002,15377.230000000003,0
1998-08-27T00:00:00+00:00,15377.230000000003,15377.230000000003,15130.220000000003,15130.220000000003,0
1998-08-28T00:00:00+00:00,15130.220000000003,15130.220000000003,14714.480000000003,14749.600000000004,0
1998-09-01T00:00:00+00:00,14749.600000000004,15017.990000000003,14638.960000000003,14901.700000000003,0
1998-09-02T00:00:00+00:00,14901.700000000003,15291.710000000003,14586.620000000003,15291.510000000002,0
1998-09-03T00:00:00+00:00,15291.510000000002,15519.880000000001,15217.630000000001,15307.090000000002,0
1998-09-04T00:00:00+00:00,15307.090000000002,15312.830000000002,15152.390000000001,15205.79,0
1998-09-08T00:00:00+00:00,15205.79,16011.380000000001,15134.010000000002,16011.380000000001,0
1998-09-09T00:00:00+00:00,16011.380000000001,16538.71,16011.380000000001,16157.94,0
1998-09-10T00:00:00+00:00,16157.94,16289.61,15819.380000000001,15945.300000000001,0
1998-09-11T00:00:00+00:00,15945.300000000001,16042.01,15670.93,15806.04,0
1998-09-15T00:00:00+00:00,15806.04,16156.640000000001,15671.03,16054.090000000002,0
1998-09-17T00:00:00+00:00,14229.32,14375.57,14176.02,14197.7,0
1998-09-18T00:00:00+00:00,14197.7,14263.980000000001,13768.28,13843.35,0
1998-09-22T00:00:00+00:00,13843.35,13843.35,13548.3,13564.88,0
1998-09-23T00:00:00+00:00,13564.88,13795.8,13445.449999999999,13714.13,0
1998-09-25T00:00:00+00:00,13896.79,14297.5,13896.79,14205.78,0
1998-09-29T00:00:00+00:00,14205.78,14566.51,14132.070000000002,14354.410000000002,0
1998-09-30T00:00:00+00:00,14354.410000000002,14368.940000000002,13969.610000000002,14238.020000000002,0
1998-10-01T00:00:00+00:00,14238.020000000002,14326.110000000002,13765.730000000001,13765.730000000001,0
1998-10-02T00:00:00+00:00,13765.730000000001,13946.940000000002,13407.240000000002,13585.610000000002,0
1998-10-06T00:00:00+00:00,13585.610000000002,13585.610000000002,13309.900000000003,13347.750000000004,0
1998-10-07T00:00:00+00:00,13347.750000000004,13627.650000000005,13339.150000000005,13433.010000000004,0
1998-10-08T00:00:00+00:00,13433.010000000004,14162.720000000005,13433.010000000004,14162.720000000005,0
1998-10-09T00:00:00+00:00,14162.720000000005,14162.720000000005,13401.620000000004,13439.770000000004,0
1998-10-13T00:00:00+00:00,13439.770000000004,14034.820000000005,13439.770000000004,14016.960000000005,0
1998-10-14T00:00:00+00:00,14016.960000000005,14069.980000000005,13719.360000000006,13720.950000000006,0
1998-10-15T00:00:00+00:00,13720.950000000006,13910.370000000006,13513.380000000005,13527.060000000005,0
1998-10-16T00:00:00+00:00,13527.060000000005,13598.340000000004,13306.660000000003,13409.070000000005,0
1998-10-20T00:00:00+00:00,13409.070000000005,13932.250000000005,13409.070000000005,13713.090000000006,0
1998-10-21T00:00:00+00:00,13713.090000000006,13952.790000000006,13627.190000000006,13952.000000000005,0
1998-10-22T00:00:00+00:00,13952.000000000005,14397.530000000004,13952.000000000005,14246.970000000005,0
1998-10-23T00:00:00+00:00,14246.970000000005,14701.660000000005,14204.990000000005,14254.780000000004,0
1998-10-27T00:00:00+00:00,14254.780000000004,14254.780000000004,14006.280000000004,14043.380000000003,0
1998-10-28T00:00:00+00:00,14043.380000000003,14243.190000000004,13950.770000000004,14009.010000000004,0
1998-10-29T00:00:00+00:00,14009.010000000004,14125.500000000004,13720.760000000004,13720.760000000004,0
1998-10-30T00:00:00+00:00,13720.760000000004,13880.980000000005,13586.060000000005,13822.680000000004,0
1998-11-03T00:00:00+00:00,13822.680000000004,14127.150000000003,13822.680000000004,14127.150000000003,0
1998-11-05T00:00:00+00:00,14095.65,14527.81,14095.65,14527.81,0
1998-11-06T00:00:00+00:00,14527.81,14528.509999999998,14084.069999999998,14244.73,0
1998-11-10T00:00:00+00:00,14244.73,14434.59,14135.2,14266.470000000001,0
1998-11-11T00:00:00+00:00,14266.470000000001,14382.52,14211.7,14220.560000000001,0
1998-11-12T00:00:00+00:00,14220.560000000001,14510.950000000003,14148.440000000002,14510.950000000003,0
1998-11-13T00:00:00+00:00,14510.950000000003,14564.180000000002,14221.160000000002,14221.160000000002,0
1998-11-17T00:00:00+00:00,14221.160000000002,14332.29,14086.86,14310.000000000002,0
1998-11-18T00:00:00+00:00,14310.000000000002,14314.620000000003,14110.930000000002,14247.120000000003,0
1998-11-19T00:00:00+00:00,14247.120000000003,14552.480000000003,14234.390000000003,14450.260000000002,0
1998-11-20T00:00:00+00:00,14450.260000000002,14536.12,14247.570000000002,14247.62,0
1998-11-25T00:00:00+00:00,14904.2,15164.64,14904.2,15164.64,0
1998-11-26T00:00:00+00:00,15164.64,15181.199999999999,14998.699999999999,15130.069999999998,0
1998-11-27T00:00:00+00:00,15130.069999999998,15248.259999999997,15072.169999999996,15236.219999999998,0
1998-12-01T00:00:00+00:00,15236.219999999998,15268.999999999998,15012.239999999998,15012.829999999998,0
1998-12-02T00:00:00+00:00,15012.829999999998,15122.459999999997,14955.179999999997,15026.709999999997,0
1998-12-03T00:00:00+00:00,15026.709999999997,15174.089999999998,14944.779999999999,15149.619999999999,0
1998-12-04T00:00:00+00:00,15149.619999999999,15149.619999999999,14863.649999999998,14971.099999999999,0
1998-12-08T00:00:00+00:00,14971.099999999999,15016.369999999999,14917.88,14990.949999999999,0
1998-12-09T00:00:00+00:00,14990.949999999999,15132.019999999999,14990.949999999999,15024.13,0
1998-12-10T00:00:00+00:00,15024.13,15204.239999999998,14972.999999999998,15204.239999999998,0
1998-12-11T00:00:00+00:00,15204.239999999998,15320.329999999998,15120.719999999998,15121.119999999997,0
1998-12-15T00:00:00+00:00,15121.119999999997,15121.119999999997,14875.799999999997,14883.559999999998,0
1998-12-16T00:00:00+00:00,14883.559999999998,14991.199999999999,14763.88,14809.789999999999,0
1998-12-17T00:00:00+00:00,14809.789999999999,14875,14734.279999999999,14813.769999999999,0
1998-12-18T00:00:00+00:00,14813.769999999999,14918.869999999999,14666.88,14876.539999999999,0
1998-12-22T00:00:00+00:00,14876.539999999999,14876.539999999999,14756.42,14870.67,0
1998-12-23T00:00:00+00:00,14870.67,14872.470000000001,14409.03,14466.380000000001,0
1998-12-25T00:00:00+00:00,13810.58,13815.21,13657.03,13706.73,0
1998-12-29T00:00:00+00:00,13706.73,13724.739999999998,13533.48,13539.249999999998,0
1998-12-30T00:00:00+00:00,13539.249999999998,13605.709999999997,13423.599999999999,13605.709999999997,0
1998-12-31T00:00:00+00:00,13605.709999999997,13686.939999999997,13586.259999999998,13615.559999999998,0
1999-01-05T00:00:00+00:00,13615.559999999998,13615.559999999998,13252.399999999998,13252.399999999998,0
1999-01-06T00:00:00+00:00,13252.399999999998,13252.399999999998,12937.979999999998,13048.109999999997,0
1999-01-07T00:00:00+00:00,13048.109999999997,13242.049999999996,12982.599999999997,13234.879999999996,0
1999-01-08T00:00:00+00:00,13234.879999999996,13513.039999999995,13175.289999999995,13195.439999999995,0
1999-01-12T00:00:00+00:00,13195.439999999995,13293.919999999995,13065.659999999994,13209.509999999995,0
1999-01-13T00:00:00+00:00,13209.509999999995,13431.699999999995,13108.339999999995,13257.009999999995,0
1999-01-14T00:00:00+00:00,13257.009999999995,13347.539999999995,13216.969999999996,13306.799999999996,0
1999-01-15T00:00:00+00:00,13306.799999999996,13676.579999999996,13306.799999999996,13676.579999999996,0
1999-01-19T00:00:00+00:00,13676.579999999996,13878.429999999997,13668.819999999996,13719.299999999996,0
1999-01-20T00:00:00+00:00,13719.299999999996,13761.729999999996,13635.679999999995,13649.159999999996,0
1999-01-21T00:00:00+00:00,13649.159999999996,13882.289999999995,13593.199999999995,13882.289999999995,0
1999-01-22T00:00:00+00:00,13882.289999999995,14164.669999999995,13842.889999999996,14078.859999999995,0
1999-01-26T00:00:00+00:00,14078.859999999995,14188.389999999996,14013.649999999996,14146.109999999995,0
1999-01-27T00:00:00+00:00,14146.109999999995,14396.259999999995,14146.109999999995,14276.829999999994,0
1999-01-28T00:00:00+00:00,14276.829999999994,14386.799999999994,14231.109999999995,14310.649999999994,0
1999-01-29T00:00:00+00:00,14310.649999999994,14360.929999999995,14170.369999999995,14180.919999999995,0
1999-02-02T00:00:00+00:00,14180.919999999995,14278.209999999994,13993.099999999993,14101.979999999994,0
1999-02-03T00:00:00+00:00,14101.979999999994,14101.979999999994,13928.129999999994,13991.999999999995,0
1999-02-04T00:00:00+00:00,13991.999999999995,13991.999999999995,13830.539999999995,13902.759999999995,0
1999-02-05T00:00:00+00:00,13902.759999999995,13982.299999999996,13651.769999999995,13813.479999999996,0
1999-02-09T00:00:00+00:00,13813.479999999996,13951.759999999997,13697.729999999996,13919.329999999996,0
1999-02-10T00:00:00+00:00,13919.329999999996,13926.339999999997,13796.559999999998,13813.429999999997,0
1999-02-11T00:00:00+00:00,13813.429999999997,13931.959999999995,13756.419999999996,13913.209999999995,0
1999-02-16T00:00:00+00:00,14008.36,14101.22,14003.23,14054.72,0
1999-02-17T00:00:00+00:00,14054.72,14318.15,14054.72,14192.109999999999,0
1999-02-18T00:00:00+00:00,14192.109999999999,14321.63,14060.939999999999,14072.97,0
1999-02-19T00:00:00+00:00,14072.97,14085.65,13959.01,14063.87,0
1999-02-23T00:00:00+00:00,14063.87,14228.52,14010.900000000001,14170.87,0
1999-02-24T00:00:00+00:00,14170.87,14387.25,14170.87,14387.25,0
1999-02-25T00:00:00+00:00,14387.25,14438.48,14229.81,14259.11,0
1999-02-26T00:00:00+00:00,14259.11,14343.470000000001,14236.83,14343.470000000001,0
1999-03-02T00:00:00+00:00,14343.470000000001,14449.470000000001,14202.210000000001,14202.36,0
1999-03-03T00:00:00+00:00,14202.36,14247.820000000002,13862.87,13862.87,0
1999-03-04T00:00:00+00:00,13862.87,14077.15,13834.42,14077.050000000001,0
1999-03-05T00:00:00+00:00,14077.050000000001,14099.58,13995.87,14058.300000000001,0
1999-03-09T00:00:00+00:00,14058.300000000001,14248.810000000001,13911.76,13911.76,0
1999-03-10T00:00:00+00:00,13911.76,14166.29,13911.76,14166.29,0
1999-03-11T00:00:00+00:00,14166.29,14516.87,14166.29,14512.240000000002,0
1999-03-12T00:00:00+00:00,14512.240000000002,14867.04,14443.840000000002,14528.95,0
1999-03-16T00:00:00+00:00,14528.95,14792.68,14406.54,14782.04,0
1999-03-17T00:00:00+00:00,14782.04,15114.560000000001,14624.110000000002,15105.310000000001,0
1999-03-18T00:00:00+00:00,15105.310000000001,15286.420000000002,14995.090000000002,15285.330000000002,0
1999-03-19T00:00:00+00:00,15285.330000000002,15349.540000000003,14764.340000000002,14764.340000000002,0
1999-03-24T00:00:00+00:00,16401.96,16437.23,15988.41,16019.1,0
1999-03-25T00:00:00+00:00,16019.1,16019.1,15587,15587,0
1999-03-26T00:00:00+00:00,15587,16056.61,15587,15981.630000000001,0
1999-03-30T00:00:00+00:00,15981.630000000001,16136.11,15952.590000000002,15959.150000000001,0
1999-03-31T00:00:00+00:00,15959.150000000001,16051.770000000002,15672.920000000002,15726.350000000002,0
1999-04-01T00:00:00+00:00,15726.350000000002,15887.850000000002,15511.930000000002,15697.170000000002,0
1999-04-02T00:00:00+00:00,15697.170000000002,16279.090000000004,15642.530000000002,16156.680000000002,0
1999-04-06T00:00:00+00:00,16156.680000000002,16471.4,16067.740000000002,16171.390000000003,0
1999-04-07T00:00:00+00:00,16171.390000000003,16294.680000000004,15895.120000000003,16290.120000000003,0
1999-04-08T00:00:00+00:00,16290.120000000003,16423.460000000003,16201.510000000002,16414.760000000002,0
1999-04-09T00:00:00+00:00,16414.760000000002,16728.920000000002,16345.780000000002,16708.95,0
1999-04-13T00:00:00+00:00,16708.95,16708.95,16419.27,16419.27,0
1999-04-14T00:00:00+00:00,16419.27,16657.89,16419.27,16517.38,0
1999-04-15T00:00:00+00:00,16517.38,16618.37,16255.39,16583.88,0
1999-04-16T00:00:00+00:00,16583.88,16670.260000000002,16414.65,16552.370000000003,0
1999-04-20T00:00:00+00:00,16552.370000000003,16552.370000000003,16277.730000000003,16368.300000000003,0
1999-04-21T00:00:00+00:00,16368.300000000003,16530.180000000004,16307.660000000003,16478.240000000005,0
1999-04-22T00:00:00+00:00,16478.240000000005,16489.870000000006,16208.150000000005,16248.830000000005,0
1999-04-23T00:00:00+00:00,16248.830000000005,16350.990000000005,16169.190000000006,16350.990000000005,0
1999-04-27T00:00:00+00:00,16350.990000000005,16574.72000000001,16346.380000000008,16349.740000000005,0
1999-04-28T00:00:00+00:00,16349.740000000005,16427.330000000005,16292.130000000005,16314.880000000005,0
1999-04-29T00:00:00+00:00,16314.880000000005,16450.920000000006,16182.610000000004,16243.250000000007,0
1999-05-07T00:00:00+00:00,16762.78,17300.61,16762.78,17300.61,0
1999-05-11T00:00:00+00:00,17300.61,17396.3,17248.95,17294.329999999998,0
1999-05-12T00:00:00+00:00,17294.329999999998,17294.329999999998,17027.79,17034.07,0
1999-05-13T00:00:00+00:00,17034.07,17356,17034.07,17198.87,0
1999-05-14T00:00:00+00:00,17198.87,17204.04,17039,17097.27,0
1999-05-18T00:00:00+00:00,17097.27,17097.27,16767.33,16767.38,0
1999-05-19T00:00:00+00:00,16767.38,16909.19,16618.120000000003,16705.620000000003,0
1999-05-20T00:00:00+00:00,16705.620000000003,16705.620000000003,16463,16479.200000000004,0
1999-05-21T00:00:00+00:00,16479.200000000004,16626.090000000004,16275.440000000004,16528.770000000004,0
1999-05-25T00:00:00+00:00,16528.770000000004,16677.380000000005,16424.840000000004,16658.110000000008,0
1999-05-26T00:00:00+00:00,16658.110000000008,16658.110000000008,16528.590000000007,16566.840000000007,0
1999-05-27T00:00:00+00:00,16566.840000000007,16728.99000000001,16465.000000000007,16624.640000000007,0
1999-05-28T00:00:00+00:00,16624.640000000007,16668.390000000007,16349.810000000007,16514.810000000005,0
1999-06-01T00:00:00+00:00,16514.810000000005,16647.260000000002,16437.410000000003,16647.260000000002,0
1999-06-02T00:00:00+00:00,16647.260000000002,16965.61,16584.060000000005,16965.61,0
1999-06-03T00:00:00+00:00,16965.61,17019.83,16866.480000000003,16979.480000000003,0
1999-06-04T00:00:00+00:00,16979.480000000003,16979.480000000003,16688.460000000006,16788.060000000005,0
1999-06-08T00:00:00+00:00,16788.060000000005,17046.130000000005,16788.060000000005,16945.510000000002,0
1999-06-09T00:00:00+00:00,16945.510000000002,17018.68,16917.4,17010.48,0
1999-06-10T00:00:00+00:00,17010.48,17224.579999999998,16962.079999999998,17133.82,0
1999-06-11T00:00:00+00:00,17133.82,17636.38,17133.82,17608.64,0
1999-06-15T00:00:00+00:00,17608.64,17799.93,17583.6,17603.85,0
1999-06-16T00:00:00+00:00,17603.85,17727.14,17378.12,17669.57,0
1999-06-17T00:00:00+00:00,17669.57,17730.82,17528.78,17594.77,0
1999-06-18T00:00:00+00:00,17594.77,17876.45,17594.77,17796.77,0
1999-06-22T00:00:00+00:00,17796.77,18057.91,17796.77,18049.719999999998,0
1999-06-23T00:00:00+00:00,18049.719999999998,18097.189999999995,17931.919999999995,18046.599999999995,0
1999-06-24T00:00:00+00:00,18046.599999999995,18147.599999999995,17884.119999999995,17890.819999999996,0
1999-06-25T00:00:00+00:00,17890.819999999996,18001.269999999997,17829.71,17929.129999999997,0
1999-06-29T00:00:00+00:00,17929.129999999997,18116.039999999997,17929.129999999997,18038.59,0
1999-06-30T00:00:00+00:00,18038.59,18188.54,18012.06,18145.54,0
1999-07-01T00:00:00+00:00,18145.54,18271.29,17842.690000000002,17842.690000000002,0
1999-07-02T00:00:00+00:00,17842.690000000002,18207.120000000003,17842.690000000002,18095.840000000004,0
1999-07-06T00:00:00+00:00,18095.840000000004,18337.820000000003,18095.840000000004,18229.740000000005,0
1999-07-07T00:00:00+00:00,18229.740000000005,18257.530000000006,18058.700000000008,18148.710000000006,0
1999-07-08T00:00:00+00:00,18148.710000000006,18231.88000000001,18023.230000000007,18032.40000000001,0
1999-07-09T00:00:00+00:00,18032.40000000001,18078.66000000001,17920.28000000001,18000.75000000001,0
1999-07-13T00:00:00+00:00,18000.75000000001,18353.35000000001,17922.56000000001,18353.35000000001,0
1999-07-14T00:00:00+00:00,18353.35000000001,18464.770000000008,18293.770000000008,18302.610000000008,0
1999-07-15T00:00:00+00:00,18302.610000000008,18569.850000000006,18280.170000000006,18472.110000000008,0
1999-07-16T00:00:00+00:00,18472.110000000008,18528.990000000005,18339.000000000007,18501.340000000007,0
1999-07-20T00:00:00+00:00,18501.340000000007,18745.55000000001,18501.340000000007,18745.55000000001,0
1999-07-22T00:00:00+00:00,18458.58,18458.58,18182.91,18257.52,0
1999-07-23T00:00:00+00:00,18257.52,18257.52,17701.49,17766.79,0
1999-07-27T00:00:00+00:00,17766.79,17861.690000000002,17689.81,17689.81,0
1999-07-28T00:00:00+00:00,17689.81,17818.690000000002,17572.530000000002,17668.170000000002,0
1999-07-29T00:00:00+00:00,17668.170000000002,17889.190000000002,17668.170000000002,17739.420000000002,0
1999-07-30T00:00:00+00:00,17739.420000000002,18063.45,17739.420000000002,17976,0
1999-08-03T00:00:00+00:00,17976,18058.649999999998,17874.809999999998,17974.46,0
1999-08-04T00:00:00+00:00,17974.46,18119.71,17747.52,18119.71,0
1999-08-05T00:00:00+00:00,18119.71,18119.71,17837.9,17891.47,0
1999-08-06T00:00:00+00:00,17891.47,17891.47,17462.58,17610.73,0
1999-08-10T00:00:00+00:00,17610.73,17818.77,17600.3,17695.25,0
1999-08-11T00:00:00+00:00,17695.25,17709.77,17547.100000000002,17708.47,0
1999-08-12T00:00:00+00:00,17708.47,17884.59,17620.18,17733.93,0
1999-08-13T00:00:00+00:00,17733.93,17929.82,17733.93,17876.11,0
1999-08-17T00:00:00+00:00,17876.11,18314.2,17876.11,18203.02,0
1999-08-18T00:00:00+00:00,18203.02,18276.13,18126.739999999998,18220.14,0
1999-08-19T00:00:00+00:00,18220.14,18429.3,18174.719999999998,18239.089999999997,0
1999-08-20T00:00:00+00:00,18239.089999999997,18319.279999999995,18061.949999999997,18275.719999999998,0
1999-08-24T00:00:00+00:00,18275.719999999998,18527.379999999997,18275.719999999998,18376.069999999996,0
1999-08-25T00:00:00+00:00,18376.069999999996,18507.779999999995,18205.259999999995,18205.259999999995,0
1999-08-26T00:00:00+00:00,18205.259999999995,18271.019999999997,17901.109999999997,17961.189999999995,0
1999-08-27T00:00:00+00:00,17961.189999999995,18092.769999999997,17763.569999999996,17763.569999999996,0
1999-08-31T00:00:00+00:00,17763.569999999996,18046.589999999997,17763.569999999996,18040.489999999998,0
1999-09-01T00:00:00+00:00,18040.489999999998,18040.489999999998,17579.78,17590.85,0
1999-09-02T00:00:00+00:00,17590.85,17930.879999999997,17590.85,17913.76,0
1999-09-03T00:00:00+00:00,17913.76,17919.159999999996,17748.679999999997,17749.609999999997,0
1999-09-07T00:00:00+00:00,17749.609999999997,17925.259999999995,17749.609999999997,17842.059999999994,0
1999-09-08T00:00:00+00:00,17842.059999999994,17922.269999999997,17716.079999999994,17771.639999999996,0
1999-09-09T00:00:00+00:00,17771.639999999996,17771.639999999996,17571.349999999995,17702.999999999996,0
1999-09-10T00:00:00+00:00,17702.999999999996,17855.619999999995,17673.189999999995,17673.469999999998,0
1999-09-14T00:00:00+00:00,17673.469999999998,17926.46,17673.469999999998,17847.16,0
1999-09-15T00:00:00+00:00,17847.16,17847.16,17576.48,17743.39,0
1999-09-17T00:00:00+00:00,17703.97,17703.97,17058.13,17291.59,0
1999-09-21T00:00:00+00:00,17291.59,17536.18,17291.59,17448.62,0
1999-09-22T00:00:00+00:00,17448.62,17795.63,17421.58,17795.63,0
1999-09-23T00:00:00+00:00,17795.63,17795.63,17201.68,17278.52,0
1999-09-28T00:00:00+00:00,16888.02,17039.42,16820.93,16821.06,0
1999-09-29T00:00:00+00:00,16821.06,17317.300000000003,16821.06,17254.300000000003,0
1999-09-30T00:00:00+00:00,17254.300000000003,17254.300000000003,17012.000000000004,17223.260000000002,0
1999-10-01T00:00:00+00:00,17223.260000000002,17687.25,17223.260000000002,17521.5,0
1999-10-05T00:00:00+00:00,17521.5,17662.8,17449.219999999998,17537.649999999998,0
1999-10-06T00:00:00+00:00,17537.649999999998,17704.12,17494.6,17502.8,0
1999-10-07T00:00:00+00:00,17502.8,17606.29,17414.46,17576.579999999998,0
1999-10-08T00:00:00+00:00,17576.579999999998,17819.01,17576.579999999998,17727.17,0
1999-10-13T00:00:00+00:00,18098.2,18221.69,18084.49,18090.81,0
1999-10-14T00:00:00+00:00,18090.81,18091.32,17814.9,17814.9,0
1999-10-15T00:00:00+00:00,17814.9,17990.66,17751.390000000003,17829.41,0
1999-10-19T00:00:00+00:00,17829.41,17829.41,17454.52,17535.820000000003,0
1999-10-20T00:00:00+00:00,17535.820000000003,17588.06,17389.250000000004,17464.95,0
1999-10-21T00:00:00+00:00,17464.95,17727.54,17464.95,17702,0
1999-10-22T00:00:00+00:00,17702,17763.579999999998,17483.94,17606.44,0
1999-10-26T00:00:00+00:00,17606.44,17899.239999999998,17606.44,17760.3,0
1999-10-27T00:00:00+00:00,17760.3,17855.7,17682.6,17775.66,0
1999-10-28T00:00:00+00:00,17775.66,17775.66,17480.710000000003,17502.24,0
1999-10-29T00:00:00+00:00,17502.24,17624.850000000002,17502.24,17512.68,0
1999-11-02T00:00:00+00:00,17512.68,17650.23,17483.25,17527.21,0
1999-11-03T00:00:00+00:00,17527.21,17608.719999999998,17407.41,17542.26,0
1999-11-05T00:00:00+00:00,18067.36,18377.73,18067.36,18348.13,0
1999-11-09T00:00:00+00:00,18348.13,18448.41,18146.67,18207.87,0
1999-11-10T00:00:00+00:00,18207.87,18446.51,18207.87,18240.62,0
1999-11-11T00:00:00+00:00,18240.62,18605.03,18197.04,18550.12,0
1999-11-12T00:00:00+00:00,18550.12,18657.809999999998,18308.519999999997,18325.539999999997,0
1999-11-16T00:00:00+00:00,18325.539999999997,18549.559999999998,18228.129999999997,18228.129999999997,0
1999-11-17T00:00:00+00:00,18228.129999999997,18302.649999999998,18104.159999999996,18168.379999999997,0
1999-11-18T00:00:00+00:00,18168.379999999997,18459.359999999997,18020.909999999996,18224.479999999996,0
1999-11-19T00:00:00+00:00,18224.479999999996,18611.399999999994,18216.829999999994,18457.339999999997,0
1999-11-23T00:00:00+00:00,18457.339999999997,18699.019999999997,18457.339999999997,18672.409999999996,0
1999-11-25T00:00:00+00:00,18796.02,19036.08,18664.02,18896.21,0
1999-11-26T00:00:00+00:00,18896.21,19002.47,18630.88,18703.35,0
1999-11-30T00:00:00+00:00,18703.35,18729.829999999998,18542.829999999998,18670.21,0
1999-12-01T00:00:00+00:00,18670.21,18681.63,18294.49,18375,0
1999-12-02T00:00:00+00:00,18375,18530.66,18277.56,18307.690000000002,0
1999-12-03T00:00:00+00:00,18307.690000000002,18456.010000000002,18111.66,18286.22,0
1999-12-07T00:00:00+00:00,18286.22,18570.010000000002,18286.22,18412.72,0
1999-12-08T00:00:00+00:00,18412.72,18557.18,18366.140000000003,18493.7,0
1999-12-09T00:00:00+00:00,18493.7,18541.98,18320.96,18338.27,0
1999-12-10T00:00:00+00:00,18338.27,18338.27,18014.29,18193.230000000003,0
1999-12-14T00:00:00+00:00,18193.230000000003,18193.230000000003,18058.960000000003,18113.330000000005,0
1999-12-15T00:00:00+00:00,18113.330000000005,18118.990000000005,17948.420000000006,18074.360000000004,0
1999-12-16T00:00:00+00:00,18074.360000000004,18231.840000000007,17959.730000000007,18067.370000000006,0
1999-12-17T00:00:00+00:00,18067.370000000006,18128.330000000005,17947.150000000005,18052.140000000007,0
1999-12-21T00:00:00+00:00,18052.140000000007,18186.450000000008,17974.550000000007,18089.69000000001,0
1999-12-22T00:00:00+00:00,18089.69000000001,18091.51000000001,17948.05000000001,18003.79000000001,0
1999-12-23T00:00:00+00:00,18003.79000000001,18301.380000000012,18003.79000000001,18301.380000000012,0
1999-12-28T00:00:00+00:00,18596.49,18666.62,18472.6,18546.9,0
1999-12-29T00:00:00+00:00,18546.9,18818.190000000002,18482.280000000002,18785.010000000002,0
1999-12-30T00:00:00+00:00,18785.010000000002,18893.200000000004,18736.240000000005,18817.740000000005,0
1999-12-31T00:00:00+00:00,18817.740000000005,18984.520000000008,18746.700000000004,18958.530000000006,0
2000-01-05T00:00:00+00:00,18937.45,19187.61,18937.45,19002.86,0
2000-01-06T00:00:00+00:00,19002.86,19002.86,18221.170000000002,18541.9,0
2000-01-07T00:00:00+00:00,18541.9,18550.630000000005,18136.160000000003,18136.160000000003,0
2000-01-12T00:00:00+00:00,18246.1,18887.56,18246.1,18850.92,0
2000-01-13T00:00:00+00:00,18850.92,18882.62,18697.67,18748.17,0
2000-01-14T00:00:00+00:00,18748.17,18926.019999999997,18748.17,18914.28,0
2000-01-18T00:00:00+00:00,18914.28,19331.24,18914.28,19325.89,0
2000-01-19T00:00:00+00:00,19325.89,19325.89,19058.589999999997,19109.989999999998,0
2000-01-20T00:00:00+00:00,19109.989999999998,19109.989999999998,18825.87,18825.87,0
2000-01-21T00:00:00+00:00,18825.87,19062.64,18816.72,18903.62,0
2000-01-25T00:00:00+00:00,18903.62,19149.73,18902.29,19081.87,0
2000-01-26T00:00:00+00:00,19081.87,19208.67,18892.85,18973.01,0
2000-01-27T00:00:00+00:00,18973.01,19136.07,18973.01,19101.359999999997,0
2000-01-28T00:00:00+00:00,19101.359999999997,19213.82,18947.42,19185.46,0
2000-02-01T00:00:00+00:00,19185.46,19350.05,19034.82,19350.05,0
2000-02-02T00:00:00+00:00,19350.05,19367.05,19080.329999999998,19236.75,0
2000-02-03T00:00:00+00:00,19236.75,19574.679999999997,19236.75,19293.329999999998,0
2000-02-04T00:00:00+00:00,19293.329999999998,19523.81,19293.329999999998,19431.399999999998,0
2000-02-08T00:00:00+00:00,19431.399999999998,19547.239999999998,19379.2,19544.07,0
2000-02-09T00:00:00+00:00,19544.07,19572.21,19423.58,19457.65,0
2000-02-10T00:00:00+00:00,19457.65,19573.38,19452.88,19535.010000000002,0
2000-02-11T00:00:00+00:00,19535.010000000002,19535.040000000005,19329.500000000004,19329.500000000004,0
2000-02-15T00:00:00+00:00,19329.500000000004,19379.350000000002,19187.390000000003,19187.390000000003,0
2000-02-16T00:00:00+00:00,19187.390000000003,19288.730000000003,18930.620000000003,18967.400000000005,0
2000-02-17T00:00:00+00:00,18967.400000000005,19161.440000000002,18848.980000000003,19148.020000000004,0
2000-02-18T00:00:00+00:00,19148.020000000004,19305.340000000004,19019.730000000007,19293.050000000007,0
2000-02-22T00:00:00+00:00,19293.050000000007,19320.410000000003,19100.650000000005,19100.650000000005,0
2000-02-23T00:00:00+00:00,19100.650000000005,19259.400000000005,18900.430000000008,18937.610000000008,0
2000-02-24T00:00:00+00:00,18937.610000000008,19026.23000000001,18871.48000000001,19017.99000000001,0
2000-02-25T00:00:00+00:00,19017.99000000001,19100.68000000001,18959.77000000001,18973.17000000001,0
2000-02-29T00:00:00+00:00,18973.17000000001,19094.59000000001,18903.59000000001,18909.83000000001,0
2000-03-01T00:00:00+00:00,18909.83000000001,19127.06000000001,18895.33000000001,19107.83000000001,0
2000-03-02T00:00:00+00:00,19107.83000000001,19243.260000000006,19085.390000000007,19159.420000000006,0
2000-03-03T00:00:00+00:00,19159.420000000006,19264.790000000005,18965.120000000006,19126.940000000006,0
2000-03-07T00:00:00+00:00,19126.940000000006,19245.490000000005,18828.040000000008,18881.810000000005,0
2000-03-08T00:00:00+00:00,18881.810000000005,19023.510000000006,18783.500000000004,19023.510000000006,0
2000-03-09T00:00:00+00:00,19023.510000000006,19023.510000000006,18859.180000000008,18933.940000000006,0
2000-03-10T00:00:00+00:00,18933.940000000006,19067.760000000006,18797.040000000005,18844.550000000007,0
2000-03-14T00:00:00+00:00,18844.550000000007,18873.400000000005,18173.13000000001,18302.980000000007,0
2000-03-15T00:00:00+00:00,18302.980000000007,18498.63000000001,18119.660000000007,18305.250000000007,0
2000-03-16T00:00:00+00:00,18305.250000000007,18305.250000000007,17951.070000000007,18263.790000000005,0
2000-03-17T00:00:00+00:00,18263.790000000005,18481.340000000004,18060.420000000002,18421.390000000003,0
2000-03-22T00:00:00+00:00,19598.53,19602.36,19455.11,19602.36,0
2000-03-23T00:00:00+00:00,19602.36,19724.56,19593.010000000002,19723.72,0
2000-03-24T00:00:00+00:00,19723.72,19736.510000000002,19542.980000000003,19678.81,0
2000-03-28T00:00:00+00:00,19678.81,19998.36,19582.780000000002,19983.7,0
2000-03-29T00:00:00+00:00,19983.7,20098.2,19724.100000000002,20084.36,0
2000-03-30T00:00:00+00:00,20084.36,20486.98,20084.36,20384.45,0
2000-03-31T00:00:00+00:00,20384.45,20487.79,20117.44,20119.5,0
2000-04-04T00:00:00+00:00,20119.5,20518.7,20063.629999999997,20518.7,0
2000-04-05T00:00:00+00:00,20518.7,20518.7,20307.210000000003,20365.81,0
2000-04-06T00:00:00+00:00,20365.81,20473.840000000004,20131.000000000004,20281.980000000003,0
2000-04-07T00:00:00+00:00,20281.980000000003,20362.720000000005,19977.370000000003,20029.360000000004,0
2000-04-11T00:00:00+00:00,20029.360000000004,20300.660000000003,20029.360000000004,20279.610000000004,0
2000-04-12T00:00:00+00:00,20279.610000000004,20392.08,20252.15,20257.730000000003,0
2000-04-13T00:00:00+00:00,20257.730000000003,20614.980000000003,20218.510000000006,20614.980000000003,0
2000-04-14T00:00:00+00:00,20614.980000000003,20614.980000000003,20263.74,20405,0
2000-04-18T00:00:00+00:00,20405,20405,18667.37,19072.14,0
2000-04-19T00:00:00+00:00,19072.14,19313.54,18530.52,18952.66,0
2000-04-20T00:00:00+00:00,18952.66,19147.23,18749.079999999998,19041.219999999998,0
2000-04-21T00:00:00+00:00,19041.219999999998,19382.129999999997,18959.01,18959.01,0
2000-04-25T00:00:00+00:00,18959.01,19698.87,18959.01,19191.68,0
2000-04-26T00:00:00+00:00,19191.68,19388.68,18935.210000000003,19030.710000000003,0
2000-04-27T00:00:00+00:00,19030.710000000003,19142.99,18652.170000000002,18838.120000000003,0
2000-04-28T00:00:00+00:00,18838.120000000003,18960.86,18727.83,18734.59,0
2000-05-02T00:00:00+00:00,18734.59,19158.420000000002,18734.59,19158.420000000002,0
2000-05-03T00:00:00+00:00,19158.420000000002,19247.06,19089.82,19100.260000000002,0
2000-05-09T00:00:00+00:00,18465.71,18475.45,18189.8,18199.96,0
2000-05-10T00:00:00+00:00,18199.96,18199.96,17851.63,17892.13,0
2000-05-11T00:00:00+00:00,17892.13,17896.36,17486.510000000002,17794.390000000003,0
2000-05-12T00:00:00+00:00,17794.390000000003,17794.390000000003,16968.16,17071.2,0
2000-05-16T00:00:00+00:00,17071.2,17071.2,16867.46,16988.44,0
2000-05-17T00:00:00+00:00,16988.44,17204.109999999997,16929.12,17196.85,0
2000-05-18T00:00:00+00:00,17196.85,17299.429999999997,16956.92,17012.069999999996,0
2000-05-19T00:00:00+00:00,17012.069999999996,17012.069999999996,16618.799999999996,16678.609999999997,0
2000-05-23T00:00:00+00:00,16678.609999999997,16678.609999999997,16050.349999999997,16261.959999999995,0
2000-05-24T00:00:00+00:00,16261.959999999995,16410.399999999994,16086.629999999996,16235.429999999995,0
2000-05-25T00:00:00+00:00,16235.429999999995,16258.879999999996,15873.889999999996,16041.989999999996,0
2000-05-26T00:00:00+00:00,16041.989999999996,16325.689999999995,16041.989999999996,16199.449999999995,0
2000-05-30T00:00:00+00:00,16199.449999999995,16416.129999999997,16199.449999999995,16416.129999999997,0
2000-05-31T00:00:00+00:00,16416.129999999997,16625.71,16350.21,16369.069999999998,0
2000-06-01T00:00:00+00:00,16369.069999999998,16633.6,16318.989999999998,16427.379999999997,0
2000-06-02T00:00:00+00:00,16427.379999999997,16801.6,16427.379999999997,16801.6,0
2000-06-06T00:00:00+00:00,16801.6,17221.429999999997,16801.6,17161.35,0
2000-06-07T00:00:00+00:00,17161.35,17205.11,17062.879999999997,17168.04,0
2000-06-08T00:00:00+00:00,17168.04,17240.88,17053.15,17178.86,0
2000-06-09T00:00:00+00:00,17178.86,17252.24,16980.71,17005.75,0
2000-06-13T00:00:00+00:00,17005.75,17147.71,16920.94,17109.68,0
2000-06-14T00:00:00+00:00,17109.68,17109.68,16927.61,17073.7,0
2000-06-15T00:00:00+00:00,17073.7,17073.7,16631.47,16807.91,0
2000-06-16T00:00:00+00:00,16807.91,16807.91,16507.629999999997,16511.37,0
2000-06-20T00:00:00+00:00,16511.37,16756.8,16489.219999999998,16720.609999999997,0
2000-06-21T00:00:00+00:00,16720.609999999997,16982.169999999995,16720.609999999997,16982.169999999995,0
2000-06-22T00:00:00+00:00,16982.169999999995,17272.299999999996,16914.129999999994,17269.999999999996,0
2000-06-23T00:00:00+00:00,17269.999999999996,17405.409999999996,17133.589999999997,17147.159999999996,0
2000-06-27T00:00:00+00:00,17147.159999999996,17194.959999999995,16981.479999999996,17145.289999999997,0
2000-06-28T00:00:00+00:00,17145.289999999997,17461.28,17145.289999999997,17454.87,0
2000-06-29T00:00:00+00:00,17454.87,17586.629999999997,17395.6,17535.729999999996,0
2000-06-30T00:00:00+00:00,17535.729999999996,17598.699999999997,17470.389999999996,17563.28,0
2000-07-04T00:00:00+00:00,17563.28,17748.299999999996,17563.28,17726.289999999997,0
2000-07-05T00:00:00+00:00,17726.289999999997,17731.829999999998,17504.789999999997,17540.87,0
2000-07-06T00:00:00+00:00,17540.87,17643.39,17431.81,17503.06,0
2000-07-07T00:00:00+00:00,17503.06,17503.06,17254.930000000004,17382.72,0
2000-07-11T00:00:00+00:00,17382.72,17555.82,17382.72,17533.84,0
2000-07-12T00:00:00+00:00,17533.84,17540.03,17402.920000000002,17470.7,0
2000-07-13T00:00:00+00:00,17470.7,17493.64,17161.84,17293.79,0
2000-07-14T00:00:00+00:00,17293.79,17293.79,16955.100000000002,16982.350000000002,0
2000-07-18T00:00:00+00:00,16982.350000000002,17270.230000000003,16943.54,17080.200000000004,0
2000-07-19T00:00:00+00:00,17080.200000000004,17168.710000000003,16653.140000000003,16764.190000000002,0
2000-07-20T00:00:00+00:00,16764.190000000002,16874.320000000003,16561.86,16842.420000000002,0
2000-07-25T00:00:00+00:00,16767.2,16767.2,16370.5,16547.12,0
2000-07-26T00:00:00+00:00,16547.12,16614.559999999998,16382.489999999998,16614.559999999998,0
2000-07-27T00:00:00+00:00,16614.559999999998,16624.699999999997,16461.21,16563.6,0
2000-07-28T00:00:00+00:00,16563.6,16563.6,16133.239999999998,16287.909999999998,0
2000-08-01T00:00:00+00:00,16287.909999999998,16321.259999999998,15861.309999999998,16194.089999999998,0
2000-08-02T00:00:00+00:00,16194.089999999998,16509.159999999996,16183.209999999997,16509.159999999996,0
2000-08-03T00:00:00+00:00,16509.159999999996,16601.909999999996,16445.019999999997,16596.549999999996,0
2000-08-04T00:00:00+00:00,16596.549999999996,16596.549999999996,16136.809999999996,16225.269999999997,0
2000-08-08T00:00:00+00:00,16225.269999999997,16597.859999999997,16225.269999999997,16561.17,0
2000-08-09T00:00:00+00:00,16561.17,16589.559999999998,16271.579999999998,16336.47,0
2000-08-10T00:00:00+00:00,16336.47,16497.65,16241.91,16497.65,0
2000-08-11T00:00:00+00:00,16497.65,16500.39,16393.38,16422.43,0
2000-08-15T00:00:00+00:00,16422.43,16539.83,16367.55,16466.39,0
2000-08-16T00:00:00+00:00,16466.39,16594.39,16416.37,16583.18,0
2000-08-17T00:00:00+00:00,16583.18,16691.82,16532.63,16638.72,0
2000-08-18T00:00:00+00:00,16638.72,16638.72,16362.320000000002,16443.61,0
2000-08-22T00:00:00+00:00,16443.61,16451.010000000002,16139.59,16233.85,0
2000-08-23T00:00:00+00:00,16233.85,16613.07,16143.53,16613.07,0
2000-08-24T00:00:00+00:00,16613.07,16711.399999999998,16518.019999999997,16603.25,0
2000-08-25T00:00:00+00:00,16603.25,16947.91,16603.25,16840.71,0
2000-08-29T00:00:00+00:00,16840.71,17154.32,16785.67,17126.28,0
2000-08-30T00:00:00+00:00,17126.28,17171.17,16964.379999999997,17102.12,0
2000-08-31T00:00:00+00:00,17102.12,17102.12,16866.12,16872.429999999997,0
2000-09-01T00:00:00+00:00,16872.429999999997,17010.94,16723.89,16815.659999999996,0
2000-09-05T00:00:00+00:00,16815.659999999996,16934.639999999996,16712.809999999994,16739.539999999994,0
2000-09-06T00:00:00+00:00,16739.539999999994,16774.079999999994,16463.02999999999,16514.019999999993,0
2000-09-07T00:00:00+00:00,16514.019999999993,16611.979999999996,16445.119999999995,16480.039999999994,0
2000-09-08T00:00:00+00:00,16480.039999999994,16482.749999999993,16328.829999999994,16386.109999999993,0
2000-09-12T00:00:00+00:00,16386.109999999993,16395.949999999993,16007.419999999995,16049.319999999994,0
2000-09-13T00:00:00+00:00,16049.319999999994,16070.539999999995,15822.669999999995,15977.579999999994,0
2000-09-14T00:00:00+00:00,15977.579999999994,16203.409999999994,15977.579999999994,16087.529999999995,0
2000-09-15T00:00:00+00:00,16087.529999999995,16190.239999999996,16023.309999999996,16092.479999999996,0
2000-09-19T00:00:00+00:00,16092.479999999996,16092.479999999996,15883.269999999995,15978.719999999996,0
2000-09-20T00:00:00+00:00,15978.719999999996,16089.579999999996,15740.109999999995,16089.579999999996,0
2000-09-21T00:00:00+00:00,16089.579999999996,16466.809999999998,16089.579999999996,16401.85,0
2000-09-22T00:00:00+00:00,16401.85,16439.85,16270.149999999998,16290.409999999996,0
2000-09-26T00:00:00+00:00,16290.409999999996,16584.039999999997,16290.409999999996,16432.749999999996,0
2000-09-27T00:00:00+00:00,16432.749999999996,16477.959999999995,16345.259999999997,16368.509999999997,0
2000-09-28T00:00:00+00:00,16368.509999999997,16368.509999999997,16083.199999999995,16101.269999999997,0
2000-09-29T00:00:00+00:00,16101.269999999997,16346.779999999997,16084.299999999997,16085.389999999996,0
2000-10-03T00:00:00+00:00,16085.389999999996,16252.189999999997,15863.719999999998,16252.189999999997,0
2000-10-04T00:00:00+00:00,16252.189999999997,16303.389999999998,16126.479999999998,16259.029999999997,0
2000-10-05T00:00:00+00:00,16259.029999999997,16506.519999999997,16161.509999999997,16501.929999999997,0
2000-10-06T00:00:00+00:00,16501.929999999997,16537.509999999995,16396.85,16443.989999999998,0
2000-10-11T00:00:00+00:00,15958.12,15958.12,15792.36,15827.72,0
2000-10-12T00:00:00+00:00,15827.72,15827.72,15457.279999999999,15546.14,0
2000-10-13T00:00:00+00:00,15546.14,15634.66,15447.08,15604.98,0
2000-10-17T00:00:00+00:00,15604.98,15926.34,15604.98,15750.49,0
2000-10-18T00:00:00+00:00,15750.49,15768.56,15563.72,15563.72,0
2000-10-19T00:00:00+00:00,15563.72,15563.72,15072.339999999998,15111.849999999999,0
2000-10-20T00:00:00+00:00,15111.849999999999,15237.869999999997,14918.619999999997,15021.819999999998,0
2000-10-24T00:00:00+00:00,15021.819999999998,15048.699999999997,14859.129999999997,14921.849999999997,0
2000-10-25T00:00:00+00:00,14921.849999999997,15051.229999999996,14888.369999999997,14969.959999999997,0
2000-10-26T00:00:00+00:00,14969.959999999997,14969.959999999997,14701.969999999998,14701.969999999998,0
2000-10-27T00:00:00+00:00,14701.969999999998,14773.019999999999,14491.789999999999,14773.019999999999,0
2000-10-31T00:00:00+00:00,14773.019999999999,14881.659999999998,14591.219999999998,14630.559999999998,0
2000-11-01T00:00:00+00:00,14630.559999999998,14720.629999999997,14487.739999999998,14694.179999999998,0
2000-11-02T00:00:00+00:00,14694.179999999998,15024.759999999998,14694.179999999998,15009.119999999997,0
2000-11-03T00:00:00+00:00,15009.119999999997,15113.449999999997,14919.719999999996,14989.539999999997,0
2000-11-07T00:00:00+00:00,14989.539999999997,15456.689999999997,14972.609999999997,15456.689999999997,0
2000-11-08T00:00:00+00:00,15456.689999999997,15521.899999999996,15359.529999999997,15440.079999999996,0
2000-11-09T00:00:00+00:00,15440.079999999996,15786.309999999996,15403.029999999997,15583.559999999996,0
2000-11-10T00:00:00+00:00,15583.559999999996,15583.559999999996,15311.309999999996,15373.449999999995,0
2000-11-14T00:00:00+00:00,15373.449999999995,15373.449999999995,15009.899999999996,15213.379999999996,0
2000-11-15T00:00:00+00:00,15213.379999999996,15217.859999999995,15082.569999999994,15192.879999999996,0
2000-11-16T00:00:00+00:00,15192.879999999996,15338.819999999996,15149.749999999996,15179.629999999996,0
2000-11-17T00:00:00+00:00,15179.629999999996,15184.869999999995,14879.049999999996,14914.419999999996,0
2000-11-21T00:00:00+00:00,14914.419999999996,14981.759999999997,14854.659999999996,14935.679999999997,0
2000-11-22T00:00:00+00:00,14935.679999999997,14937.139999999998,14733.579999999998,14931.009999999997,0
2000-11-23T00:00:00+00:00,14931.009999999997,14974.969999999996,14683.609999999995,14812.279999999995,0
2000-11-28T00:00:00+00:00,14422.25,14746.88,14412.43,14720.39,0
2000-11-29T00:00:00+00:00,14720.39,14843.92,14628.78,14714.380000000001,0
2000-11-30T00:00:00+00:00,14714.380000000001,14714.380000000001,14546.58,14615.66,0
2000-12-01T00:00:00+00:00,14615.66,14849.42,14551.08,14814.43,0
2000-12-05T00:00:00+00:00,14814.43,14958.95,14790.85,14846.49,0
2000-12-06T00:00:00+00:00,14846.49,14846.49,14472.57,14472.57,0
2000-12-07T00:00:00+00:00,14472.57,14739.259999999998,14472.57,14518.99,0
2000-12-08T00:00:00+00:00,14518.99,14527.789999999999,14413.73,14413.73,0
2000-12-12T00:00:00+00:00,14413.73,14689.14,14413.73,14653.5,0
2000-12-13T00:00:00+00:00,14653.5,14827.099999999999,14627.91,14670.849999999999,0
2000-12-14T00:00:00+00:00,14670.849999999999,14857.999999999998,14574.449999999999,14753.279999999999,0
2000-12-15T00:00:00+00:00,14753.279999999999,14773.97,14539.63,14583.47,0
2000-12-19T00:00:00+00:00,14583.47,14687.329999999998,14505.72,14605.019999999999,0
2000-12-20T00:00:00+00:00,14605.019999999999,14605.019999999999,14275.75,14275.75,0
2000-12-21T00:00:00+00:00,14275.75,14305.769999999999,14025.109999999999,14137.56,0
2000-12-22T00:00:00+00:00,14137.56,14150.239999999998,13552.039999999999,13792.739999999998,0
2000-12-26T00:00:00+00:00,13792.739999999998,14126.779999999999,13792.739999999998,14126.779999999999,0
2000-12-27T00:00:00+00:00,14126.779999999999,14267.989999999998,14042.689999999999,14256.109999999999,0
2000-12-28T00:00:00+00:00,14256.109999999999,14302.339999999998,14118.589999999998,14302.339999999998,0
2000-12-29T00:00:00+00:00,14302.339999999998,14325.659999999998,14201.569999999998,14282.349999999997,0
2001-01-05T00:00:00+00:00,13898.09,13990.57,13667.68,13691.49,0
2001-01-10T00:00:00+00:00,13732.85,13732.85,13460.82,13610.51,0
2001-01-11T00:00:00+00:00,13610.51,13610.51,13366.5,13450,0
2001-01-12T00:00:00+00:00,13450,13453.52,13140.72,13217.98,0
2001-01-16T00:00:00+00:00,13217.98,13341.249999999998,13209.22,13273.929999999998,0
2001-01-17T00:00:00+00:00,13273.929999999998,13310.4,13154.289999999999,13296.65,0
2001-01-18T00:00:00+00:00,13296.65,13391.72,13179.369999999999,13370.449999999999,0
2001-01-19T00:00:00+00:00,13370.449999999999,13567.569999999998,13358.869999999997,13509.579999999998,0
2001-01-23T00:00:00+00:00,13509.579999999998,13538.909999999998,13340.539999999999,13531.929999999998,0
2001-01-24T00:00:00+00:00,13531.929999999998,13625.519999999999,13478.39,13549.949999999999,0
2001-01-25T00:00:00+00:00,13549.949999999999,13563.449999999999,13387.169999999998,13422.919999999998,0
2001-01-26T00:00:00+00:00,13422.919999999998,13422.919999999998,13273.259999999998,13346.469999999998,0
2001-01-30T00:00:00+00:00,13346.469999999998,13530.609999999997,13344.069999999998,13467.489999999998,0
2001-01-31T00:00:00+00:00,13467.489999999998,13492.929999999997,13295.769999999997,13408.869999999997,0
2001-02-01T00:00:00+00:00,13408.869999999997,13408.869999999997,13279.639999999998,13396.679999999997,0
2001-02-02T00:00:00+00:00,13396.679999999997,13435.309999999996,13323.689999999997,13435.309999999996,0
2001-02-06T00:00:00+00:00,13435.309999999996,13435.309999999996,13214.579999999996,13232.189999999997,0
2001-02-07T00:00:00+00:00,13232.189999999997,13295.379999999997,13156.309999999998,13185.789999999997,0
2001-02-08T00:00:00+00:00,13185.789999999997,13285.639999999998,13180.469999999998,13277.869999999997,0
2001-02-09T00:00:00+00:00,13277.869999999997,13277.869999999997,12908.359999999997,13079.759999999997,0
2001-02-14T00:00:00+00:00,13431.72,13461.11,13247.95,13274.7,0
2001-02-15T00:00:00+00:00,13274.7,13500.95,13214.77,13379.49,0
2001-02-16T00:00:00+00:00,13379.49,13522.13,13379.25,13432.97,0
2001-02-20T00:00:00+00:00,13432.97,13509.869999999999,13323.509999999998,13492.359999999999,0
2001-02-21T00:00:00+00:00,13492.359999999999,13648.359999999999,13473.239999999998,13648.359999999999,0
2001-02-22T00:00:00+00:00,13648.359999999999,13652.089999999998,13551.409999999998,13566.939999999999,0
2001-02-23T00:00:00+00:00,13566.939999999999,13650.56,13386.55,13598.58,0
2001-02-27T00:00:00+00:00,13598.58,13659.15,13514.279999999999,13544.429999999998,0
2001-02-28T00:00:00+00:00,13544.429999999998,13573.789999999997,13352.899999999998,13371.429999999998,0
2001-03-01T00:00:00+00:00,13371.429999999998,13424.239999999998,13168.099999999999,13267.47,0
2001-03-02T00:00:00+00:00,13267.47,13300.3,12984.449999999999,13137.609999999999,0
2001-03-06T00:00:00+00:00,13137.609999999999,13241.24,12986.05,13174.31,0
2001-03-07T00:00:00+00:00,13174.31,13459.16,13122.56,13459.16,0
2001-03-08T00:00:00+00:00,13459.16,13534.79,13250.35,13434.49,0
2001-03-09T00:00:00+00:00,13434.49,13497.24,13324.37,13390.83,0
2001-03-13T00:00:00+00:00,13390.83,13390.83,13052.53,13052.53,0
2001-03-14T00:00:00+00:00,13052.53,13052.53,12718.08,12827.45,0
2001-03-15T00:00:00+00:00,12827.45,12919.22,12708.11,12758.43,0
2001-03-16T00:00:00+00:00,12758.43,13225.62,12506.67,13225.62,0
2001-03-20T00:00:00+00:00,13225.62,13586.320000000002,13185.310000000001,13232.61,0
2001-03-22T00:00:00+00:00,12184.32,13103.94,12100.97,13103.94,0
2001-03-23T00:00:00+00:00,13103.94,13358.74,12975.38,12975.38,0
2001-03-27T00:00:00+00:00,12975.38,13527.97,12962.64,13527.97,0
2001-03-28T00:00:00+00:00,13527.97,13590.539999999999,13297.6,13399.4,0
2001-03-29T00:00:00+00:00,13399.4,13540.5,13240.63,13438.43,0
2001-03-30T00:00:00+00:00,13438.43,13438.43,12890.720000000001,12890.720000000001,0
2001-04-03T00:00:00+00:00,12890.720000000001,12922.54,12614.410000000002,12770.930000000002,0
2001-04-04T00:00:00+00:00,12770.930000000002,13158.220000000001,12770.930000000002,12924.730000000001,0
2001-04-05T00:00:00+00:00,12924.730000000001,13124.330000000002,12756.310000000001,13124.330000000002,0
2001-04-06T00:00:00+00:00,13124.330000000002,13335.59,13103.29,13161.51,0
2001-04-10T00:00:00+00:00,13161.51,13161.51,12698.91,12698.91,0
2001-04-11T00:00:00+00:00,12698.91,12744.87,12430.58,12471.29,0
2001-04-12T00:00:00+00:00,12471.29,12895.300000000001,12411.12,12861.580000000002,0
2001-04-13T00:00:00+00:00,12861.580000000002,13109.120000000003,12782.730000000001,13008.960000000003,0
2001-04-17T00:00:00+00:00,13008.960000000003,13121.060000000003,12887.680000000002,12924.930000000002,0
2001-04-18T00:00:00+00:00,12924.930000000002,12949.210000000003,12765.200000000003,12812.690000000002,0
2001-04-19T00:00:00+00:00,12812.690000000002,13348.460000000003,12812.690000000002,13284.390000000003,0
2001-04-20T00:00:00+00:00,13284.390000000003,13594.410000000003,13284.390000000003,13363.200000000004,0
2001-04-24T00:00:00+00:00,13363.200000000004,13577.980000000003,13165.120000000004,13241.610000000004,0
2001-04-25T00:00:00+00:00,13241.610000000004,13376.460000000005,13016.780000000004,13356.690000000004,0
2001-04-26T00:00:00+00:00,13356.690000000004,13478.070000000003,13326.980000000003,13384.900000000003,0
2001-04-27T00:00:00+00:00,13384.900000000003,13500.520000000002,13373.600000000002,13389.000000000004,0
2001-05-02T00:00:00+00:00,14096.32,14425.46,14096.32,14425.46,0
2001-05-03T00:00:00+00:00,14425.46,14428.91,14280.61,14405.71,0
2001-05-08T00:00:00+00:00,14384.14,14556.11,14184.85,14529.41,0
2001-05-09T00:00:00+00:00,14529.41,14529.41,14336.61,14398.289999999999,0
2001-05-10T00:00:00+00:00,14398.289999999999,14398.289999999999,14120.8,14247.84,0
2001-05-11T00:00:00+00:00,14247.84,14409.43,14228.04,14230.130000000001,0
2001-05-15T00:00:00+00:00,14230.130000000001,14230.130000000001,14017.04,14061.36,0
2001-05-16T00:00:00+00:00,14061.36,14335.12,14038.11,14286.090000000002,0
2001-05-17T00:00:00+00:00,14286.090000000002,14286.090000000002,13929.730000000003,13929.730000000003,0
2001-05-18T00:00:00+00:00,13929.730000000003,14059.360000000004,13809.490000000003,13994.910000000003,0
2001-05-22T00:00:00+00:00,13994.910000000003,14270.340000000002,13994.910000000003,14232.960000000003,0
2001-05-23T00:00:00+00:00,14232.960000000003,14306.680000000002,14052.450000000003,14052.450000000003,0
2001-05-24T00:00:00+00:00,14052.450000000003,14245.350000000002,14030.580000000002,14107.960000000003,0
2001-05-25T00:00:00+00:00,14107.960000000003,14135.080000000004,13995.100000000002,14089.430000000004,0
2001-05-29T00:00:00+00:00,14089.430000000004,14177.750000000004,14059.160000000003,14095.100000000004,0
2001-05-30T00:00:00+00:00,14095.100000000004,14233.890000000003,14095.100000000004,14171.380000000003,0
2001-05-31T00:00:00+00:00,14171.380000000003,14171.380000000003,13959.340000000002,13983.960000000003,0
2001-06-01T00:00:00+00:00,13983.960000000003,14009.150000000003,13805.780000000002,13851.350000000002,0
2001-06-05T00:00:00+00:00,13851.350000000002,13869.490000000003,13770.790000000003,13869.490000000003,0
2001-06-06T00:00:00+00:00,13869.490000000003,13893.370000000003,13621.040000000003,13818.970000000003,0
2001-06-07T00:00:00+00:00,13818.970000000003,13842.520000000002,13657.000000000004,13704.220000000003,0
2001-06-08T00:00:00+00:00,13704.220000000003,13882.140000000003,13631.810000000003,13859.150000000003,0
2001-06-12T00:00:00+00:00,13859.150000000003,13893.440000000002,13671.040000000003,13672.530000000002,0
2001-06-13T00:00:00+00:00,13672.530000000002,13725.080000000004,13400.990000000003,13400.990000000003,0
2001-06-14T00:00:00+00:00,13400.990000000003,13487.600000000004,13320.900000000003,13340.930000000004,0
2001-06-15T00:00:00+00:00,13340.930000000004,13449.820000000003,13318.780000000004,13361.410000000003,0
2001-06-19T00:00:00+00:00,13361.410000000003,13382.260000000004,13251.610000000004,13292.820000000005,0
2001-06-20T00:00:00+00:00,13292.820000000005,13471.610000000006,13070.350000000006,13132.950000000006,0
2001-06-21T00:00:00+00:00,13132.950000000006,13319.690000000006,13069.730000000005,13232.240000000005,0
2001-06-22T00:00:00+00:00,13232.240000000005,13460.940000000004,13183.030000000004,13417.910000000005,0
2001-06-26T00:00:00+00:00,13417.910000000005,13438.440000000006,13188.400000000007,13261.420000000006,0
2001-06-27T00:00:00+00:00,13261.420000000006,13432.070000000005,13243.070000000005,13384.090000000006,0
2001-06-28T00:00:00+00:00,13384.090000000006,13435.420000000006,13276.550000000005,13276.550000000005,0
2001-06-29T00:00:00+00:00,13276.550000000005,13299.460000000005,12990.160000000005,13102.780000000004,0
2001-07-03T00:00:00+00:00,13102.780000000004,13102.780000000004,12802.630000000005,12924.300000000005,0
2001-07-04T00:00:00+00:00,12924.300000000005,12990.950000000004,12815.850000000004,12886.210000000005,0
2001-07-05T00:00:00+00:00,12886.210000000005,12886.210000000005,12669.740000000005,12713.770000000006,0
2001-07-06T00:00:00+00:00,12713.770000000006,12827.160000000005,12665.840000000006,12757.630000000005,0
2001-07-10T00:00:00+00:00,12757.630000000005,12806.000000000005,12595.520000000006,12806.000000000005,0
2001-07-11T00:00:00+00:00,12806.000000000005,12940.350000000006,12702.000000000005,12858.470000000005,0
2001-07-12T00:00:00+00:00,12858.470000000005,12858.470000000005,12685.330000000005,12685.330000000005,0
2001-07-13T00:00:00+00:00,12685.330000000005,12960.230000000007,12685.330000000005,12960.230000000007,0
2001-07-17T00:00:00+00:00,12960.230000000007,12960.230000000007,12815.290000000008,12895.210000000008,0
2001-07-18T00:00:00+00:00,12895.210000000008,12904.450000000008,12782.68000000001,12808.310000000009,0
2001-07-19T00:00:00+00:00,12808.310000000009,12822.210000000008,12534.630000000008,12579.480000000009,0
2001-07-20T00:00:00+00:00,12579.480000000009,12661.620000000008,12544.490000000009,12589.760000000007,0
2001-07-24T00:00:00+00:00,12589.760000000007,12589.760000000007,12219.210000000008,12297.160000000007,0
2001-07-25T00:00:00+00:00,12297.160000000007,12571.550000000007,12250.680000000006,12571.550000000007,0
2001-07-26T00:00:00+00:00,12571.550000000007,12802.750000000005,12509.420000000006,12640.060000000007,0
2001-07-27T00:00:00+00:00,12640.060000000007,12688.450000000006,12548.490000000007,12584.280000000006,0
2001-07-31T00:00:00+00:00,12584.280000000006,12606.420000000006,12277.440000000006,12317.550000000007,0
2001-08-01T00:00:00+00:00,12317.550000000007,12538.740000000007,12317.550000000007,12521.670000000007,0
2001-08-02T00:00:00+00:00,12521.670000000007,12573.280000000008,12418.790000000008,12560.360000000008,0
2001-08-03T00:00:00+00:00,12560.360000000008,12895.620000000008,12548.750000000007,12887.450000000008,0
2001-08-07T00:00:00+00:00,12887.450000000008,13044.570000000007,12812.450000000008,12961.240000000007,0
2001-08-08T00:00:00+00:00,12961.240000000007,13195.130000000008,12886.070000000007,13125.980000000007,0
2001-08-09T00:00:00+00:00,13125.980000000007,13154.130000000006,12990.110000000008,13024.410000000007,0
2001-08-10T00:00:00+00:00,13024.410000000007,13030.470000000007,12741.980000000007,12741.980000000007,0
2001-08-14T00:00:00+00:00,12741.980000000007,12741.980000000007,12462.560000000007,12522.420000000006,0
2001-08-15T00:00:00+00:00,12522.420000000006,12872.130000000005,12522.420000000006,12853.330000000005,0
2001-08-16T00:00:00+00:00,12853.330000000005,12865.250000000005,12690.190000000006,12796.730000000005,0
2001-08-17T00:00:00+00:00,12796.730000000005,12796.730000000005,12602.200000000006,12666.450000000006,0
2001-08-21T00:00:00+00:00,12666.450000000006,12677.300000000007,12558.660000000007,12577.150000000007,0
2001-08-22T00:00:00+00:00,12577.150000000007,12630.630000000008,12419.290000000008,12540.400000000007,0
2001-08-23T00:00:00+00:00,12540.400000000007,12824.210000000006,12522.820000000007,12716.580000000007,0
2001-08-24T00:00:00+00:00,12716.580000000007,12716.580000000007,12405.770000000008,12428.510000000007,0
2001-08-28T00:00:00+00:00,12428.510000000007,12520.730000000009,12428.510000000007,12429.560000000009,0
2001-08-29T00:00:00+00:00,12429.560000000009,12441.830000000009,12223.740000000009,12363.280000000008,0
2001-08-30T00:00:00+00:00,12363.280000000008,12418.440000000008,12249.400000000009,12255.890000000009,0
2001-08-31T00:00:00+00:00,12255.890000000009,12306.410000000007,12145.100000000008,12275.800000000008,0
2001-09-04T00:00:00+00:00,12275.800000000008,12305.100000000008,11955.880000000008,11955.880000000008,0
2001-09-05T00:00:00+00:00,11955.880000000008,12314.76000000001,11868.00000000001,12314.76000000001,0
2001-09-06T00:00:00+00:00,12314.76000000001,12314.76000000001,12088.210000000008,12234.02000000001,0
2001-09-07T00:00:00+00:00,12234.02000000001,12471.650000000009,12168.44000000001,12309.09000000001,0
2001-09-11T00:00:00+00:00,12309.09000000001,12371.080000000009,12109.68000000001,12109.68000000001,0
2001-09-12T00:00:00+00:00,12109.68000000001,12209.71000000001,12072.16000000001,12158.08000000001,0
2001-09-13T00:00:00+00:00,12158.08000000001,12158.08000000001,11618.500000000011,11627.760000000011,0
2001-09-14T00:00:00+00:00,11627.760000000011,11646.46000000001,11440.700000000012,11576.920000000011,0
2001-09-18T00:00:00+00:00,11576.920000000011,11576.920000000011,11143.620000000012,11200.270000000011,0
2001-09-19T00:00:00+00:00,11200.270000000011,11522.090000000011,11200.270000000011,11256.170000000011,0
2001-09-20T00:00:00+00:00,11256.170000000011,11634.750000000011,11255.440000000011,11513.250000000011,0
2001-09-21T00:00:00+00:00,11513.250000000011,11518.24000000001,11364.200000000012,11461.24000000001,0
2001-09-26T00:00:00+00:00,9637.6,9867.86,9593.07,9693.97,0
2001-09-27T00:00:00+00:00,9693.97,9703.58,9558.189999999999,9648.16,0
2001-09-28T00:00:00+00:00,9648.16,9774.39,9632.9,9743.62,0
2001-10-02T00:00:00+00:00,9743.62,9949.150000000001,9580.960000000001,9949.150000000001,0
2001-10-03T00:00:00+00:00,9949.150000000001,10147.900000000001,9883.280000000002,10147.900000000001,0
2001-10-04T00:00:00+00:00,10147.900000000001,10174.990000000002,9877.400000000001,9877.400000000001,0
2001-10-05T00:00:00+00:00,9877.400000000001,10054.68,9877.400000000001,10044.27,0
2001-10-10T00:00:00+00:00,10143.39,10143.39,10011.77,10011.77,0
2001-10-11T00:00:00+00:00,10011.77,10046.56,9950.34,9981.22,0
2001-10-12T00:00:00+00:00,9981.22,10253.72,9958.789999999999,10253.72,0
2001-10-16T00:00:00+00:00,10253.72,10253.72,10156.46,10161.01,0
2001-10-17T00:00:00+00:00,10161.01,10421.17,10139.36,10364.93,0
2001-10-18T00:00:00+00:00,10364.93,10482.960000000001,10256.45,10448.380000000001,0
2001-10-19T00:00:00+00:00,10448.380000000001,10462.54,10268.7,10268.7,0
2001-10-23T00:00:00+00:00,10268.7,10321.010000000002,10256.060000000001,10304.880000000001,0
2001-10-24T00:00:00+00:00,10304.880000000001,10481.09,10269.12,10481.09,0
2001-10-25T00:00:00+00:00,10481.09,10630.32,10441.039999999999,10471.56,0
2001-10-26T00:00:00+00:00,10471.56,10676.47,10463.06,10504.56,0
2001-10-30T00:00:00+00:00,10504.56,10523.449999999999,10337.679999999998,10337.679999999998,0
2001-10-31T00:00:00+00:00,10337.679999999998,10353.65,10231.3,10327.679999999998,0
2001-11-01T00:00:00+00:00,10327.679999999998,10362.539999999999,10250.369999999999,10250.369999999999,0
2001-11-02T00:00:00+00:00,10250.369999999999,10318.169999999998,10137.949999999999,10167.06,0
2001-11-06T00:00:00+00:00,10167.06,10187.25,10084.99,10187.25,0
2001-11-07T00:00:00+00:00,10187.25,10302.949999999999,10164.119999999999,10302.949999999999,0
2001-11-08T00:00:00+00:00,10302.949999999999,10328.089999999998,9980.579999999998,9980.579999999998,0
2001-11-09T00:00:00+00:00,9980.579999999998,10066.88,9905.059999999998,10066.88,0
2001-11-13T00:00:00+00:00,10066.88,10101.99,9922.849999999999,9922.849999999999,0
2001-11-14T00:00:00+00:00,9922.849999999999,9944.939999999999,9842.289999999999,9917.759999999998,0
2001-11-15T00:00:00+00:00,9917.759999999998,10028.759999999998,9874.189999999999,9884.359999999999,0
2001-11-16T00:00:00+00:00,9884.359999999999,10214.869999999999,9867.4,10214.869999999999,0
2001-11-20T00:00:00+00:00,10214.869999999999,10420.73,10190.23,10299.48,0
2001-11-21T00:00:00+00:00,10299.48,10299.48,10075.34,10095.52,0
2001-11-22T00:00:00+00:00,10095.52,10354.41,10055.83,10226.31,0
2001-11-23T00:00:00+00:00,10226.31,10311.21,10138.079999999998,10305.689999999999,0
2001-11-27T00:00:00+00:00,10305.689999999999,10576.489999999998,10305.689999999999,10572.869999999997,0
2001-11-28T00:00:00+00:00,10572.869999999997,10746.769999999997,10508.909999999996,10508.909999999996,0
2001-11-29T00:00:00+00:00,10508.909999999996,10546.979999999996,10271.479999999996,10271.479999999996,0
2001-11-30T00:00:00+00:00,10271.479999999996,10332.759999999995,10176.689999999995,10319.989999999994,0
2001-12-04T00:00:00+00:00,10319.989999999994,10320.379999999996,9995.959999999995,9995.959999999995,0
2001-12-05T00:00:00+00:00,9995.959999999995,10059.489999999994,9907.539999999995,10033.669999999995,0
2001-12-06T00:00:00+00:00,10033.669999999995,10208.919999999995,10007.499999999995,10198.089999999995,0
2001-12-07T00:00:00+00:00,10198.089999999995,10419.739999999994,10181.019999999995,10224.509999999995,0
2001-12-11T00:00:00+00:00,10224.509999999995,10226.779999999993,10059.399999999994,10059.399999999994,0
2001-12-12T00:00:00+00:00,10059.399999999994,10142.459999999994,10003.149999999994,10009.449999999993,0
2001-12-13T00:00:00+00:00,10009.449999999993,10340.509999999993,10009.449999999993,10320.899999999994,0
2001-12-14T00:00:00+00:00,10320.899999999994,10331.099999999993,10032.739999999994,10032.739999999994,0
2001-12-18T00:00:00+00:00,10032.739999999994,10034.719999999994,9853.309999999994,9873.689999999995,0
2001-12-19T00:00:00+00:00,9873.689999999995,10033.599999999995,9782.109999999995,9883.699999999995,0
2001-12-20T00:00:00+00:00,9883.699999999995,9991.099999999995,9837.839999999995,9962.589999999995,0
2001-12-21T00:00:00+00:00,9962.589999999995,9978.769999999995,9823.189999999995,9911.309999999996,0
2001-12-26T00:00:00+00:00,9911.309999999996,9911.309999999996,9730.959999999997,9806.899999999996,0
2001-12-27T00:00:00+00:00,9806.899999999996,9834.479999999996,9704.749999999996,9726.419999999996,0
2001-12-28T00:00:00+00:00,9726.419999999996,9970.709999999997,9689.409999999996,9970.709999999997,0
2002-01-08T00:00:00+00:00,10803.45,10979.92,10803.45,10942.36,0
2002-01-09T00:00:00+00:00,10942.36,10943.650000000001,10762.640000000001,10795.990000000002,0
2002-01-10T00:00:00+00:00,10795.990000000002,10882.340000000002,10773.170000000002,10798.720000000001,0
2002-01-11T00:00:00+00:00,10798.720000000001,10857.03,10640.900000000001,10684.980000000001,0
2002-01-16T00:00:00+00:00,10359.44,10359.44,10208.05,10208.05,0
2002-01-17T00:00:00+00:00,10208.05,10304.92,10132.23,10213.47,0
2002-01-18T00:00:00+00:00,10213.47,10285.97,10102.97,10156.699999999999,0
2002-01-22T00:00:00+00:00,10156.699999999999,10297.829999999998,10074.069999999998,10184.519999999999,0
2002-01-23T00:00:00+00:00,10184.519999999999,10239.299999999997,10009.979999999998,10009.979999999998,0
2002-01-24T00:00:00+00:00,10009.979999999998,10100.879999999997,9986.969999999998,9986.969999999998,0
2002-01-25T00:00:00+00:00,9986.969999999998,10138.109999999997,9910.519999999997,9971.769999999997,0
2002-01-29T00:00:00+00:00,9971.769999999997,10085.229999999996,9937.679999999997,10002.339999999997,0
2002-01-30T00:00:00+00:00,10002.339999999997,10002.339999999997,9836.619999999997,9836.619999999997,0
2002-01-31T00:00:00+00:00,9836.619999999997,9853.219999999998,9758.009999999998,9834.369999999997,0
2002-02-01T00:00:00+00:00,9834.369999999997,9884.169999999996,9768.859999999997,9869.819999999996,0
2002-02-05T00:00:00+00:00,9869.819999999996,9869.819999999996,9684.989999999996,9692.929999999997,0
2002-02-06T00:00:00+00:00,9692.929999999997,9799.689999999997,9589.219999999996,9591.359999999997,0
2002-02-07T00:00:00+00:00,9591.359999999997,9699.259999999997,9517.589999999997,9517.589999999997,0
2002-02-08T00:00:00+00:00,9517.589999999997,9671.289999999997,9495.199999999997,9619.769999999997,0
2002-02-13T00:00:00+00:00,9816.96,9949.73,9816.96,9877.99,0
2002-02-14T00:00:00+00:00,9877.99,10015.35,9841.85,9944.45,0
2002-02-15T00:00:00+00:00,9944.45,10165.65,9944.45,10011.36,0
2002-02-19T00:00:00+00:00,10011.36,10109.02,9970.7,10083.060000000001,0
2002-02-20T00:00:00+00:00,10083.060000000001,10098.710000000001,9816.53,9816.53,0
2002-02-21T00:00:00+00:00,9816.53,9934.61,9807.320000000002,9867.5,0
2002-02-22T00:00:00+00:00,9867.5,10249.07,9849.1,10249.07,0
2002-02-26T00:00:00+00:00,10249.07,10300.62,10144.17,10150.81,0
2002-02-27T00:00:00+00:00,10150.81,10204.220000000001,9928.87,9947.98,0
2002-02-28T00:00:00+00:00,9947.98,10252.199999999999,9947.98,10252.199999999999,0
2002-03-01T00:00:00+00:00,10252.199999999999,10415.939999999999,10205.099999999999,10205.099999999999,0
2002-03-05T00:00:00+00:00,10205.099999999999,10712.819999999998,10203.96,10712.819999999998,0
2002-03-06T00:00:00+00:00,10712.819999999998,10786.359999999999,10532.06,10532.06,0
2002-03-07T00:00:00+00:00,10532.06,10804.569999999998,10514.72,10514.72,0
2002-03-08T00:00:00+00:00,10514.72,10731.45,10513.97,10689.43,0
2002-03-12T00:00:00+00:00,10689.43,10781.550000000001,10520.37,10666.81,0
2002-03-13T00:00:00+00:00,10666.81,10715.390000000001,10410.43,10410.43,0
2002-03-14T00:00:00+00:00,10410.43,10636.37,10277.5,10277.5,0
2002-03-15T00:00:00+00:00,10277.5,10374.49,10152.92,10374.49,0
2002-03-19T00:00:00+00:00,10374.49,10418.14,10106.36,10127.06,0
2002-03-20T00:00:00+00:00,10127.06,10322.019999999999,10127.06,10322.019999999999,0
2002-03-21T00:00:00+00:00,10322.019999999999,10322.019999999999,9991.84,10014.83,0
2002-03-26T00:00:00+00:00,11339.06,11378.78,11166.92,11261.09,0
2002-03-27T00:00:00+00:00,11261.09,11571.07,11211.84,11254.76,0
2002-03-28T00:00:00+00:00,11254.76,11424.07,11193.449999999999,11326.74,0
2002-03-29T00:00:00+00:00,11326.74,11361.4,11254.17,11346.29,0
2002-04-02T00:00:00+00:00,11346.29,11388.720000000001,11247.85,11268.920000000002,0
2002-04-03T00:00:00+00:00,11268.920000000002,11343.330000000002,11175.940000000002,11330.580000000002,0
2002-04-04T00:00:00+00:00,11330.580000000002,11703.800000000003,11269.110000000002,11627.570000000002,0
2002-04-05T00:00:00+00:00,11627.570000000002,11734.45,11533.520000000002,11576.520000000002,0
2002-04-09T00:00:00+00:00,11576.520000000002,11685.270000000002,11520.420000000002,11608.130000000001,0
2002-04-10T00:00:00+00:00,11608.130000000001,11633.840000000002,11383.720000000001,11385.130000000001,0
2002-04-11T00:00:00+00:00,11385.130000000001,11589.170000000002,11348.700000000003,11514.580000000002,0
2002-04-12T00:00:00+00:00,11514.580000000002,11543.870000000003,11370.470000000003,11370.470000000003,0
2002-04-16T00:00:00+00:00,11370.470000000003,11495.500000000004,11298.610000000002,11494.100000000002,0
2002-04-17T00:00:00+00:00,11494.100000000002,11679.850000000002,11474.460000000003,11679.850000000002,0
2002-04-18T00:00:00+00:00,11679.850000000002,11801.930000000002,11660.890000000003,11800.810000000001,0
2002-04-19T00:00:00+00:00,11800.810000000001,11937.01,11786.12,11876.76,0
2002-04-23T00:00:00+00:00,11876.76,12086.73,11876.76,12043.32,0
2002-04-24T00:00:00+00:00,12043.32,12223.13,11986.849999999999,12146.97,0
2002-04-25T00:00:00+00:00,12146.97,12205.9,12061.359999999999,12070.529999999999,0
2002-04-26T00:00:00+00:00,12070.529999999999,12086.81,11961.869999999999,12027.519999999999,0
2002-05-01T00:00:00+00:00,11532.57,11548.78,11440.66,11492.54,0
2002-05-02T00:00:00+00:00,11492.54,11543.94,11480.740000000002,11505.240000000002,0
2002-05-03T00:00:00+00:00,11505.240000000002,11505.240000000002,11414.12,11446.560000000001,0
2002-05-08T00:00:00+00:00,11500.13,11508.58,11250.86,11316.04,0
2002-05-09T00:00:00+00:00,11316.04,11540.91,11316.04,11480.25,0
2002-05-10T00:00:00+00:00,11480.25,11573.970000000001,11466.970000000001,11479.75,0
2002-05-14T00:00:00+00:00,11479.75,11479.75,11315.3,11342.77,0
2002-05-15T00:00:00+00:00,11342.77,11398.83,11227.98,11247.36,0
2002-05-16T00:00:00+00:00,11247.36,11455.210000000001,11247.36,11404.27,0
2002-05-17T00:00:00+00:00,11404.27,11480.2,11311.970000000001,11471.54,0
2002-05-21T00:00:00+00:00,11471.54,11526.650000000001,11419.960000000001,11440.280000000002,0
2002-05-22T00:00:00+00:00,11440.280000000002,11461.270000000002,11401.750000000002,11437.700000000003,0
2002-05-23T00:00:00+00:00,11437.700000000003,11633.360000000002,11437.130000000003,11632.110000000002,0
2002-05-24T00:00:00+00:00,11632.110000000002,11650.690000000002,11567.700000000003,11610.680000000002,0
2002-05-28T00:00:00+00:00,11610.680000000002,11716.780000000002,11588.030000000002,11611.700000000003,0
2002-05-29T00:00:00+00:00,11611.700000000003,11620.010000000004,11559.290000000003,11605.810000000003,0
2002-05-30T00:00:00+00:00,11605.810000000003,11656.270000000002,11565.130000000003,11621.540000000003,0
2002-05-31T00:00:00+00:00,11621.540000000003,11629.670000000004,11497.660000000003,11587.110000000004,0
2002-06-04T00:00:00+00:00,11587.110000000004,11688.230000000003,11579.520000000004,11684.460000000003,0
2002-06-05T00:00:00+00:00,11684.460000000003,11704.250000000002,11454.340000000002,11483.020000000002,0
2002-06-06T00:00:00+00:00,11483.020000000002,11548.600000000002,11433.320000000003,11443.070000000003,0
2002-06-07T00:00:00+00:00,11443.070000000003,11486.830000000004,11283.260000000004,11317.880000000005,0
2002-06-11T00:00:00+00:00,11317.880000000005,11369.000000000005,11217.170000000004,11217.170000000004,0
2002-06-12T00:00:00+00:00,11217.170000000004,11341.290000000005,11217.170000000004,11276.200000000004,0
2002-06-13T00:00:00+00:00,11276.200000000004,11289.170000000006,11145.810000000005,11210.940000000004,0
2002-06-14T00:00:00+00:00,11210.940000000004,11241.160000000005,10977.470000000005,10989.720000000005,0
2002-06-18T00:00:00+00:00,10989.720000000005,11019.710000000006,10709.560000000005,10795.780000000006,0
2002-06-19T00:00:00+00:00,10795.780000000006,10880.610000000006,10744.030000000006,10836.280000000006,0
2002-06-20T00:00:00+00:00,10836.280000000006,10850.850000000006,10527.950000000006,10555.430000000006,0
2002-06-21T00:00:00+00:00,10555.430000000006,10717.650000000007,10413.760000000006,10701.190000000006,0
2002-06-25T00:00:00+00:00,10701.190000000006,10936.070000000007,10614.270000000006,10916.520000000006,0
2002-06-26T00:00:00+00:00,10916.520000000006,11033.040000000006,10856.770000000006,10949.220000000007,0
2002-06-27T00:00:00+00:00,10949.220000000007,10949.220000000007,10633.650000000005,10647.490000000005,0
2002-06-28T00:00:00+00:00,10647.490000000005,10801.340000000004,10641.550000000005,10726.970000000005,0
2002-07-02T00:00:00+00:00,10726.970000000005,10749.070000000005,10613.190000000004,10667.410000000005,0
2002-07-03T00:00:00+00:00,10667.410000000005,10773.070000000005,10522.010000000006,10773.070000000005,0
2002-07-04T00:00:00+00:00,10773.070000000005,11114.120000000006,10747.100000000006,11063.730000000005,0
2002-07-05T00:00:00+00:00,11063.730000000005,11102.610000000004,10937.310000000005,10944.200000000004,0
2002-07-09T00:00:00+00:00,10944.200000000004,11025.680000000006,10735.090000000006,10744.190000000006,0
2002-07-10T00:00:00+00:00,10744.190000000006,10868.250000000005,10678.990000000005,10868.250000000005,0
2002-07-11T00:00:00+00:00,10868.250000000005,10978.040000000005,10754.980000000005,10754.980000000005,0
2002-07-12T00:00:00+00:00,10754.980000000005,10754.980000000005,10564.460000000005,10593.130000000005,0
2002-07-16T00:00:00+00:00,10593.130000000005,10593.130000000005,10418.210000000006,10420.070000000005,0
2002-07-17T00:00:00+00:00,10420.070000000005,10609.900000000007,10357.280000000006,10357.280000000006,0
2002-07-18T00:00:00+00:00,10357.280000000006,10428.900000000007,10214.500000000007,10396.910000000007,0
2002-07-19T00:00:00+00:00,10396.910000000007,10543.950000000006,10370.270000000006,10528.220000000007,0
2002-07-23T00:00:00+00:00,10528.220000000007,10747.630000000006,10434.160000000007,10640.930000000008,0
2002-07-24T00:00:00+00:00,10640.930000000008,10806.520000000008,10542.280000000008,10754.100000000008,0
2002-07-25T00:00:00+00:00,10754.100000000008,10762.120000000008,10520.310000000009,10566.940000000008,0
2002-07-26T00:00:00+00:00,10566.940000000008,10653.640000000009,10398.090000000007,10416.870000000008,0
2002-07-30T00:00:00+00:00,10416.870000000008,10615.540000000008,10399.43000000001,10429.410000000009,0
2002-07-31T00:00:00+00:00,10429.410000000009,10642.310000000009,10419.77000000001,10632.040000000008,0
2002-08-01T00:00:00+00:00,10632.040000000008,10632.310000000009,10498.880000000008,10545.230000000009,0
2002-08-02T00:00:00+00:00,10545.230000000009,10545.230000000009,10370.870000000008,10426.150000000009,0
2002-08-06T00:00:00+00:00,10426.150000000009,10564.77000000001,10425.76000000001,10493.77000000001,0
2002-08-07T00:00:00+00:00,10493.77000000001,10494.410000000009,10310.660000000009,10372.27000000001,0
2002-08-08T00:00:00+00:00,10372.27000000001,10610.36000000001,10371.57000000001,10569.43000000001,0
2002-08-09T00:00:00+00:00,10569.43000000001,10665.740000000009,10465.160000000009,10524.300000000008,0
2002-08-13T00:00:00+00:00,10524.300000000008,10524.300000000008,10340.300000000008,10340.300000000008,0
2002-08-14T00:00:00+00:00,10340.300000000008,10464.92000000001,10313.110000000008,10357.580000000009,0
2002-08-15T00:00:00+00:00,10357.580000000009,10397.390000000009,10334.42000000001,10353.960000000008,0
2002-08-16T00:00:00+00:00,10353.960000000008,10465.440000000008,10353.960000000008,10409.330000000007,0
2002-08-20T00:00:00+00:00,10409.330000000007,10409.330000000007,10135.460000000008,10235.050000000008,0
2002-08-21T00:00:00+00:00,10235.050000000008,10281.720000000008,10124.290000000008,10159.310000000009,0
2002-08-22T00:00:00+00:00,10159.310000000009,10325.29000000001,10142.46000000001,10261.21000000001,0
2002-08-23T00:00:00+00:00,10261.21000000001,10462.560000000009,10161.810000000009,10424.69000000001,0
2002-08-27T00:00:00+00:00,10424.69000000001,10775.150000000009,10409.89000000001,10680.59000000001,0
2002-08-28T00:00:00+00:00,10680.59000000001,10746.400000000009,10578.390000000009,10586.450000000008,0
2002-08-29T00:00:00+00:00,10586.450000000008,10618.770000000008,10410.680000000008,10432.100000000008,0
2002-08-30T00:00:00+00:00,10432.100000000008,10448.240000000007,10309.370000000008,10370.830000000007,0
2002-09-03T00:00:00+00:00,10370.830000000007,10371.010000000007,10293.820000000007,10327.560000000007,0
2002-09-04T00:00:00+00:00,10327.560000000007,10350.920000000006,10095.400000000007,10095.400000000007,0
2002-09-05T00:00:00+00:00,10095.400000000007,10131.760000000006,9967.900000000007,10047.790000000006,0
2002-09-06T00:00:00+00:00,10047.790000000006,10190.530000000006,9975.830000000007,10122.250000000007,0
2002-09-10T00:00:00+00:00,10122.250000000007,10254.190000000008,10122.250000000007,10207.010000000007,0
2002-09-11T00:00:00+00:00,10207.010000000007,10307.970000000008,10126.580000000007,10161.430000000008,0
2002-09-12T00:00:00+00:00,10161.430000000008,10209.690000000008,10130.430000000008,10177.330000000007,0
2002-09-13T00:00:00+00:00,10177.330000000007,10258.740000000009,10069.660000000007,10233.430000000008,0
2002-09-18T00:00:00+00:00,9349.38,9577.42,9349.38,9543.94,0
2002-09-19T00:00:00+00:00,9543.94,9633.640000000001,9369.920000000002,9584.12,0
2002-09-20T00:00:00+00:00,9584.12,9861.94,9584.12,9646.960000000001,0
2002-09-25T00:00:00+00:00,9396.42,9396.42,9188.29,9321.64,0
2002-09-26T00:00:00+00:00,9321.64,9458.25,9215.460000000001,9274.42,0
2002-09-27T00:00:00+00:00,9274.42,9396.41,9274.42,9330.37,0
2002-10-01T00:00:00+00:00,9330.37,9379.83,9224.37,9292.410000000002,0
2002-10-02T00:00:00+00:00,9292.410000000002,9292.410000000002,9146.160000000002,9165.140000000001,0
2002-10-03T00:00:00+00:00,9165.140000000001,9206.710000000001,8962.18,8962.18,0
2002-10-04T00:00:00+00:00,8962.18,8992.16,8831.77,8840.630000000001,0
2002-10-08T00:00:00+00:00,8840.630000000001,8840.630000000001,8570.250000000002,8607.890000000001,0
2002-10-09T00:00:00+00:00,8607.890000000001,8694.610000000002,8570.150000000001,8604.570000000002,0
2002-10-10T00:00:00+00:00,8604.570000000002,8607.170000000002,8453.970000000001,8494.850000000002,0
2002-10-11T00:00:00+00:00,8494.850000000002,8514.410000000002,8224.04,8466.440000000002,0
2002-10-16T00:00:00+00:00,8641.66,8871.44,8641.66,8836.73,0
2002-10-17T00:00:00+00:00,8836.73,8877.45,8729.08,8787.53,0
2002-10-18T00:00:00+00:00,8787.53,8931.830000000002,8787.53,8853.28,0
2002-10-22T00:00:00+00:00,8853.28,8861.29,8693.1,8723.18,0
2002-10-23T00:00:00+00:00,8723.18,8723.18,8443.06,8443.06,0
2002-10-24T00:00:00+00:00,8443.06,8577.859999999999,8318.679999999998,8533.71,0
2002-10-25T00:00:00+00:00,8533.71,8544.63,8358.489999999998,8423.309999999998,0
2002-10-29T00:00:00+00:00,8423.309999999998,8500.759999999998,8301.179999999998,8500.759999999998,0
2002-10-30T00:00:00+00:00,8500.759999999998,8570.46,8463.269999999999,8493.779999999999,0
2002-10-31T00:00:00+00:00,8493.779999999999,8705.15,8477.669999999998,8618.96,0
2002-11-01T00:00:00+00:00,8618.96,8618.96,8364.95,8428.73,0
2002-11-06T00:00:00+00:00,8790.66,8995.51,8790.57,8937.56,0
2002-11-07T00:00:00+00:00,8937.56,9082.41,8895.82,8935.02,0
2002-11-08T00:00:00+00:00,8935.02,8979.050000000001,8877.79,8943.79,0
2002-11-12T00:00:00+00:00,8943.79,8943.79,8754.550000000001,8784.420000000002,0
2002-11-13T00:00:00+00:00,8784.420000000002,8908.740000000002,8762.320000000002,8846.630000000003,0
2002-11-14T00:00:00+00:00,8846.630000000003,8846.630000000003,8730.060000000003,8779.220000000003,0
2002-11-15T00:00:00+00:00,8779.220000000003,8851.990000000003,8654.020000000002,8654.020000000002,0
2002-11-19T00:00:00+00:00,8654.020000000002,8656.140000000003,8468.710000000003,8522.370000000003,0
2002-11-20T00:00:00+00:00,8522.370000000003,8606.330000000004,8439.270000000004,8558.000000000004,0
2002-11-21T00:00:00+00:00,8558.000000000004,8707.450000000004,8529.850000000004,8634.060000000005,0
2002-11-22T00:00:00+00:00,8634.060000000005,8779.390000000005,8627.020000000006,8764.150000000005,0
2002-11-26T00:00:00+00:00,8764.150000000005,8902.230000000005,8697.370000000006,8890.190000000006,0
2002-11-27T00:00:00+00:00,8890.190000000006,8929.860000000006,8696.500000000005,8770.610000000006,0
2002-11-28T00:00:00+00:00,8770.610000000006,8936.480000000007,8770.610000000006,8885.320000000005,0
2002-11-29T00:00:00+00:00,8885.320000000005,9102.510000000006,8884.470000000005,9093.610000000006,0
2002-12-03T00:00:00+00:00,9093.610000000006,9136.820000000005,8997.460000000005,9059.470000000005,0
2002-12-04T00:00:00+00:00,9059.470000000005,9135.410000000005,8998.880000000005,9020.410000000005,0
2002-12-05T00:00:00+00:00,9020.410000000005,9020.410000000005,8854.400000000007,8900.510000000006,0
2002-12-06T00:00:00+00:00,8900.510000000006,8967.300000000007,8839.230000000007,8849.450000000006,0
2002-12-10T00:00:00+00:00,8849.450000000006,8954.980000000005,8811.330000000005,8840.820000000005,0
2002-12-11T00:00:00+00:00,8840.820000000005,8953.980000000005,8838.220000000005,8889.240000000005,0
2002-12-12T00:00:00+00:00,8889.240000000005,8909.400000000005,8758.690000000004,8761.030000000004,0
2002-12-13T00:00:00+00:00,8761.030000000004,8773.210000000005,8701.380000000005,8727.090000000006,0
2002-12-17T00:00:00+00:00,8727.090000000006,8798.430000000006,8644.200000000006,8678.940000000006,0
2002-12-18T00:00:00+00:00,8678.940000000006,8737.470000000007,8640.990000000007,8664.520000000006,0
2002-12-19T00:00:00+00:00,8664.520000000006,8685.620000000006,8506.510000000006,8540.100000000006,0
2002-12-20T00:00:00+00:00,8540.100000000006,8639.560000000007,8484.320000000007,8615.370000000006,0
2002-12-25T00:00:00+00:00,8434.26,8556.58,8389.49,8512.37,0
2002-12-26T00:00:00+00:00,8512.37,8537.99,8465.89,8511.4,0
2002-12-27T00:00:00+00:00,8511.4,8642.3,8508.539999999999,8635.92,0
2002-12-31T00:00:00+00:00,8635.92,8635.92,8561.970000000001,8597.220000000001,0
2003-01-07T00:00:00+00:00,8669.89,8761.78,8669.89,8713.33,0
2003-01-08T00:00:00+00:00,8713.33,8731.65,8557.11,8559.09,0
2003-01-09T00:00:00+00:00,8559.09,8559.09,8436.17,8462.48,0
2003-01-10T00:00:00+00:00,8462.48,8520.19,8422.75,8520.09,0
2003-01-15T00:00:00+00:00,8512.82,8569.8,8451.7,8553.06,0
2003-01-16T00:00:00+00:00,8553.06,8601.019999999999,8463.93,8600.64,0
2003-01-17T00:00:00+00:00,8600.64,8647.82,8564.09,8637.15,0
2003-01-21T00:00:00+00:00,8637.15,8655.9,8493.109999999999,8556.929999999998,0
2003-01-22T00:00:00+00:00,8556.929999999998,8750.169999999998,8523.629999999997,8703.399999999998,0
2003-01-23T00:00:00+00:00,8703.399999999998,8731.369999999999,8591.489999999998,8633.869999999999,0
2003-01-24T00:00:00+00:00,8633.869999999999,8780.239999999998,8547.46,8776.189999999999,0
2003-01-28T00:00:00+00:00,8776.189999999999,8809.819999999998,8708.319999999998,8729.159999999998,0
2003-01-29T00:00:00+00:00,8729.159999999998,8780.559999999998,8708.769999999997,8723.019999999997,0
2003-01-30T00:00:00+00:00,8723.019999999997,8723.019999999997,8497.399999999996,8524.429999999997,0
2003-01-31T00:00:00+00:00,8524.429999999997,8566.679999999997,8471.939999999997,8476.339999999997,0
2003-02-04T00:00:00+00:00,8476.339999999997,8702.659999999998,8444.549999999997,8691.579999999998,0
2003-02-05T00:00:00+00:00,8691.579999999998,8715.259999999998,8620.749999999998,8620.749999999998,0
2003-02-06T00:00:00+00:00,8620.749999999998,8769.979999999998,8619.489999999998,8745.409999999998,0
2003-02-07T00:00:00+00:00,8745.409999999998,8778.359999999997,8634.329999999998,8667.319999999998,0
2003-02-11T00:00:00+00:00,8667.319999999998,8742.38,8667.319999999998,8724.949999999999,0
2003-02-13T00:00:00+00:00,8514.78,8676.53,8514.78,8664.17,0
2003-02-14T00:00:00+00:00,8664.17,8692.31,8569.8,8618.98,0
2003-02-18T00:00:00+00:00,8618.98,8674.599999999999,8585.249999999998,8625.179999999998,0
2003-02-19T00:00:00+00:00,8625.179999999998,8644.199999999999,8524.179999999998,8542.769999999999,0
2003-02-20T00:00:00+00:00,8542.769999999999,8559.109999999999,8453.329999999998,8464.599999999999,0
2003-02-21T00:00:00+00:00,8464.599999999999,8489.079999999998,8413.819999999998,8489.079999999998,0
2003-02-25T00:00:00+00:00,8489.079999999998,8591.679999999998,8474.13,8550.05,0
2003-02-26T00:00:00+00:00,8550.05,8555.73,8399.2,8434.99,0
2003-02-27T00:00:00+00:00,8434.99,8536.7,8434.99,8464.34,0
2003-02-28T00:00:00+00:00,8464.34,8497.87,8387.23,8479.64,0
2003-03-04T00:00:00+00:00,8479.64,8572.89,8439.91,8572.89,0
2003-03-05T00:00:00+00:00,8572.89,8597.82,8512.56,8578.269999999999,0
2003-03-06T00:00:00+00:00,8578.269999999999,8670.16,8547.14,8649.17,0
2003-03-07T00:00:00+00:00,8649.17,8696.890000000001,8556.61,8556.61,0
2003-03-11T00:00:00+00:00,8556.61,8572.21,8434.7,8501.6,0
2003-03-12T00:00:00+00:00,8501.6,8592.86,8393.170000000002,8393.170000000002,0
2003-03-13T00:00:00+00:00,8393.170000000002,8482.950000000003,8373.250000000004,8427.980000000003,0
2003-03-14T00:00:00+00:00,8427.980000000003,8462.380000000005,8327.760000000004,8327.760000000004,0
2003-03-18T00:00:00+00:00,8327.760000000004,8335.690000000002,8188.150000000003,8189.010000000004,0
2003-03-19T00:00:00+00:00,8189.010000000004,8294.930000000004,8168.220000000004,8168.220000000004,0
2003-03-20T00:00:00+00:00,8168.220000000004,8262.820000000003,8036.600000000004,8262.820000000003,0
2003-03-21T00:00:00+00:00,8262.820000000003,8422.140000000003,8256.960000000003,8330.100000000002,0
2003-03-25T00:00:00+00:00,8330.100000000002,8480.830000000002,8329.420000000002,8464.850000000002,0
2003-03-26T00:00:00+00:00,8464.850000000002,8490.480000000001,8345.260000000002,8352.070000000002,0
2003-03-27T00:00:00+00:00,8352.070000000002,8470.520000000002,8352.070000000002,8446.650000000001,0
2003-03-28T00:00:00+00:00,8446.650000000001,8476.640000000001,8418.45,8463.380000000001,0
2003-04-01T00:00:00+00:00,8463.380000000001,8463.380000000001,8174.240000000001,8195.990000000002,0
2003-04-02T00:00:00+00:00,8195.990000000002,8308.330000000002,8155.530000000002,8275.580000000002,0
2003-04-03T00:00:00+00:00,8275.580000000002,8292.480000000003,8140.170000000002,8292.480000000003,0
2003-04-04T00:00:00+00:00,8292.480000000003,8310.060000000003,8130.940000000003,8149.570000000003,0
2003-04-08T00:00:00+00:00,8149.570000000003,8275.610000000004,8103.090000000004,8275.610000000004,0
2003-04-09T00:00:00+00:00,8275.610000000004,8275.610000000004,8146.750000000005,8206.770000000004,0
2003-04-10T00:00:00+00:00,8206.770000000004,8275.010000000004,8140.320000000004,8173.1200000000035,0
2003-04-11T00:00:00+00:00,8173.1200000000035,8175.320000000003,8085.3700000000035,8124.440000000003,0
2003-04-15T00:00:00+00:00,8124.440000000003,8179.020000000004,7986.960000000004,8045.600000000004,0
2003-04-16T00:00:00+00:00,8045.600000000004,8146.6200000000035,8045.600000000004,8079.260000000004,0
2003-04-17T00:00:00+00:00,8079.260000000004,8115.540000000004,8037.790000000004,8060.340000000004,0
2003-04-18T00:00:00+00:00,8060.340000000004,8082.760000000004,8039.630000000004,8053.570000000003,0
2003-04-22T00:00:00+00:00,8053.570000000003,8160.690000000003,8017.100000000003,8133.230000000003,0
2003-04-23T00:00:00+00:00,8133.230000000003,8133.230000000003,7934.140000000003,7976.740000000003,0
2003-04-24T00:00:00+00:00,7976.740000000003,8043.330000000004,7904.480000000003,7941.110000000003,0
2003-04-25T00:00:00+00:00,7941.110000000003,8034.830000000003,7903.100000000003,7951.540000000003,0
2003-04-29T00:00:00+00:00,7951.540000000003,7957.790000000003,7876.190000000003,7880.310000000003,0
2003-04-30T00:00:00+00:00,7880.310000000003,7929.510000000004,7873.9100000000035,7903.810000000003,63
2003-05-01T00:00:00+00:00,7903.810000000003,8040.300000000003,7903.810000000003,8040.300000000003,0
2003-05-02T00:00:00+00:00,8040.300000000003,8132.430000000003,7981.960000000003,8099.560000000003,0
2003-05-06T00:00:00+00:00,8099.560000000003,8239.060000000003,8099.560000000003,8233.860000000004,68
2003-05-07T00:00:00+00:00,8233.860000000004,8371.710000000005,8233.860000000004,8321.930000000004,0
2003-05-08T00:00:00+00:00,8321.930000000004,8351.070000000003,8256.880000000005,8304.840000000004,0
2003-05-09T00:00:00+00:00,8304.840000000004,8304.840000000004,8251.500000000004,8263.720000000005,0
2003-05-13T00:00:00+00:00,8263.720000000005,8306.820000000005,8222.370000000006,8291.110000000006,0
2003-05-14T00:00:00+00:00,8291.110000000006,8376.510000000006,8227.700000000006,8227.700000000006,0
2003-05-15T00:00:00+00:00,8227.700000000006,8288.870000000006,8205.340000000007,8262.310000000007,0
2003-05-16T00:00:00+00:00,8262.310000000007,8262.310000000007,8125.180000000007,8168.050000000007,0
2003-05-20T00:00:00+00:00,8168.050000000007,8175.400000000006,8050.830000000006,8115.790000000006,0
2003-05-21T00:00:00+00:00,8115.790000000006,8229.820000000007,8091.350000000006,8188.4600000000055,0
2003-05-22T00:00:00+00:00,8188.4600000000055,8248.470000000005,8110.640000000006,8146.070000000006,0
2003-05-23T00:00:00+00:00,8146.070000000006,8210.820000000007,8136.330000000006,8189.720000000006,0
2003-05-27T00:00:00+00:00,8189.720000000006,8260.410000000003,8189.720000000006,8224.920000000006,0
2003-05-28T00:00:00+00:00,8224.920000000006,8234.650000000005,8135.970000000005,8149.310000000005,0
2003-05-29T00:00:00+00:00,8149.310000000005,8244.670000000006,8149.310000000005,8167.010000000006,0
2003-05-30T00:00:00+00:00,8167.010000000006,8275.890000000007,8156.350000000006,8267.320000000007,0
2003-06-03T00:00:00+00:00,8267.320000000007,8379.320000000007,8265.990000000007,8324.270000000008,0
2003-06-04T00:00:00+00:00,8324.270000000008,8382.160000000009,8268.860000000008,8341.110000000008,0
2003-06-05T00:00:00+00:00,8341.110000000008,8394.940000000008,8281.240000000009,8281.240000000009,0
2003-06-06T00:00:00+00:00,8281.240000000009,8314.820000000009,8236.22000000001,8286.50000000001,0
2003-06-10T00:00:00+00:00,8286.50000000001,8378.980000000009,8244.140000000009,8319.200000000008,0
2003-06-11T00:00:00+00:00,8319.200000000008,8373.820000000009,8283.18000000001,8355.650000000009,0
2003-06-12T00:00:00+00:00,8355.650000000009,8528.48000000001,8355.650000000009,8411.490000000009,0
2003-06-13T00:00:00+00:00,8411.490000000009,8433.92000000001,8324.940000000008,8350.230000000009,0
2003-06-17T00:00:00+00:00,8350.230000000009,8350.900000000007,8235.910000000007,8266.270000000008,0
2003-06-18T00:00:00+00:00,8266.270000000008,8384.300000000007,8266.270000000008,8354.920000000007,0
2003-06-19T00:00:00+00:00,8354.920000000007,8454.170000000007,8346.530000000006,8358.190000000006,0
2003-06-20T00:00:00+00:00,8358.190000000006,8380.770000000006,8241.960000000006,8350.520000000006,0
2003-06-24T00:00:00+00:00,8350.520000000006,8410.490000000007,8312.330000000007,8375.100000000006,0
2003-06-25T00:00:00+00:00,8375.100000000006,8389.330000000005,8210.490000000005,8233.930000000006,0
2003-06-26T00:00:00+00:00,8233.930000000006,8311.810000000007,8233.930000000006,8266.380000000006,0
2003-06-27T00:00:00+00:00,8266.380000000006,8276.420000000006,8181.710000000006,8258.370000000006,0
2003-07-01T00:00:00+00:00,8258.370000000006,8279.490000000005,8215.400000000007,8221.890000000007,0
2003-07-02T00:00:00+00:00,8221.890000000007,8409.810000000007,8203.020000000006,8402.770000000006,0
2003-07-03T00:00:00+00:00,8402.770000000006,8641.240000000005,8402.770000000006,8641.240000000005,0
2003-07-04T00:00:00+00:00,8641.240000000005,8835.190000000004,8441.690000000004,8563.350000000004,0
2003-07-08T00:00:00+00:00,8563.350000000004,8814.060000000003,8563.350000000004,8769.320000000003,0
2003-07-09T00:00:00+00:00,8769.320000000003,8897.050000000003,8725.490000000003,8768.170000000002,0
2003-07-10T00:00:00+00:00,8768.170000000002,8864.330000000002,8686.670000000002,8864.330000000002,0
2003-07-11T00:00:00+00:00,8864.330000000002,8975.020000000002,8830.950000000003,8860.530000000002,0
2003-07-15T00:00:00+00:00,8860.530000000002,8945.010000000004,8807.110000000004,8902.200000000003,0
2003-07-16T00:00:00+00:00,8902.200000000003,8972.640000000003,8804.380000000003,8813.990000000003,0
2003-07-17T00:00:00+00:00,8813.990000000003,8831.010000000004,8646.730000000003,8743.390000000003,0
2003-07-18T00:00:00+00:00,8743.390000000003,8743.390000000003,8580.080000000004,8582.950000000004,0
2003-07-22T00:00:00+00:00,8582.950000000004,8712.950000000004,8582.950000000004,8693.050000000005,99
2003-07-23T00:00:00+00:00,8693.050000000005,8732.510000000004,8597.950000000004,8677.430000000004,0
2003-07-24T00:00:00+00:00,8677.430000000004,8734.140000000005,8668.560000000005,8718.220000000005,0
2003-07-25T00:00:00+00:00,8718.220000000005,8801.540000000005,8689.260000000006,8754.160000000005,0
2003-07-29T00:00:00+00:00,8754.160000000005,8850.150000000005,8741.110000000004,8843.870000000004,0
2003-07-30T00:00:00+00:00,8843.870000000004,8880.340000000006,8770.880000000005,8782.470000000005,0
2003-07-31T00:00:00+00:00,8782.470000000005,8792.150000000005,8603.530000000004,8603.530000000004,0
2003-08-01T00:00:00+00:00,8603.530000000004,8633.410000000003,8494.590000000004,8550.410000000003,0
2003-08-05T00:00:00+00:00,8550.410000000003,8550.410000000003,8464.260000000004,8464.260000000004,0
2003-08-06T00:00:00+00:00,8464.260000000004,8466.600000000004,8312.150000000003,8390.020000000004,0
2003-08-07T00:00:00+00:00,8390.020000000004,8468.800000000005,8380.760000000004,8417.280000000004,0
2003-08-08T00:00:00+00:00,8417.280000000004,8427.260000000004,8316.750000000004,8358.260000000004,0
2003-08-12T00:00:00+00:00,8358.260000000004,8507.360000000004,8341.680000000004,8497.010000000004,0
2003-08-13T00:00:00+00:00,8497.010000000004,8569.640000000003,8466.570000000003,8514.240000000003,0
2003-08-14T00:00:00+00:00,8514.240000000003,8638.470000000003,8514.240000000003,8629.060000000003,0
2003-08-15T00:00:00+00:00,8629.060000000003,8823.120000000004,8577.420000000004,8811.900000000003,0
2003-08-19T00:00:00+00:00,8811.900000000003,8927.270000000004,8811.900000000003,8911.320000000003,0
2003-08-20T00:00:00+00:00,8911.320000000003,9009.950000000004,8899.220000000003,8942.110000000004,0
2003-08-21T00:00:00+00:00,8942.110000000004,9075.190000000006,8905.320000000005,9032.960000000005,0
2003-08-22T00:00:00+00:00,9032.960000000005,9164.390000000005,8989.720000000005,9149.690000000006,0
2003-08-26T00:00:00+00:00,9149.690000000006,9216.350000000006,9090.330000000005,9161.720000000005,0
2003-08-27T00:00:00+00:00,9161.720000000005,9309.920000000006,9124.330000000005,9285.730000000005,0
2003-08-28T00:00:00+00:00,9285.730000000005,9351.620000000006,9209.050000000005,9245.080000000005,0
2003-08-29T00:00:00+00:00,9245.080000000005,9274.920000000006,9108.300000000005,9143.720000000005,0
2003-09-02T00:00:00+00:00,9143.720000000005,9414.370000000004,9126.170000000004,9414.370000000004,0
2003-09-03T00:00:00+00:00,9414.370000000004,9494.550000000005,9362.400000000005,9435.870000000004,0
2003-09-04T00:00:00+00:00,9435.870000000004,9467.360000000004,9255.250000000004,9369.460000000005,0
2003-09-05T00:00:00+00:00,9369.460000000005,9401.610000000004,9264.880000000005,9264.880000000005,0
2003-09-09T00:00:00+00:00,9264.880000000005,9406.060000000005,9243.300000000005,9364.280000000004,0
2003-09-10T00:00:00+00:00,9364.280000000004,9525.430000000006,9362.850000000006,9519.850000000006,0
2003-09-11T00:00:00+00:00,9519.850000000006,9585.720000000005,9486.630000000005,9503.740000000005,0
2003-09-12T00:00:00+00:00,9503.740000000005,9510.260000000006,9301.530000000006,9307.580000000005,0
2003-09-16T00:00:00+00:00,9307.580000000005,9677.580000000005,9307.580000000005,9627.580000000005,96
2003-09-17T00:00:00+00:00,9627.580000000005,9728.280000000006,9599.580000000005,9728.280000000006,0
2003-09-18T00:00:00+00:00,9728.280000000006,9818.710000000006,9684.640000000007,9709.760000000007,0
2003-09-19T00:00:00+00:00,9709.760000000007,9840.850000000008,9642.920000000007,9806.550000000007,0
2003-09-23T00:00:00+00:00,9806.550000000007,9806.550000000007,9360.660000000007,9423.560000000007,0
2003-09-24T00:00:00+00:00,9423.560000000007,9443.560000000007,9123.560000000007,9223.560000000007,172
2003-09-25T00:00:00+00:00,9223.560000000007,9369.210000000008,9063.840000000007,9198.960000000008,0
2003-09-26T00:00:00+00:00,9198.960000000008,9220.620000000008,9074.410000000007,9158.970000000008,0
2003-09-30T00:00:00+00:00,9158.970000000008,9164.880000000008,9004.070000000009,9085.280000000008,0
2003-10-01T00:00:00+00:00,9085.280000000008,9211.290000000008,9009.580000000007,9009.580000000007,0
2003-10-02T00:00:00+00:00,9009.580000000007,9138.250000000007,8950.550000000008,9138.250000000007,0
2003-10-03T00:00:00+00:00,9138.250000000007,9282.290000000008,9127.560000000007,9255.200000000008,0
2003-10-07T00:00:00+00:00,9255.200000000008,9346.830000000009,9161.550000000008,9181.780000000008,0
2003-10-08T00:00:00+00:00,9181.780000000008,9240.400000000009,9117.900000000009,9240.400000000009,0
2003-10-09T00:00:00+00:00,9240.400000000009,9280.580000000007,8994.200000000008,9024.980000000009,0
2003-10-10T00:00:00+00:00,9024.980000000009,9073.530000000008,8960.17000000001,9006.01000000001,0
2003-10-14T00:00:00+00:00,9006.01000000001,9166.01000000001,9006.01000000001,9156.01000000001,89
2003-10-15T00:00:00+00:00,9156.01000000001,9314.44000000001,9145.77000000001,9249.14000000001,0
2003-10-16T00:00:00+00:00,9249.14000000001,9249.14000000001,9107.95000000001,9151.48000000001,0
2003-10-17T00:00:00+00:00,9151.48000000001,9259.16000000001,9065.770000000011,9259.16000000001,0
2003-10-21T00:00:00+00:00,9259.16000000001,9481.620000000012,9145.950000000012,9432.39000000001,0
2003-10-22T00:00:00+00:00,9432.39000000001,9436.71000000001,9194.620000000012,9229.600000000011,0
2003-10-23T00:00:00+00:00,9229.600000000011,9229.900000000012,9052.820000000012,9058.670000000013,0
2003-10-24T00:00:00+00:00,9058.670000000013,9058.670000000013,8608.950000000013,8639.820000000012,0
2003-10-28T00:00:00+00:00,8639.820000000012,8762.300000000012,8628.720000000012,8733.080000000013,0
2003-10-29T00:00:00+00:00,8733.080000000013,8834.840000000011,8699.640000000012,8803.800000000012,0
2003-10-30T00:00:00+00:00,8803.800000000012,8942.010000000011,8803.800000000012,8889.48000000001,0
2003-10-31T00:00:00+00:00,8889.48000000001,8948.16000000001,8825.43000000001,8882.10000000001,0
2003-11-04T00:00:00+00:00,8882.10000000001,8972.10000000001,8872.10000000001,8877.10000000001,104
2003-11-05T00:00:00+00:00,8877.10000000001,9052.79000000001,8877.10000000001,9031.410000000009,0
2003-11-06T00:00:00+00:00,9031.410000000009,9052.72000000001,8883.570000000009,9052.72000000001,0
2003-11-07T00:00:00+00:00,9052.72000000001,9052.72000000001,8764.71000000001,8779.88000000001,0
2003-11-11T00:00:00+00:00,8779.88000000001,8805.51000000001,8668.60000000001,8692.07000000001,0
2003-11-12T00:00:00+00:00,8692.07000000001,8692.07000000001,8396.370000000012,8491.310000000012,0
2003-11-13T00:00:00+00:00,8491.310000000012,8567.650000000012,8394.380000000012,8464.960000000012,0
2003-11-14T00:00:00+00:00,8464.960000000012,8551.160000000013,8397.290000000014,8457.420000000013,0
2003-11-18T00:00:00+00:00,8457.420000000013,8457.420000000013,8136.040000000014,8166.3700000000135,0
2003-11-19T00:00:00+00:00,8166.3700000000135,8282.330000000013,8054.230000000014,8272.500000000013,0
2003-11-20T00:00:00+00:00,8272.500000000013,8273.110000000013,8083.010000000013,8083.010000000013,0
2003-11-21T00:00:00+00:00,8083.010000000013,8244.830000000013,8014.7000000000135,8226.640000000014,0
2003-11-25T00:00:00+00:00,8226.640000000014,8236.640000000014,8176.640000000014,8206.640000000014,85
2003-11-26T00:00:00+00:00,8206.640000000014,8294.960000000015,8190.020000000015,8190.7100000000155,0
2003-11-27T00:00:00+00:00,8190.7100000000155,8386.960000000015,8190.7100000000155,8370.000000000015,0
2003-11-28T00:00:00+00:00,8370.000000000015,8388.320000000014,8289.950000000013,8378.100000000013,0
2003-12-02T00:00:00+00:00,8378.100000000013,8810.970000000014,8283.890000000014,8775.240000000014,0
2003-12-03T00:00:00+00:00,8775.240000000014,8874.950000000015,8696.550000000016,8732.750000000015,0
2003-12-04T00:00:00+00:00,8732.750000000015,8805.980000000014,8646.900000000014,8646.900000000014,0
2003-12-05T00:00:00+00:00,8646.900000000014,8754.730000000016,8645.080000000014,8735.180000000015,0
2003-12-09T00:00:00+00:00,8735.180000000015,8747.670000000015,8467.520000000015,8499.270000000015,0
2003-12-10T00:00:00+00:00,8499.270000000015,8550.660000000014,8396.720000000014,8516.290000000015,0
2003-12-11T00:00:00+00:00,8516.290000000015,8516.290000000015,8322.120000000015,8373.680000000015,0
2003-12-12T00:00:00+00:00,8373.680000000015,8489.210000000015,8352.440000000015,8476.240000000014,0
2003-12-16T00:00:00+00:00,8476.240000000014,8658.670000000015,8476.240000000014,8658.670000000015,0
2003-12-17T00:00:00+00:00,8658.670000000015,8658.670000000015,8529.510000000013,8578.230000000014,0
2003-12-18T00:00:00+00:00,8578.230000000014,8582.120000000014,8360.380000000014,8394.680000000013,0
2003-12-19T00:00:00+00:00,8394.680000000013,8471.560000000014,8371.140000000014,8401.880000000014,0
2003-12-23T00:00:00+00:00,8401.880000000014,8539.510000000015,8401.690000000015,8525.580000000014,0
2003-12-24T00:00:00+00:00,8525.580000000014,8525.580000000014,8387.680000000013,8392.580000000014,23
2003-12-25T00:00:00+00:00,10397.86,10400.25,10326.17,10371.27,0
2003-12-26T00:00:00+00:00,10371.27,10391.2,10335.12,10388.87,0
2003-12-30T00:00:00+00:00,10388.87,10509.12,10388.87,10434.800000000001,0
2003-12-31T00:00:00+00:00,10434.800000000001,10498.460000000001,10426.76,10493.82,0
2004-01-02T00:00:00+00:00,10493.82,10679.62,10493.82,10654.92,127
2004-01-06T00:00:00+00:00,10654.92,10729.44,10652.960000000001,10692.26,0
2004-01-07T00:00:00+00:00,10692.26,10719.08,10564.380000000001,10587.77,0
2004-01-08T00:00:00+00:00,10587.77,10603.93,10462.17,10509.69,0
2004-01-09T00:00:00+00:00,10509.69,10637.320000000002,10476.51,10586.36,0
2004-01-13T00:00:00+00:00,10586.36,10586.36,10348.960000000001,10358.960000000001,119
2004-01-14T00:00:00+00:00,10358.960000000001,10358.960000000001,10183.76,10243.03,0
2004-01-15T00:00:00+00:00,10243.03,10328.57,10175.78,10308.33,0
2004-01-16T00:00:00+00:00,10308.33,10334.9,10118.279999999999,10118.279999999999,0
2004-01-20T00:00:00+00:00,10118.279999999999,10225.13,10097.81,10217.15,0
2004-01-21T00:00:00+00:00,10217.15,10355.779999999999,10141.39,10265.24,0
2004-01-22T00:00:00+00:00,10265.24,10372.720000000001,10211.49,10211.49,0
2004-01-23T00:00:00+00:00,10211.49,10266.31,10148.630000000001,10151.880000000001,0
2004-01-27T00:00:00+00:00,10151.880000000001,10160.810000000001,10020.230000000001,10120.04,0
2004-01-28T00:00:00+00:00,10120.04,10146.22,9987.43,9998.95,0
2004-01-29T00:00:00+00:00,9998.95,10055.820000000002,9953.910000000002,10006.84,0
2004-01-30T00:00:00+00:00,10006.84,10037.679999999998,9918.019999999999,10030.91,0
2004-02-03T00:00:00+00:00,10030.91,10107.949999999999,10011.359999999999,10022.71,0
2004-02-04T00:00:00+00:00,10022.71,10036.17,9743.32,9877.31,0
2004-02-05T00:00:00+00:00,9877.31,9889.84,9681.35,9709.83,0
2004-02-06T00:00:00+00:00,9709.83,9810.34,9706.83,9796.53,0
2004-02-10T00:00:00+00:00,9796.53,9859.070000000002,9622.300000000001,9665.740000000002,0
2004-02-11T00:00:00+00:00,9665.740000000002,9707.960000000001,9546.990000000002,9612.960000000001,0
2004-02-12T00:00:00+00:00,9612.960000000001,9618.760000000002,9543.960000000001,9564.260000000002,75
2004-02-13T00:00:00+00:00,9564.260000000002,9670.900000000001,9563.590000000002,9573.150000000001,0
2004-02-17T00:00:00+00:00,9573.150000000001,9624.830000000002,9541.54,9555.85,0
2004-02-18T00:00:00+00:00,9555.85,9720.98,9528.93,9700.8,0
2004-02-19T00:00:00+00:00,9700.8,9739.47,9618.13,9618.13,0
2004-02-20T00:00:00+00:00,9618.13,9685.789999999999,9596.16,9626.529999999999,0
2004-02-24T00:00:00+00:00,9626.529999999999,9774.91,9617.92,9750.439999999999,0
2004-02-25T00:00:00+00:00,9750.439999999999,9785.029999999999,9558.189999999999,9572.599999999999,0
2004-02-26T00:00:00+00:00,9572.599999999999,9673.429999999998,9563.82,9604.689999999999,0
2004-02-27T00:00:00+00:00,9604.689999999999,9685.65,9561.31,9685.65,0
2004-03-02T00:00:00+00:00,9685.65,9901.97,9669.65,9844.09,0
2004-03-03T00:00:00+00:00,9844.09,9885.74,9781.75,9860.77,0
2004-03-04T00:00:00+00:00,9860.77,9925.060000000001,9815.050000000001,9846.970000000001,0
2004-03-05T00:00:00+00:00,9846.970000000001,9985.830000000002,9841.960000000001,9906.780000000002,0
2004-03-09T00:00:00+00:00,9906.780000000002,9972.130000000003,9831.620000000003,9831.620000000003,0
2004-03-10T00:00:00+00:00,9831.620000000003,9903.060000000003,9810.060000000003,9903.060000000003,0
2004-03-11T00:00:00+00:00,9903.060000000003,9905.370000000003,9766.700000000003,9846.040000000003,0
2004-03-12T00:00:00+00:00,9846.040000000003,9890.850000000002,9772.930000000004,9832.930000000004,0
2004-03-16T00:00:00+00:00,9832.930000000004,9896.980000000003,9826.630000000003,9866.480000000003,0
2004-03-17T00:00:00+00:00,9866.480000000003,9924.120000000003,9849.400000000003,9855.340000000004,0
2004-03-18T00:00:00+00:00,9855.340000000004,10036.230000000005,9855.340000000004,9994.740000000005,0
2004-03-19T00:00:00+00:00,9994.740000000005,10071.090000000004,9875.770000000004,9907.660000000005,0
2004-03-23T00:00:00+00:00,9907.660000000005,9927.130000000005,9860.260000000006,9893.930000000006,0
2004-03-24T00:00:00+00:00,9893.930000000006,10020.720000000007,9764.760000000006,9974.190000000006,0
2004-03-25T00:00:00+00:00,9974.190000000006,10062.910000000007,9912.920000000007,10043.210000000006,0
2004-03-26T00:00:00+00:00,10043.210000000006,10142.510000000006,10037.180000000006,10142.510000000006,0
2004-03-30T00:00:00+00:00,10142.510000000006,10210.390000000007,10039.970000000007,10085.290000000006,0
2004-03-31T00:00:00+00:00,10085.290000000006,10129.460000000006,9937.660000000007,9954.140000000007,0
2004-04-01T00:00:00+00:00,9954.140000000007,10021.420000000007,9830.420000000007,9952.980000000007,0
2004-04-02T00:00:00+00:00,9952.980000000007,10010.520000000008,9845.300000000007,9880.240000000007,0
2004-04-06T00:00:00+00:00,9880.240000000007,9934.850000000008,9865.510000000007,9889.250000000007,0
2004-04-07T00:00:00+00:00,9889.250000000007,9941.900000000007,9783.780000000008,9925.960000000008,0
2004-04-08T00:00:00+00:00,9925.960000000008,10006.310000000009,9909.610000000008,9928.230000000009,0
2004-04-09T00:00:00+00:00,9928.230000000009,10034.380000000008,9876.630000000008,10007.660000000009,0
2004-04-13T00:00:00+00:00,10007.660000000009,10166.25000000001,10007.660000000009,10123.88000000001,0
2004-04-14T00:00:00+00:00,10123.88000000001,10154.720000000008,10080.720000000008,10111.580000000009,0
2004-04-15T00:00:00+00:00,10111.580000000009,10181.36000000001,10081.550000000008,10145.27000000001,0
2004-04-16T00:00:00+00:00,10145.27000000001,10217.220000000008,9797.640000000009,9827.640000000009,0
2004-04-20T00:00:00+00:00,9827.640000000009,9834.17000000001,9596.650000000009,9737.210000000008,0
2004-04-21T00:00:00+00:00,9737.210000000008,9953.70000000001,9683.830000000009,9868.01000000001,0
2004-04-22T00:00:00+00:00,9868.01000000001,9925.38000000001,9805.53000000001,9868.410000000009,0
2004-04-23T00:00:00+00:00,9868.410000000009,9916.460000000008,9795.10000000001,9822.42000000001,0
2004-04-27T00:00:00+00:00,9822.42000000001,9882.77000000001,9782.81000000001,9851.00000000001,0
2004-04-28T00:00:00+00:00,9851.00000000001,9851.00000000001,9761.160000000009,9780.830000000009,0
2004-04-29T00:00:00+00:00,9780.830000000009,9789.01000000001,9672.95000000001,9707.91000000001,0
2004-04-30T00:00:00+00:00,9707.91000000001,9807.71000000001,9611.510000000011,9611.510000000011,178
2004-05-04T00:00:00+00:00,9611.510000000011,9791.110000000011,9611.510000000011,9690.71000000001,163
2004-05-05T00:00:00+00:00,9690.71000000001,9835.21000000001,9670.010000000011,9835.21000000001,181
2004-05-06T00:00:00+00:00,9835.21000000001,9835.21000000001,9483.21000000001,9578.41000000001,257
2004-05-07T00:00:00+00:00,9578.41000000001,9586.23000000001,9354.99000000001,9372.31000000001,0
2004-05-11T00:00:00+00:00,9372.31000000001,9381.07000000001,8827.21000000001,8872.98000000001,0
2004-05-12T00:00:00+00:00,8872.98000000001,8992.97000000001,8812.63000000001,8929.680000000011,0
2004-05-13T00:00:00+00:00,8929.680000000011,9069.370000000012,8896.820000000012,9065.610000000011,0
2004-05-14T00:00:00+00:00,9065.610000000011,9065.610000000011,8808.960000000012,8808.960000000012,0
2004-05-18T00:00:00+00:00,8808.960000000012,8808.960000000012,8508.010000000011,8523.22000000001,0
2004-05-19T00:00:00+00:00,8523.22000000001,8701.14000000001,8514.55000000001,8701.14000000001,0
2004-05-20T00:00:00+00:00,8701.14000000001,8916.840000000011,8639.99000000001,8891.500000000011,0
2004-05-21T00:00:00+00:00,8891.500000000011,8988.090000000011,8703.120000000012,8804.470000000012,0
2004-05-25T00:00:00+00:00,8804.470000000012,8880.030000000013,8752.980000000012,8811.400000000012,0
2004-05-26T00:00:00+00:00,8811.400000000012,8811.400000000012,8667.330000000013,8702.820000000012,0
2004-05-27T00:00:00+00:00,8702.820000000012,8821.240000000013,8701.280000000012,8759.540000000012,0
2004-05-28T00:00:00+00:00,8759.540000000012,8815.180000000011,8714.870000000012,8761.750000000013,0
2004-06-01T00:00:00+00:00,8761.750000000013,8770.110000000011,8573.810000000012,8709.330000000013,0
2004-06-02T00:00:00+00:00,8709.330000000013,8843.110000000011,8674.730000000012,8801.400000000012,0
2004-06-03T00:00:00+00:00,8801.400000000012,8801.400000000012,8702.920000000013,8760.530000000013,0
2004-06-04T00:00:00+00:00,8760.530000000013,8843.090000000013,8448.140000000012,8511.630000000012,0
2004-06-08T00:00:00+00:00,8511.630000000012,8784.620000000012,8511.630000000012,8738.910000000013,0
2004-06-09T00:00:00+00:00,8738.910000000013,8747.570000000012,8657.970000000012,8726.910000000013,0
2004-06-10T00:00:00+00:00,8726.910000000013,8733.250000000013,8631.320000000012,8661.930000000013,0
2004-06-11T00:00:00+00:00,8661.930000000013,8908.190000000011,8650.880000000012,8859.450000000012,0
2004-06-15T00:00:00+00:00,8859.450000000012,8986.450000000012,8838.960000000012,8855.310000000012,0
2004-06-16T00:00:00+00:00,8855.310000000012,8881.120000000012,8747.630000000012,8785.900000000012,0
2004-06-17T00:00:00+00:00,8785.900000000012,8966.950000000012,8785.900000000012,8935.190000000011,0
2004-06-18T00:00:00+00:00,8935.190000000011,8954.310000000012,8815.160000000013,8912.880000000012,0
2004-06-22T00:00:00+00:00,8912.880000000012,9167.620000000012,8912.880000000012,9038.650000000012,0
2004-06-23T00:00:00+00:00,9038.650000000012,9072.990000000013,8963.800000000012,9072.990000000013,0
2004-06-24T00:00:00+00:00,9072.990000000013,9109.600000000013,8977.890000000012,9011.320000000012,0
2004-06-25T00:00:00+00:00,9011.320000000012,9102.930000000011,9008.070000000012,9102.930000000011,0
2004-06-29T00:00:00+00:00,9102.930000000011,9185.110000000011,9075.720000000012,9185.110000000011,0
2004-06-30T00:00:00+00:00,9185.110000000011,9253.720000000012,9156.370000000012,9229.030000000012,0
2004-07-01T00:00:00+00:00,9229.030000000012,9247.120000000012,9167.30000000001,9218.040000000012,0
2004-07-02T00:00:00+00:00,9218.040000000012,9272.830000000013,9174.410000000013,9180.720000000012,0
2004-07-06T00:00:00+00:00,9180.720000000012,9206.720000000012,9069.360000000011,9099.58000000001,0
2004-07-07T00:00:00+00:00,9099.58000000001,9169.73000000001,9038.40000000001,9038.40000000001,0
2004-07-08T00:00:00+00:00,9038.40000000001,9107.930000000011,8930.040000000012,9063.550000000012,0
2004-07-09T00:00:00+00:00,9063.550000000012,9102.230000000012,8970.470000000012,9013.150000000012,0
2004-07-13T00:00:00+00:00,9013.150000000012,9079.410000000013,8954.590000000013,9062.790000000014,0
2004-07-14T00:00:00+00:00,9062.790000000014,9127.390000000014,9019.990000000013,9127.390000000014,0
2004-07-15T00:00:00+00:00,9127.390000000014,9127.990000000014,8820.640000000014,8820.640000000014,0
2004-07-16T00:00:00+00:00,8820.640000000014,8847.330000000014,8723.280000000013,8816.450000000013,0
2004-07-20T00:00:00+00:00,8816.450000000013,8888.150000000014,8738.550000000014,8888.150000000014,179
2004-07-21T00:00:00+00:00,8888.150000000014,8888.150000000014,8761.770000000015,8828.380000000016,0
2004-07-22T00:00:00+00:00,8828.380000000016,8927.000000000016,8819.820000000016,8927.000000000016,0
2004-07-23T00:00:00+00:00,8927.000000000016,8927.000000000016,8844.380000000017,8901.470000000018,0
2004-07-27T00:00:00+00:00,8901.470000000018,8961.150000000016,8867.320000000016,8961.150000000016,0
2004-07-28T00:00:00+00:00,8961.150000000016,9015.680000000015,8863.230000000016,8866.420000000016,0
2004-07-29T00:00:00+00:00,8866.420000000016,8968.970000000018,8865.860000000017,8937.310000000018,0
2004-07-30T00:00:00+00:00,8937.310000000018,8939.280000000019,8768.790000000019,8866.840000000018,0
2004-08-03T00:00:00+00:00,8866.840000000018,8872.100000000017,8754.230000000018,8814.630000000017,0
2004-08-04T00:00:00+00:00,8814.630000000017,8843.220000000016,8686.840000000017,8724.910000000016,0
2004-08-05T00:00:00+00:00,8724.910000000016,8732.370000000015,8536.170000000016,8657.410000000016,0
2004-08-06T00:00:00+00:00,8657.410000000016,8701.920000000016,8578.550000000016,8658.120000000015,0
2004-08-10T00:00:00+00:00,8658.120000000015,8746.980000000014,8567.940000000015,8739.220000000016,0
2004-08-11T00:00:00+00:00,8739.220000000016,8861.590000000015,8739.220000000016,8843.070000000014,0
2004-08-12T00:00:00+00:00,8843.070000000014,8869.650000000014,8790.340000000015,8842.730000000014,0
2004-08-13T00:00:00+00:00,8842.730000000014,8929.240000000014,8842.730000000014,8865.670000000015,0
2004-08-17T00:00:00+00:00,8865.670000000015,8867.220000000016,8682.580000000014,8824.500000000015,0
2004-08-18T00:00:00+00:00,8824.500000000015,8854.900000000014,8758.000000000015,8778.230000000014,0
2004-08-19T00:00:00+00:00,8778.230000000014,8827.670000000015,8712.620000000014,8827.670000000015,0
2004-08-20T00:00:00+00:00,8827.670000000015,8874.490000000014,8796.400000000014,8869.280000000015,0
2004-08-24T00:00:00+00:00,8869.280000000015,8915.010000000015,8855.120000000015,8868.340000000015,0
2004-08-25T00:00:00+00:00,8868.340000000015,8905.840000000015,8786.830000000014,8875.050000000014,0
2004-08-26T00:00:00+00:00,8875.050000000014,9059.280000000013,8849.980000000014,9045.550000000014,0
2004-08-27T00:00:00+00:00,9045.550000000014,9075.210000000014,8950.890000000012,8978.590000000013,0
2004-08-31T00:00:00+00:00,8978.590000000013,9023.590000000013,8926.000000000013,8981.820000000014,0
2004-09-01T00:00:00+00:00,8981.820000000014,9016.950000000015,8904.960000000015,8944.460000000015,0
2004-09-02T00:00:00+00:00,8944.460000000015,9009.040000000015,8942.020000000015,8966.960000000015,0
2004-09-03T00:00:00+00:00,8966.960000000015,8978.150000000016,8885.450000000015,8940.390000000016,0
2004-09-07T00:00:00+00:00,8940.390000000016,9124.060000000016,8911.020000000015,9098.070000000016,0
2004-09-08T00:00:00+00:00,9098.070000000016,9134.850000000015,9049.570000000016,9121.730000000016,0
2004-09-09T00:00:00+00:00,9121.730000000016,9134.460000000015,9047.140000000016,9055.800000000016,0
2004-09-10T00:00:00+00:00,9055.800000000016,9109.640000000016,8925.100000000017,8950.270000000015,0
2004-09-14T00:00:00+00:00,8950.270000000015,9068.150000000016,8941.330000000016,9063.410000000016,0
2004-09-15T00:00:00+00:00,9063.410000000016,9103.110000000017,9025.120000000017,9046.270000000017,0
2004-09-16T00:00:00+00:00,9046.270000000017,9053.410000000016,8926.190000000017,8926.190000000017,0
2004-09-17T00:00:00+00:00,8926.190000000017,9011.150000000016,8923.310000000016,8972.850000000017,0
2004-09-21T00:00:00+00:00,8972.850000000017,8986.950000000015,8926.750000000016,8981.850000000017,37
2004-09-22T00:00:00+00:00,8981.850000000017,8984.750000000018,8893.590000000018,8914.510000000018,0
2004-09-23T00:00:00+00:00,8914.510000000018,8938.670000000018,8767.030000000019,8822.620000000019,0
2004-09-24T00:00:00+00:00,8822.620000000019,8862.120000000019,8771.520000000019,8816.520000000019,40
2004-09-28T00:00:00+00:00,8816.520000000019,8841.21000000002,8735.730000000018,8812.490000000018,0
2004-09-29T00:00:00+00:00,8812.490000000018,8828.670000000018,8744.610000000019,8822.400000000018,0
2004-09-30T00:00:00+00:00,8822.400000000018,8822.410000000018,8718.750000000018,8734.620000000019,0
2004-10-01T00:00:00+00:00,8734.620000000019,8792.60000000002,8687.98000000002,8687.98000000002,0
2004-10-05T00:00:00+00:00,8687.98000000002,8859.180000000018,8681.530000000019,8856.160000000018,0
2004-10-06T00:00:00+00:00,8856.160000000018,8903.680000000017,8841.080000000018,8880.790000000017,0
2004-10-07T00:00:00+00:00,8880.790000000017,9067.350000000017,8877.630000000016,9044.630000000016,0
2004-10-08T00:00:00+00:00,9044.630000000016,9055.610000000015,8982.400000000016,8999.800000000016,0
2004-10-12T00:00:00+00:00,8999.800000000016,8999.800000000016,8822.800000000016,8872.900000000016,107
2004-10-13T00:00:00+00:00,8872.900000000016,8898.640000000018,8760.350000000017,8779.660000000016,0
2004-10-14T00:00:00+00:00,8779.660000000016,8851.070000000018,8740.190000000017,8740.190000000017,0
2004-10-15T00:00:00+00:00,8740.190000000017,8740.190000000017,8622.910000000016,8623.890000000018,0
2004-10-19T00:00:00+00:00,8623.890000000018,8623.890000000018,8516.250000000016,8567.400000000018,0
2004-10-20T00:00:00+00:00,8567.400000000018,8645.840000000018,8563.400000000018,8603.88000000002,0
2004-10-21T00:00:00+00:00,8603.88000000002,8603.88000000002,8465.270000000019,8493.56000000002,0
2004-10-22T00:00:00+00:00,8493.56000000002,8512.85000000002,8364.58000000002,8400.74000000002,0
2004-10-26T00:00:00+00:00,8400.74000000002,8400.74000000002,8257.040000000019,8340.96000000002,0
2004-10-27T00:00:00+00:00,8340.96000000002,8372.530000000019,8315.190000000019,8361.050000000017,0
2004-10-28T00:00:00+00:00,8361.050000000017,8397.830000000018,8277.550000000017,8312.350000000019,0
2004-10-29T00:00:00+00:00,8312.350000000019,8398.340000000018,8301.380000000017,8356.370000000019,0
2004-11-02T00:00:00+00:00,8356.370000000019,8360.540000000019,8316.30000000002,8360.060000000018,0
2004-11-03T00:00:00+00:00,8360.060000000018,8480.760000000018,8360.060000000018,8472.870000000017,0
2004-11-04T00:00:00+00:00,8472.870000000017,8567.070000000018,8391.770000000017,8557.070000000018,68
2004-11-05T00:00:00+00:00,8557.070000000018,8571.570000000018,8512.640000000018,8512.640000000018,0
2004-11-09T00:00:00+00:00,8512.640000000018,8513.590000000018,8391.470000000018,8400.970000000018,0
2004-11-10T00:00:00+00:00,8400.970000000018,8474.240000000018,8378.900000000018,8398.670000000018,0
2004-11-11T00:00:00+00:00,8398.670000000018,8456.260000000018,8391.950000000019,8421.000000000018,0
2004-11-12T00:00:00+00:00,8421.000000000018,8447.41000000002,8244.190000000019,8246.040000000019,0
2004-11-16T00:00:00+00:00,8246.040000000019,8398.010000000018,8240.64000000002,8394.440000000019,0
2004-11-17T00:00:00+00:00,8394.440000000019,8428.530000000019,8303.280000000019,8321.47000000002,0
2004-11-18T00:00:00+00:00,8321.47000000002,8381.75000000002,8316.62000000002,8320.710000000021,0
2004-11-19T00:00:00+00:00,8320.710000000021,8373.94000000002,8201.35000000002,8221.04000000002,0
2004-11-23T00:00:00+00:00,8221.04000000002,8221.04000000002,8034.1500000000215,8114.02000000002,0
2004-11-24T00:00:00+00:00,8114.02000000002,8114.02000000002,8053.02000000002,8072.82000000002,27
2004-11-25T00:00:00+00:00,8072.82000000002,8156.00000000002,8068.91000000002,8113.130000000019,0
2004-11-26T00:00:00+00:00,8113.130000000019,8160.370000000019,8078.270000000019,8160.370000000019,0
2004-11-30T00:00:00+00:00,8160.370000000019,8329.310000000018,8160.320000000018,8293.900000000018,0
2004-12-01T00:00:00+00:00,8293.900000000018,8308.210000000017,8225.920000000018,8283.900000000018,0
2004-12-02T00:00:00+00:00,8283.900000000018,8293.780000000017,8215.040000000017,8277.700000000017,0
2004-12-03T00:00:00+00:00,8277.700000000017,8350.510000000017,8268.000000000018,8328.200000000017,0
2004-12-07T00:00:00+00:00,8328.200000000017,8333.900000000018,8266.530000000017,8289.000000000016,0
2004-12-08T00:00:00+00:00,8289.000000000016,8319.470000000018,8181.600000000017,8191.420000000016,0
2004-12-09T00:00:00+00:00,8191.420000000016,8331.950000000015,8191.420000000016,8324.350000000017,0
2004-12-10T00:00:00+00:00,8324.350000000017,8324.350000000017,8136.2100000000155,8170.110000000015,0
2004-12-14T00:00:00+00:00,8170.110000000015,8199.810000000016,8130.640000000016,8134.300000000016,0
2004-12-15T00:00:00+00:00,8134.300000000016,8233.200000000017,8112.860000000017,8207.080000000016,0
2004-12-16T00:00:00+00:00,8207.080000000016,8254.290000000017,8176.020000000017,8210.830000000016,0
2004-12-17T00:00:00+00:00,8210.830000000016,8281.750000000015,8173.230000000016,8225.910000000016,0
2004-12-21T00:00:00+00:00,8225.910000000016,8281.490000000016,8189.160000000016,8255.780000000017,0
2004-12-22T00:00:00+00:00,8255.780000000017,8317.270000000017,8255.780000000017,8256.480000000018,0
2004-12-23T00:00:00+00:00,8256.480000000018,8290.740000000018,8244.230000000018,8260.000000000018,0
2004-12-28T00:00:00+00:00,11374.52,11383.1,11325.46,11362.35,0
2004-12-29T00:00:00+00:00,11362.35,11472.08,11362.35,11472.08,0
2004-12-30T00:00:00+00:00,11472.08,11491.710000000001,11372.32,11372.32,0
2004-12-31T00:00:00+00:00,11372.32,11399.29,11364.95,11398.77,0
2005-01-04T00:00:00+00:00,11398.77,11473.070000000002,11350.970000000001,11350.970000000001,55
2005-01-05T00:00:00+00:00,11350.970000000001,11439.720000000001,11324.27,11410.45,0
2005-01-06T00:00:00+00:00,11410.45,11412.630000000001,11368.5,11389.050000000001,0
2005-01-07T00:00:00+00:00,11389.050000000001,11508.960000000001,11388.91,11508.960000000001,0
2005-01-11T00:00:00+00:00,11508.960000000001,11547.86,11491.86,11527.06,53
2005-01-12T00:00:00+00:00,11527.06,11612.29,11527.06,11571.59,0
2005-01-13T00:00:00+00:00,11571.59,11582.88,11483.48,11487.38,0
2005-01-14T00:00:00+00:00,11487.38,11513.119999999999,11443.489999999998,11446.659999999998,0
2005-01-18T00:00:00+00:00,11446.659999999998,11507.319999999998,11425.319999999998,11458.559999999998,0
2005-01-19T00:00:00+00:00,11458.559999999998,11463.799999999997,11355.719999999998,11377.659999999998,0
2005-01-20T00:00:00+00:00,11377.659999999998,11396.849999999999,11306.349999999999,11315.259999999998,0
2005-01-21T00:00:00+00:00,11315.259999999998,11315.259999999998,11239.409999999998,11264.909999999998,0
2005-01-25T00:00:00+00:00,11264.909999999998,11355.089999999997,11264.509999999997,11341.369999999997,0
2005-01-26T00:00:00+00:00,11341.369999999997,11356.659999999996,11294.349999999997,11356.659999999996,0
2005-01-27T00:00:00+00:00,11356.659999999996,11389.419999999996,11339.269999999997,11386.419999999996,0
2005-01-28T00:00:00+00:00,11386.419999999996,11386.419999999996,11312.629999999996,11337.639999999996,0
2005-02-01T00:00:00+00:00,11337.639999999996,11508.149999999996,11306.739999999996,11428.239999999996,0
2005-02-02T00:00:00+00:00,11428.239999999996,11428.239999999996,11336.279999999995,11390.619999999995,0
2005-02-03T00:00:00+00:00,11390.619999999995,11405.559999999996,11357.899999999996,11365.419999999995,0
2005-02-04T00:00:00+00:00,11365.419999999995,11378.699999999995,11278.929999999995,11323.869999999995,0
2005-02-08T00:00:00+00:00,11323.869999999995,11462.079999999994,11312.609999999995,11430.689999999995,0
2005-02-09T00:00:00+00:00,11430.689999999995,11445.599999999995,11390.909999999994,11416.999999999995,0
2005-02-10T00:00:00+00:00,11416.999999999995,11435.229999999994,11355.059999999994,11370.449999999995,0
2005-02-11T00:00:00+00:00,11370.449999999995,11489.289999999995,11350.549999999996,11489.119999999995,0
2005-02-15T00:00:00+00:00,11489.119999999995,11522.289999999995,11471.139999999996,11476.919999999996,0
2005-02-16T00:00:00+00:00,11476.919999999996,11504.499999999996,11463.809999999996,11474.729999999996,0
2005-02-17T00:00:00+00:00,11474.729999999996,11529.949999999995,11430.499999999995,11446.719999999996,0
2005-02-18T00:00:00+00:00,11446.719999999996,11501.059999999996,11436.939999999995,11445.599999999995,0
2005-02-22T00:00:00+00:00,11445.599999999995,11453.899999999994,11414.429999999995,11414.429999999995,0
2005-02-23T00:00:00+00:00,11414.429999999995,11429.469999999996,11369.999999999996,11375.669999999995,0
2005-02-24T00:00:00+00:00,11375.669999999995,11375.669999999995,11317.329999999994,11365.089999999995,0
2005-02-25T00:00:00+00:00,11365.089999999995,11409.109999999995,11358.449999999995,11382.399999999994,0
2005-03-01T00:00:00+00:00,11382.399999999994,11395.289999999994,11344.709999999994,11380.989999999994,0
2005-03-02T00:00:00+00:00,11380.989999999994,11427.379999999996,11366.619999999995,11427.379999999996,0
2005-03-03T00:00:00+00:00,11427.379999999996,11454.229999999996,11403.149999999996,11436.249999999995,0
2005-03-04T00:00:00+00:00,11436.249999999995,11501.799999999994,11436.249999999995,11501.799999999994,0
2005-03-08T00:00:00+00:00,11501.799999999994,11541.459999999994,11483.769999999995,11491.359999999995,0
2005-03-09T00:00:00+00:00,11491.359999999995,11491.359999999995,11433.409999999994,11441.429999999995,0
2005-03-10T00:00:00+00:00,11441.429999999995,11525.869999999995,11441.429999999995,11525.869999999995,0
2005-03-11T00:00:00+00:00,11525.869999999995,11592.669999999996,11497.029999999997,11498.399999999996,0
2005-03-15T00:00:00+00:00,11498.399999999996,11506.399999999996,11401.359999999995,11401.359999999995,0
2005-03-16T00:00:00+00:00,11401.359999999995,11414.969999999994,11287.319999999994,11323.249999999995,0
2005-03-17T00:00:00+00:00,11323.249999999995,11374.249999999995,11294.099999999995,11374.249999999995,0
2005-03-18T00:00:00+00:00,11374.249999999995,11396.339999999995,11343.279999999993,11363.799999999994,0
2005-03-22T00:00:00+00:00,11363.799999999994,11443.599999999993,11302.999999999993,11308.099999999993,36
2005-03-23T00:00:00+00:00,11308.099999999993,11329.889999999992,11271.719999999992,11282.729999999992,0
2005-03-24T00:00:00+00:00,11282.729999999992,11282.729999999992,11139.919999999993,11197.879999999994,0
2005-03-25T00:00:00+00:00,11197.879999999994,11276.079999999994,11162.979999999994,11202.679999999993,0
2005-03-29T00:00:00+00:00,11202.679999999993,11309.609999999991,11202.679999999993,11285.189999999991,0
2005-03-30T00:00:00+00:00,11285.189999999991,11285.189999999991,11038.649999999992,11075.349999999991,0
2005-03-31T00:00:00+00:00,11075.349999999991,11134.869999999992,11033.269999999991,11092.29999999999,0
2005-04-01T00:00:00+00:00,11092.29999999999,11138.14999999999,11059.91999999999,11138.14999999999,0
2005-04-05T00:00:00+00:00,11138.14999999999,11173.029999999992,11124.49999999999,11139.379999999992,0
2005-04-06T00:00:00+00:00,11139.379999999992,11230.059999999992,11139.379999999992,11217.719999999992,0
2005-04-07T00:00:00+00:00,11217.719999999992,11275.229999999992,11194.689999999991,11261.139999999992,0
2005-04-08T00:00:00+00:00,11261.139999999992,11261.139999999992,11170.519999999993,11223.639999999992,0
2005-04-12T00:00:00+00:00,11223.639999999992,11223.639999999992,11120.579999999993,11121.359999999991,0
2005-04-13T00:00:00+00:00,11121.359999999991,11146.319999999992,11039.969999999992,11052.609999999991,0
2005-04-14T00:00:00+00:00,11052.609999999991,11083.169999999993,10967.329999999993,11001.909999999993,0
2005-04-15T00:00:00+00:00,11001.909999999993,11003.679999999991,10897.949999999992,10986.299999999992,0
2005-04-19T00:00:00+00:00,10986.299999999992,10986.299999999992,10683.309999999992,10701.089999999993,0
2005-04-20T00:00:00+00:00,10701.089999999993,10764.169999999993,10647.789999999992,10747.189999999993,0
2005-04-21T00:00:00+00:00,10747.189999999993,10772.729999999992,10625.729999999992,10661.929999999993,0
2005-04-22T00:00:00+00:00,10661.929999999993,10712.509999999993,10481.779999999993,10695.589999999993,0
2005-04-26T00:00:00+00:00,10695.589999999993,10745.089999999993,10651.229999999992,10704.409999999993,0
2005-04-27T00:00:00+00:00,10704.409999999993,10704.409999999993,10638.599999999993,10654.489999999993,0
2005-04-28T00:00:00+00:00,10654.489999999993,10708.159999999993,10654.299999999992,10691.139999999992,0
2005-04-29T00:00:00+00:00,10691.139999999992,10720.989999999993,10604.799999999992,10720.989999999993,0
2005-05-03T00:00:00+00:00,10720.989999999993,10802.729999999994,10680.749999999993,10768.889999999994,0
2005-05-04T00:00:00+00:00,10768.889999999994,10883.589999999993,10753.489999999993,10863.589999999993,38
2005-05-05T00:00:00+00:00,10863.589999999993,10918.189999999993,10843.089999999993,10888.089999999993,22
2005-05-06T00:00:00+00:00,10888.089999999993,10957.789999999994,10888.089999999993,10912.589999999993,28
2005-05-10T00:00:00+00:00,10912.589999999993,10912.589999999993,10832.969999999992,10884.809999999992,0
2005-05-11T00:00:00+00:00,10884.809999999992,10902.949999999993,10816.589999999993,10851.049999999992,0
2005-05-12T00:00:00+00:00,10851.049999999992,10880.489999999993,10798.049999999992,10880.489999999993,0
2005-05-13T00:00:00+00:00,10880.489999999993,10897.859999999993,10832.049999999994,10840.299999999994,0
2005-05-17T00:00:00+00:00,10840.299999999994,10843.859999999993,10730.539999999994,10742.229999999992,0
2005-05-18T00:00:00+00:00,10742.229999999992,10762.689999999993,10484.519999999993,10521.319999999992,0
2005-05-19T00:00:00+00:00,10521.319999999992,10564.379999999994,10494.099999999993,10508.099999999993,0
2005-05-20T00:00:00+00:00,10508.099999999993,10637.249999999993,10487.899999999992,10611.979999999992,0
2005-05-24T00:00:00+00:00,10611.979999999992,10702.509999999993,10595.829999999993,10697.619999999992,0
2005-05-25T00:00:00+00:00,10697.619999999992,10712.209999999992,10614.909999999993,10646.629999999992,0
2005-05-26T00:00:00+00:00,10646.629999999992,10647.219999999992,10507.689999999993,10533.749999999993,0
2005-05-27T00:00:00+00:00,10533.749999999993,10556.759999999993,10488.239999999993,10537.329999999993,0
2005-05-31T00:00:00+00:00,10537.329999999993,10638.529999999993,10533.799999999994,10602.339999999993,0
2005-06-01T00:00:00+00:00,10602.339999999993,10625.859999999993,10549.989999999993,10605.119999999994,0
2005-06-02T00:00:00+00:00,10605.119999999994,10713.849999999993,10604.729999999992,10713.849999999993,0
2005-06-03T00:00:00+00:00,10713.849999999993,10746.649999999994,10652.009999999993,10652.009999999993,0
2005-06-07T00:00:00+00:00,10652.009999999993,10689.979999999994,10603.959999999994,10689.979999999994,0
2005-06-08T00:00:00+00:00,10689.979999999994,10715.179999999995,10636.029999999993,10674.349999999995,0
2005-06-09T00:00:00+00:00,10674.349999999995,10761.509999999995,10668.939999999995,10720.109999999995,0
2005-06-10T00:00:00+00:00,10720.109999999995,10725.509999999995,10579.439999999995,10591.959999999994,0
2005-06-14T00:00:00+00:00,10591.959999999994,10655.129999999994,10583.089999999995,10594.819999999994,0
2005-06-15T00:00:00+00:00,10594.819999999994,10609.769999999993,10572.799999999994,10582.209999999994,0
2005-06-16T00:00:00+00:00,10582.209999999994,10646.519999999993,10572.439999999993,10632.469999999992,0
2005-06-17T00:00:00+00:00,10632.469999999992,10675.049999999992,10598.539999999992,10628.90999999999,0
2005-06-21T00:00:00+00:00,10628.90999999999,10628.90999999999,10544.95999999999,10573.07999999999,0
2005-06-22T00:00:00+00:00,10573.07999999999,10610.07999999999,10563.099999999991,10587.589999999991,0
2005-06-23T00:00:00+00:00,10587.589999999991,10661.129999999992,10545.959999999992,10647.809999999992,0
2005-06-24T00:00:00+00:00,10647.809999999992,10685.139999999992,10639.169999999993,10685.139999999992,0
2005-06-28T00:00:00+00:00,10685.139999999992,10685.139999999992,10618.489999999993,10653.779999999993,0
2005-06-29T00:00:00+00:00,10653.779999999993,10751.779999999993,10646.139999999994,10746.129999999994,0
2005-06-30T00:00:00+00:00,10746.129999999994,10772.879999999994,10725.439999999993,10755.749999999995,0
2005-07-01T00:00:00+00:00,10755.749999999995,10771.599999999993,10724.419999999995,10765.979999999994,0
2005-07-05T00:00:00+00:00,10765.979999999994,10765.979999999994,10730.919999999995,10753.309999999994,0
2005-07-06T00:00:00+00:00,10753.309999999994,10766.339999999995,10714.839999999995,10724.779999999995,0
2005-07-07T00:00:00+00:00,10724.779999999995,10752.939999999995,10680.269999999995,10680.269999999995,0
2005-07-08T00:00:00+00:00,10680.269999999995,10696.959999999994,10661.659999999994,10684.289999999994,0
2005-07-12T00:00:00+00:00,10684.289999999994,10720.439999999995,10676.089999999995,10682.109999999995,0
2005-07-13T00:00:00+00:00,10682.109999999995,10683.089999999995,10617.729999999996,10636.929999999995,0
2005-07-14T00:00:00+00:00,10636.929999999995,10639.059999999994,10590.749999999995,10590.939999999995,0
2005-07-15T00:00:00+00:00,10590.939999999995,10659.989999999996,10590.939999999995,10639.739999999996,0
2005-07-19T00:00:00+00:00,10639.739999999996,10754.839999999995,10639.739999999996,10739.839999999995,13
2005-07-20T00:00:00+00:00,10739.839999999995,10748.789999999994,10710.219999999994,10743.069999999994,0
2005-07-21T00:00:00+00:00,10743.069999999994,10779.329999999994,10723.549999999994,10751.689999999995,0
2005-07-22T00:00:00+00:00,10751.689999999995,10810.389999999994,10729.889999999994,10729.889999999994,0
2005-07-26T00:00:00+00:00,10729.889999999994,10790.399999999992,10726.849999999993,10770.839999999993,0
2005-07-27T00:00:00+00:00,10770.839999999993,10780.829999999993,10727.169999999993,10746.109999999991,0
2005-07-28T00:00:00+00:00,10746.109999999991,10824.199999999992,10746.109999999991,10810.619999999992,0
2005-07-29T00:00:00+00:00,10810.619999999992,10818.619999999992,10782.379999999992,10787.06999999999,0
2005-08-02T00:00:00+00:00,10787.06999999999,10852.48999999999,10785.689999999991,10826.56999999999,0
2005-08-03T00:00:00+00:00,10826.56999999999,10854.539999999992,10793.21999999999,10812.539999999992,0
2005-08-04T00:00:00+00:00,10812.539999999992,10834.119999999992,10774.869999999992,10806.359999999991,0
2005-08-05T00:00:00+00:00,10806.359999999991,10806.359999999991,10684.419999999993,10744.529999999992,0
2005-08-09T00:00:00+00:00,10744.529999999992,10868.659999999993,10688.529999999992,10852.799999999992,0
2005-08-10T00:00:00+00:00,10852.799999999992,11013.539999999992,10852.799999999992,10955.789999999992,0
2005-08-11T00:00:00+00:00,10955.789999999992,11098.20999999999,10951.189999999991,11057.57999999999,0
2005-08-12T00:00:00+00:00,11057.57999999999,11164.259999999991,11046.97999999999,11142.81999999999,0
2005-08-16T00:00:00+00:00,11142.81999999999,11196.89999999999,11124.89999999999,11144.83999999999,0
2005-08-17T00:00:00+00:00,11144.83999999999,11156.92999999999,11097.489999999989,11135.749999999989,0
2005-08-18T00:00:00+00:00,11135.749999999989,11218.659999999989,11119.76999999999,11122.03999999999,0
2005-08-19T00:00:00+00:00,11122.03999999999,11168.769999999991,11092.05999999999,11106.609999999991,0
2005-08-23T00:00:00+00:00,11106.609999999991,11254.72999999999,11106.609999999991,11228.419999999991,0
2005-08-24T00:00:00+00:00,11228.419999999991,11328.769999999991,11189.539999999992,11189.539999999992,0
2005-08-25T00:00:00+00:00,11189.539999999992,11283.669999999991,11184.519999999991,11270.269999999991,0
2005-08-26T00:00:00+00:00,11270.269999999991,11293.899999999992,11228.399999999992,11232.219999999992,0
2005-08-30T00:00:00+00:00,11232.219999999992,11232.219999999992,11120.269999999991,11155.289999999992,0
2005-08-31T00:00:00+00:00,11155.289999999992,11200.919999999993,11139.979999999992,11197.019999999991,0
2005-09-01T00:00:00+00:00,11197.019999999991,11212.359999999991,11162.099999999991,11182.019999999991,0
2005-09-02T00:00:00+00:00,11182.019999999991,11253.599999999991,11182.019999999991,11187.55999999999,0
2005-09-06T00:00:00+00:00,11187.55999999999,11226.40999999999,11151.629999999992,11206.13999999999,0
2005-09-07T00:00:00+00:00,11206.13999999999,11249.66999999999,11100.73999999999,11118.88999999999,0
2005-09-08T00:00:00+00:00,11118.88999999999,11118.88999999999,11010.93999999999,11043.62999999999,0
2005-09-09T00:00:00+00:00,11043.62999999999,11043.62999999999,10941.00999999999,10976.499999999989,0
2005-09-13T00:00:00+00:00,10976.499999999989,11062.049999999988,10949.449999999988,11031.909999999989,0
2005-09-14T00:00:00+00:00,11031.909999999989,11076.36999999999,10982.87999999999,11037.63999999999,0
2005-09-15T00:00:00+00:00,11037.63999999999,11061.55999999999,11020.899999999989,11024.26999999999,0
2005-09-16T00:00:00+00:00,11024.26999999999,11193.26999999999,11013.199999999988,11193.26999999999,0
2005-09-20T00:00:00+00:00,11193.26999999999,11383.36999999999,11193.26999999999,11293.06999999999,315
2005-09-21T00:00:00+00:00,11293.06999999999,11460.82999999999,11293.06999999999,11450.009999999991,0
2005-09-22T00:00:00+00:00,11450.009999999991,11503.719999999992,11376.949999999992,11464.869999999992,0
2005-09-23T00:00:00+00:00,11464.869999999992,11514.339999999993,11434.259999999993,11503.339999999993,0
2005-09-27T00:00:00+00:00,11503.339999999993,11666.699999999992,11503.339999999993,11666.699999999992,0
2005-09-28T00:00:00+00:00,11666.699999999992,11669.609999999991,11578.90999999999,11606.649999999992,0
2005-09-29T00:00:00+00:00,11606.649999999992,11786.969999999992,11605.639999999992,11735.029999999992,0
2005-09-30T00:00:00+00:00,11735.029999999992,11836.539999999992,11660.199999999992,11836.539999999992,0
2005-10-04T00:00:00+00:00,11836.539999999992,11854.949999999992,11725.009999999991,11795.619999999992,0
2005-10-05T00:00:00+00:00,11795.619999999992,11937.079999999993,11791.249999999993,11937.079999999993,0
2005-10-06T00:00:00+00:00,11937.079999999993,11958.869999999994,11831.209999999994,11865.159999999993,0
2005-10-07T00:00:00+00:00,11865.159999999993,11865.159999999993,11596.429999999993,11670.109999999993,0
2005-10-11T00:00:00+00:00,11670.109999999993,11990.309999999992,11670.109999999993,11945.109999999993,473
2005-10-12T00:00:00+00:00,11945.109999999993,12221.489999999993,11906.619999999994,12221.489999999993,0
2005-10-13T00:00:00+00:00,12221.489999999993,12359.709999999992,12119.359999999991,12119.359999999991,0
2005-10-14T00:00:00+00:00,12119.359999999991,12207.199999999992,11998.31999999999,12180.57999999999,0
2005-10-18T00:00:00+00:00,12180.57999999999,12205.02999999999,12036.03999999999,12094.689999999991,0
2005-10-19T00:00:00+00:00,12094.689999999991,12160.279999999992,12040.46999999999,12070.73999999999,0
2005-10-20T00:00:00+00:00,12070.73999999999,12078.06999999999,11846.54999999999,11902.57999999999,0
2005-10-21T00:00:00+00:00,11902.57999999999,11945.06999999999,11856.599999999991,11871.12999999999,0
2005-10-25T00:00:00+00:00,11871.12999999999,11882.95999999999,11721.759999999991,11744.89999999999,0
2005-10-26T00:00:00+00:00,11744.89999999999,11853.61999999999,11736.02999999999,11797.599999999991,0
2005-10-27T00:00:00+00:00,11797.599999999991,11912.329999999993,11791.739999999993,11901.159999999993,0
2005-10-28T00:00:00+00:00,11901.159999999993,11961.679999999993,11848.099999999993,11877.519999999993,0
2005-11-01T00:00:00+00:00,11877.519999999993,12024.029999999993,11873.599999999993,12024.029999999993,0
2005-11-02T00:00:00+00:00,12024.029999999993,12173.679999999995,12012.149999999994,12173.679999999995,0
2005-11-03T00:00:00+00:00,12173.679999999995,12236.089999999995,12116.389999999994,12203.359999999995,0
2005-11-04T00:00:00+00:00,12203.359999999995,12213.259999999995,12123.059999999996,12183.059999999996,308
2005-11-08T00:00:00+00:00,12183.059999999996,12196.539999999995,12081.699999999995,12160.549999999996,0
2005-11-09T00:00:00+00:00,12160.549999999996,12164.509999999995,12075.619999999995,12129.499999999995,0
2005-11-10T00:00:00+00:00,12129.499999999995,12276.349999999995,12091.589999999995,12212.389999999996,0
2005-11-11T00:00:00+00:00,12212.389999999996,12275.809999999994,12136.089999999995,12234.979999999994,0
2005-11-15T00:00:00+00:00,12234.979999999994,12234.979999999994,12121.709999999995,12132.299999999996,0
2005-11-16T00:00:00+00:00,12132.299999999996,12204.699999999995,12105.879999999996,12154.199999999995,0
2005-11-17T00:00:00+00:00,12154.199999999995,12289.329999999996,12134.079999999996,12289.329999999996,0
2005-11-18T00:00:00+00:00,12289.329999999996,12545.299999999996,12266.019999999995,12508.339999999997,0
2005-11-22T00:00:00+00:00,12508.339999999997,12597.269999999995,12379.619999999995,12469.489999999996,0
2005-11-23T00:00:00+00:00,12469.489999999996,12506.709999999995,12393.509999999995,12451.769999999995,0
2005-11-24T00:00:00+00:00,12451.769999999995,12451.769999999995,12256.569999999994,12301.469999999996,79
2005-11-25T00:00:00+00:00,12301.469999999996,12351.749999999996,12206.359999999997,12227.339999999997,0
2005-11-29T00:00:00+00:00,12227.339999999997,12366.699999999997,12201.509999999997,12366.699999999997,0
2005-11-30T00:00:00+00:00,12366.699999999997,12461.139999999998,12334.089999999998,12393.759999999998,0
2005-12-01T00:00:00+00:00,12393.759999999998,12425.659999999998,12284.569999999998,12284.569999999998,0
2005-12-02T00:00:00+00:00,12284.569999999998,12500.319999999998,12249.999999999998,12500.319999999998,0
2005-12-06T00:00:00+00:00,12500.319999999998,12650.189999999997,12466.439999999997,12638.109999999997,0
2005-12-07T00:00:00+00:00,12638.109999999997,12692.159999999996,12542.819999999996,12542.819999999996,0
2005-12-08T00:00:00+00:00,12542.819999999996,12580.799999999996,12490.229999999996,12507.139999999996,0
2005-12-09T00:00:00+00:00,12507.139999999996,12559.639999999996,12219.849999999997,12219.849999999997,0
2005-12-13T00:00:00+00:00,12219.849999999997,12435.189999999997,12218.659999999996,12408.899999999998,0
2005-12-14T00:00:00+00:00,12408.899999999998,12436.889999999998,12320.679999999998,12433.449999999999,0
2005-12-15T00:00:00+00:00,12433.449999999999,12501.039999999999,12062.669999999998,12080.099999999999,0
2005-12-16T00:00:00+00:00,12080.099999999999,12173.179999999998,11958.269999999999,11958.269999999999,0
2005-12-20T00:00:00+00:00,11958.269999999999,12097.599999999999,11902.119999999999,12097.599999999999,0
2005-12-21T00:00:00+00:00,12097.599999999999,12356.58,12074.279999999999,12350.15,0
2005-12-22T00:00:00+00:00,12350.15,12647.25,12348.99,12594.65,0
2005-12-23T00:00:00+00:00,12594.65,12609.96,12378.39,12560.03,0
2005-12-27T00:00:00+00:00,12560.03,12641.310000000001,12558.550000000001,12640.04,0
2005-12-28T00:00:00+00:00,12640.04,12685.28,12568.83,12575.5,0
2005-12-29T00:00:00+00:00,12575.5,12849.44,12566.06,12849.44,0
2005-12-30T00:00:00+00:00,12849.44,13047.460000000001,12848.57,12946.1,0
2006-01-03T00:00:00+00:00,12946.1,13226.1,12946.1,13211.1,547
2006-01-04T00:00:00+00:00,13211.1,13336.1,13146.1,13321.1,394
2006-01-05T00:00:00+00:00,13321.1,13387.990000000002,13277.210000000001,13387.990000000002,0
2006-01-06T00:00:00+00:00,13387.990000000002,13421.240000000002,13315.230000000001,13372.09,0
2006-01-10T00:00:00+00:00,13372.09,13372.09,12957.09,13067.09,541
2006-01-11T00:00:00+00:00,13067.09,13067.09,12704.390000000001,12704.390000000001,0
2006-01-12T00:00:00+00:00,12704.390000000001,12903.060000000001,12544.710000000001,12903.060000000001,0
2006-01-13T00:00:00+00:00,12903.060000000001,12949.360000000004,12786.820000000003,12921.560000000001,0
2006-01-17T00:00:00+00:00,12921.560000000001,12949.150000000001,12783.11,12829.550000000001,0
2006-01-18T00:00:00+00:00,12829.550000000001,13001.650000000001,12483.430000000002,12483.430000000002,0
2006-01-19T00:00:00+00:00,12483.430000000002,12483.430000000002,11817.310000000003,12098.970000000003,0
2006-01-20T00:00:00+00:00,12098.970000000003,12443.190000000002,12098.970000000003,12398.650000000003,0
2006-01-24T00:00:00+00:00,12398.650000000003,12465.940000000002,12213.750000000002,12261.690000000002,0
2006-01-25T00:00:00+00:00,12261.690000000002,12475.920000000002,12261.170000000002,12439.670000000002,0
2006-01-26T00:00:00+00:00,12439.670000000002,12563.430000000002,12364.910000000002,12364.910000000002,0
2006-01-27T00:00:00+00:00,12364.910000000002,12472.230000000001,12346.1,12472.230000000001,0
2006-01-31T00:00:00+00:00,12472.230000000001,12610.92,12395.040000000003,12407.550000000001,0
2006-02-01T00:00:00+00:00,12407.550000000001,12522.44,12364.960000000001,12453.47,0
2006-02-02T00:00:00+00:00,12453.47,12530.479999999998,12338.659999999998,12338.659999999998,0
2006-02-03T00:00:00+00:00,12338.659999999998,12442.24,12317.589999999998,12416.609999999999,0
2006-02-07T00:00:00+00:00,12416.609999999999,12457.749999999998,12258.569999999998,12428.139999999998,0
2006-02-08T00:00:00+00:00,12428.139999999998,12429.349999999997,12341.019999999999,12380.97,0
2006-02-09T00:00:00+00:00,12380.97,12453.92,12043.69,12043.69,0
2006-02-10T00:00:00+00:00,12043.69,12139.44,11950.38,12038.619999999997,0
2006-02-14T00:00:00+00:00,12038.619999999997,12038.619999999997,11724.349999999997,11724.349999999997,0
2006-02-15T00:00:00+00:00,11724.349999999997,12064.029999999997,11571.019999999997,12064.029999999997,0
2006-02-16T00:00:00+00:00,12064.029999999997,12073.829999999996,11693.919999999996,11693.919999999996,0
2006-02-17T00:00:00+00:00,11693.919999999996,11901.739999999998,11634.539999999997,11836.209999999997,0
2006-02-21T00:00:00+00:00,11836.209999999997,11877.479999999998,11605.209999999997,11653.559999999998,0
2006-02-22T00:00:00+00:00,11653.559999999998,11945.669999999998,11624.439999999997,11945.669999999998,0
2006-02-23T00:00:00+00:00,11945.669999999998,11986.029999999999,11742.939999999999,11844.81,0
2006-02-24T00:00:00+00:00,11844.81,12032.039999999999,11828.449999999999,12032.039999999999,0
2006-02-28T00:00:00+00:00,12032.039999999999,12166.039999999999,11999.18,12068.84,0
2006-03-01T00:00:00+00:00,12068.84,12079.9,11803.539999999999,12055.65,0
2006-03-02T00:00:00+00:00,12055.65,12082.13,11939.48,11993.289999999999,0
2006-03-03T00:00:00+00:00,11993.289999999999,12030.789999999999,11804.239999999998,11834.289999999999,0
2006-03-07T00:00:00+00:00,11834.289999999999,12066.82,11775.46,12066.82,0
2006-03-08T00:00:00+00:00,12066.82,12066.82,11880.37,11928.27,0
2006-03-09T00:00:00+00:00,11928.27,11991.13,11823.619999999999,11897.97,0
2006-03-10T00:00:00+00:00,11897.97,12302.28,11897.97,12289.58,0
2006-03-14T00:00:00+00:00,12289.58,12404.46,12267.15,12386.5,0
2006-03-15T00:00:00+00:00,12386.5,12395.68,12223.75,12223.75,0
2006-03-16T00:00:00+00:00,12223.75,12248.99,12173,12200.27,0
2006-03-17T00:00:00+00:00,12200.27,12202.050000000001,11878.11,11941.77,0
2006-03-21T00:00:00+00:00,11941.77,12309.550000000001,11941.77,12267.22,0
2006-03-22T00:00:00+00:00,12267.22,12403.32,12229.32,12393.52,386
2006-03-23T00:00:00+00:00,12393.52,12398.27,12292.279999999999,12310.5,0
2006-03-24T00:00:00+00:00,12310.5,12366.16,12169.490000000002,12194.39,0
2006-03-28T00:00:00+00:00,12194.39,12305.630000000001,12194.39,12244.57,0
2006-03-29T00:00:00+00:00,12244.57,12384.34,12158.05,12384.34,0
2006-03-30T00:00:00+00:00,12384.34,12690.25,12327.68,12652.369999999999,0
2006-03-31T00:00:00+00:00,12652.369999999999,12766.879999999997,12615.71,12686.579999999998,0
2006-04-04T00:00:00+00:00,12686.579999999998,12946.05,12664.469999999998,12892.279999999999,0
2006-04-05T00:00:00+00:00,12892.279999999999,13006.999999999996,12863.089999999997,12889.609999999997,0
2006-04-06T00:00:00+00:00,12889.609999999997,13014.009999999998,12736.819999999996,12793.449999999997,0
2006-04-07T00:00:00+00:00,12793.449999999997,12917.21,12774.889999999996,12917.21,0
2006-04-11T00:00:00+00:00,12917.21,12951.79,12847.43,12918.760000000002,0
2006-04-12T00:00:00+00:00,12918.760000000002,12947.240000000002,12753.5,12876.210000000003,0
2006-04-13T00:00:00+00:00,12876.210000000003,12904.240000000002,12741.030000000002,12741.580000000002,0
2006-04-14T00:00:00+00:00,12741.580000000002,12812.570000000003,12578.260000000002,12708.450000000004,0
2006-04-18T00:00:00+00:00,12708.450000000004,12708.450000000004,12475.080000000005,12475.080000000005,0
2006-04-19T00:00:00+00:00,12475.080000000005,12771.370000000006,12448.620000000006,12736.180000000008,0
2006-04-20T00:00:00+00:00,12736.180000000008,12789.500000000011,12680.380000000008,12680.380000000008,0
2006-04-21T00:00:00+00:00,12680.380000000008,12701.03000000001,12572.41000000001,12605.970000000008,0
2006-04-25T00:00:00+00:00,12605.970000000008,12605.970000000008,12252.500000000011,12274.750000000011,0
2006-04-26T00:00:00+00:00,12274.750000000011,12345.590000000011,12132.830000000009,12315.680000000011,0
2006-04-27T00:00:00+00:00,12315.680000000011,12430.380000000012,12266.990000000013,12378.380000000012,0
2006-04-28T00:00:00+00:00,12378.380000000012,12435.520000000015,12354.180000000015,12374.000000000015,0
2006-05-02T00:00:00+00:00,12374.000000000015,12409.500000000015,12312.860000000011,12369.880000000012,0
2006-05-03T00:00:00+00:00,12369.880000000012,12638.290000000012,12350.080000000013,12603.520000000011,0
2006-05-04T00:00:00+00:00,12603.520000000011,12691.020000000011,12585.620000000014,12671.220000000012,319
2006-05-05T00:00:00+00:00,12671.220000000012,12788.720000000012,12613.82000000001,12773.82000000001,473
2006-05-09T00:00:00+00:00,12773.82000000001,12814.880000000012,12688.220000000012,12731.30000000001,0
2006-05-10T00:00:00+00:00,12731.30000000001,12771.990000000009,12656.44000000001,12668.400000000009,0
2006-05-11T00:00:00+00:00,12668.400000000009,12760.040000000008,12390.320000000007,12458.860000000008,0
2006-05-12T00:00:00+00:00,12458.860000000008,12658.490000000009,12412.340000000007,12433.630000000008,0
2006-05-16T00:00:00+00:00,12433.630000000008,12524.660000000007,12354.950000000008,12524.660000000007,0
2006-05-17T00:00:00+00:00,12524.660000000007,12612.250000000007,12132.500000000007,12174.190000000008,0
2006-05-18T00:00:00+00:00,12174.190000000008,12234.470000000007,11948.830000000007,12222.840000000007,0
2006-05-19T00:00:00+00:00,12222.840000000007,12272.730000000007,12047.980000000007,12220.770000000008,0
2006-05-23T00:00:00+00:00,12220.770000000008,12234.720000000008,11803.470000000008,11824.080000000009,0
2006-05-24T00:00:00+00:00,11824.080000000009,11878.23000000001,11684.89000000001,11701.23000000001,0
2006-05-25T00:00:00+00:00,11701.23000000001,11931.790000000012,11533.100000000011,11931.790000000012,0
2006-05-26T00:00:00+00:00,11931.790000000012,11971.690000000011,11767.080000000013,11816.210000000012,0
2006-05-30T00:00:00+00:00,11816.210000000012,11816.210000000012,11589.74000000001,11620.350000000011,0
2006-05-31T00:00:00+00:00,11620.350000000011,11637.47000000001,11514.39000000001,11559.010000000011,0
2006-06-01T00:00:00+00:00,11559.010000000011,11559.010000000011,11340.670000000011,11365.47000000001,0
2006-06-02T00:00:00+00:00,11365.47000000001,11417.22000000001,11179.73000000001,11265.96000000001,0
2006-06-06T00:00:00+00:00,11265.96000000001,11331.600000000011,11169.40000000001,11214.96000000001,0
2006-06-07T00:00:00+00:00,11214.96000000001,11221.82000000001,11054.97000000001,11098.90000000001,0
2006-06-08T00:00:00+00:00,11098.90000000001,11247.140000000012,10909.000000000011,10909.860000000011,0
2006-06-09T00:00:00+00:00,10909.860000000011,10909.860000000011,10416.78000000001,10552.850000000011,0
2006-06-13T00:00:00+00:00,10552.850000000011,10712.430000000013,10448.260000000013,10700.400000000012,0
2006-06-14T00:00:00+00:00,10700.400000000012,10708.040000000012,10268.410000000013,10268.410000000013,0
2006-06-15T00:00:00+00:00,10268.410000000013,10642.710000000012,10229.420000000013,10493.450000000012,0
2006-06-16T00:00:00+00:00,10493.450000000012,10633.970000000012,10457.820000000012,10510.880000000012,0
2006-06-20T00:00:00+00:00,10510.880000000012,10613.620000000012,10467.16000000001,10555.370000000012,0
2006-06-21T00:00:00+00:00,10555.370000000012,10589.97000000001,10366.130000000012,10392.670000000011,0
2006-06-22T00:00:00+00:00,10392.670000000011,10393.24000000001,10162.77000000001,10324.07000000001,0
2006-06-23T00:00:00+00:00,10324.07000000001,10650.37000000001,10324.07000000001,10647.590000000011,0
2006-06-27T00:00:00+00:00,10647.590000000011,10784.140000000012,10555.130000000012,10719.760000000011,0
2006-06-28T00:00:00+00:00,10719.760000000011,10761.510000000011,10649.240000000013,10725.940000000011,0
2006-06-29T00:00:00+00:00,10725.940000000011,10725.940000000011,10552.73000000001,10614.040000000012,0
2006-06-30T00:00:00+00:00,10614.040000000012,10769.920000000011,10608.120000000012,10753.49000000001,0
2006-07-04T00:00:00+00:00,10753.49000000001,10797.36000000001,10693.430000000011,10751.760000000011,0
2006-07-05T00:00:00+00:00,10751.760000000011,10785.11000000001,10692.53000000001,10713.22000000001,0
2006-07-06T00:00:00+00:00,10713.22000000001,10793.670000000011,10688.98000000001,10732.99000000001,0
2006-07-07T00:00:00+00:00,10732.99000000001,10738.64000000001,10555.99000000001,10599.21000000001,0
2006-07-11T00:00:00+00:00,10599.21000000001,11004.73000000001,10529.04000000001,11002.11000000001,0
2006-07-12T00:00:00+00:00,11002.11000000001,11015.05000000001,10850.44000000001,10990.67000000001,0
2006-07-13T00:00:00+00:00,10990.67000000001,11048.970000000008,10754.400000000009,10834.570000000009,0
2006-07-14T00:00:00+00:00,10834.570000000009,11077.18000000001,10760.44000000001,10804.78000000001,0
2006-07-18T00:00:00+00:00,10804.78000000001,10804.78000000001,10496.38000000001,10688.68000000001,1108
2006-07-19T00:00:00+00:00,10688.68000000001,10721.70000000001,10411.740000000009,10411.740000000009,0
2006-07-20T00:00:00+00:00,10411.740000000009,10533.550000000008,10364.34000000001,10408.17000000001,0
2006-07-21T00:00:00+00:00,10408.17000000001,10656.740000000009,10400.04000000001,10641.45000000001,0
2006-07-25T00:00:00+00:00,10641.45000000001,10792.78000000001,10501.54000000001,10735.37000000001,0
2006-07-26T00:00:00+00:00,10735.37000000001,10843.13000000001,10713.13000000001,10770.01000000001,0
2006-07-27T00:00:00+00:00,10770.01000000001,10812.580000000009,10587.11000000001,10588.51000000001,0
2006-07-28T00:00:00+00:00,10588.51000000001,10925.34000000001,10544.50000000001,10884.79000000001,0
2006-08-01T00:00:00+00:00,10884.79000000001,10958.72000000001,10855.600000000011,10879.21000000001,0
2006-08-02T00:00:00+00:00,10879.21000000001,11013.72000000001,10857.400000000009,10932.60000000001,0
2006-08-03T00:00:00+00:00,10932.60000000001,11057.140000000009,10878.880000000008,11055.36000000001,0
2006-08-04T00:00:00+00:00,11055.36000000001,11109.00000000001,10969.76000000001,10998.46000000001,0
2006-08-08T00:00:00+00:00,10998.46000000001,11020.23000000001,10658.05000000001,10658.05000000001,0
2006-08-09T00:00:00+00:00,10658.05000000001,10900.600000000011,10612.760000000011,10888.32000000001,0
2006-08-10T00:00:00+00:00,10888.32000000001,11130.71000000001,10711.60000000001,11127.89000000001,0
2006-08-11T00:00:00+00:00,11127.89000000001,11233.66000000001,11078.95000000001,11173.71000000001,0
2006-08-15T00:00:00+00:00,11173.71000000001,11495.96000000001,11172.420000000011,11479.860000000011,0
2006-08-16T00:00:00+00:00,11479.860000000011,11561.510000000011,11455.89000000001,11464.360000000011,0
2006-08-17T00:00:00+00:00,11464.360000000011,11578.83000000001,11456.74000000001,11565.120000000012,0
2006-08-18T00:00:00+00:00,11565.120000000012,11627.160000000013,11431.000000000013,11443.400000000012,0
2006-08-22T00:00:00+00:00,11443.400000000012,11484.400000000012,11275.510000000013,11307.940000000013,0
2006-08-23T00:00:00+00:00,11307.940000000013,11557.790000000014,11307.940000000013,11494.120000000014,0
2006-08-24T00:00:00+00:00,11494.120000000014,11558.890000000014,11450.420000000015,11495.330000000014,0
2006-08-25T00:00:00+00:00,11495.330000000014,11495.920000000013,11317.410000000014,11367.410000000014,0
2006-08-29T00:00:00+00:00,11367.410000000014,11419.420000000015,11159.340000000015,11176.920000000015,0
2006-08-30T00:00:00+00:00,11176.920000000015,11241.420000000015,11106.730000000014,11185.560000000014,0
2006-08-31T00:00:00+00:00,11185.560000000014,11218.590000000015,11024.820000000014,11127.680000000015,0
2006-09-01T00:00:00+00:00,11127.680000000015,11450.480000000014,11125.330000000014,11383.830000000014,0
2006-09-05T00:00:00+00:00,11383.830000000014,11518.590000000013,11383.830000000014,11461.720000000014,0
2006-09-06T00:00:00+00:00,11461.720000000014,11508.330000000014,11385.110000000013,11490.390000000012,0
2006-09-07T00:00:00+00:00,11490.390000000012,11540.83000000001,11385.280000000012,11424.210000000012,0
2006-09-08T00:00:00+00:00,11424.210000000012,11424.210000000012,11226.300000000012,11294.680000000011,0
2006-09-12T00:00:00+00:00,11294.680000000011,11294.680000000011,11013.620000000012,11035.930000000011,0
2006-09-13T00:00:00+00:00,11035.930000000011,11074.510000000011,10867.500000000013,10911.470000000012,0
2006-09-14T00:00:00+00:00,10911.470000000012,10987.280000000012,10752.640000000012,10772.020000000011,0
2006-09-15T00:00:00+00:00,10772.020000000011,10935.090000000013,10742.180000000011,10882.690000000011,0
2006-09-19T00:00:00+00:00,10882.690000000011,10882.690000000011,10644.49000000001,10760.090000000011,601
2006-09-20T00:00:00+00:00,10760.090000000011,10907.800000000012,10678.670000000011,10685.900000000012,0
2006-09-21T00:00:00+00:00,10685.900000000012,10691.600000000013,10550.210000000014,10646.600000000013,0
2006-09-22T00:00:00+00:00,10646.600000000013,10685.700000000012,10501.330000000013,10660.720000000012,0
2006-09-26T00:00:00+00:00,10660.720000000012,10801.220000000012,10624.030000000013,10743.970000000012,0
2006-09-27T00:00:00+00:00,10743.970000000012,10816.440000000013,10667.390000000012,10706.940000000013,0
2006-09-28T00:00:00+00:00,10706.940000000013,10961.830000000014,10695.400000000014,10961.830000000014,0
2006-09-29T00:00:00+00:00,10961.830000000014,11024.420000000015,10902.660000000014,11016.290000000015,0
2006-10-03T00:00:00+00:00,11016.290000000015,11176.530000000015,11005.270000000015,11101.580000000016,0
2006-10-04T00:00:00+00:00,11101.580000000016,11163.500000000016,11051.920000000016,11145.120000000017,0
2006-10-05T00:00:00+00:00,11145.120000000017,11219.320000000018,10884.520000000017,10938.750000000016,0
2006-10-06T00:00:00+00:00,10938.750000000016,11128.270000000017,10933.600000000015,11096.290000000017,0
2006-10-10T00:00:00+00:00,11096.290000000017,11356.490000000018,11096.290000000017,11320.89000000002,477
2006-10-11T00:00:00+00:00,11320.89000000002,11615.560000000021,11320.89000000002,11472.66000000002,0
2006-10-12T00:00:00+00:00,11472.66000000002,11571.30000000002,11375.130000000021,11375.96000000002,0
2006-10-13T00:00:00+00:00,11375.96000000002,11485.130000000021,11333.08000000002,11358.40000000002,0
2006-10-17T00:00:00+00:00,11358.40000000002,11427.620000000017,11343.610000000019,11387.940000000017,0
2006-10-18T00:00:00+00:00,11387.940000000017,11387.940000000017,11244.340000000015,11294.670000000016,0
2006-10-19T00:00:00+00:00,11294.670000000016,11440.960000000017,11241.500000000018,11427.760000000017,0
2006-10-20T00:00:00+00:00,11427.760000000017,11443.460000000017,11260.72000000002,11305.860000000019,0
2006-10-24T00:00:00+00:00,11305.860000000019,11462.250000000018,11263.070000000018,11453.360000000019,0
2006-10-25T00:00:00+00:00,11453.360000000019,11501.160000000018,11359.610000000019,11380.10000000002,0
2006-10-26T00:00:00+00:00,11380.10000000002,11391.35000000002,11239.31000000002,11241.60000000002,0
2006-10-27T00:00:00+00:00,11241.60000000002,11310.430000000022,11219.500000000022,11258.790000000019,0
2006-10-31T00:00:00+00:00,11258.790000000019,11264.000000000018,11044.180000000018,11066.14000000002,0
2006-11-01T00:00:00+00:00,11066.14000000002,11153.75000000002,10990.98000000002,11076.080000000018,0
2006-11-02T00:00:00+00:00,11076.080000000018,11181.870000000017,10983.600000000019,11112.620000000019,0
2006-11-03T00:00:00+00:00,11112.620000000019,11180.690000000019,11039.810000000018,11180.690000000019,0
2006-11-07T00:00:00+00:00,11180.690000000019,11300.420000000016,11106.040000000017,11266.670000000018,0
2006-11-08T00:00:00+00:00,11266.670000000018,11269.390000000016,11135.600000000017,11150.290000000017,0
2006-11-09T00:00:00+00:00,11150.290000000017,11170.07000000002,10945.670000000018,10961.980000000018,0
2006-11-10T00:00:00+00:00,10961.980000000018,11029.380000000017,10837.610000000017,10941.690000000017,0
2006-11-14T00:00:00+00:00,10941.690000000017,10992.730000000016,10839.130000000017,10947.760000000017,0
2006-11-15T00:00:00+00:00,10947.760000000017,11087.000000000016,10944.970000000018,11058.500000000016,0
2006-11-16T00:00:00+00:00,11058.500000000016,11083.240000000016,10953.230000000016,10953.230000000016,0
2006-11-17T00:00:00+00:00,10953.230000000016,11027.850000000017,10804.450000000017,10824.620000000017,0
2006-11-21T00:00:00+00:00,10824.620000000017,10856.460000000017,10546.220000000018,10546.220000000018,0
2006-11-22T00:00:00+00:00,10546.220000000018,10597.520000000017,10476.010000000017,10513.930000000017,0
2006-11-23T00:00:00+00:00,10513.930000000017,10747.630000000016,10508.880000000016,10747.630000000016,0
2006-11-24T00:00:00+00:00,10747.630000000016,10747.630000000016,10545.630000000016,10565.630000000016,345
2006-11-28T00:00:00+00:00,10565.630000000016,10862.180000000017,10565.630000000016,10835.450000000015,0
2006-11-29T00:00:00+00:00,10835.450000000015,10978.990000000016,10777.420000000016,10978.990000000016,0
2006-11-30T00:00:00+00:00,10978.990000000016,11156.650000000016,10975.370000000015,11106.500000000016,0
2006-12-01T00:00:00+00:00,11106.500000000016,11197.530000000017,11076.050000000017,11197.530000000017,0
2006-12-05T00:00:00+00:00,11197.530000000017,11295.590000000018,11119.470000000018,11237.140000000018,0
2006-12-06T00:00:00+00:00,11237.140000000018,11266.720000000018,11105.860000000019,11132.340000000018,0
2006-12-07T00:00:00+00:00,11132.340000000018,11223.85000000002,11076.99000000002,11193.82000000002,0
2006-12-08T00:00:00+00:00,11193.82000000002,11282.64000000002,11148.21000000002,11205.27000000002,0
2006-12-12T00:00:00+00:00,11205.27000000002,11326.940000000022,11188.370000000023,11245.960000000023,0
2006-12-13T00:00:00+00:00,11245.960000000023,11306.920000000026,11208.050000000023,11262.050000000023,0
2006-12-14T00:00:00+00:00,11262.050000000023,11345.730000000023,11242.530000000022,11345.730000000023,0
2006-12-15T00:00:00+00:00,11345.730000000023,11460.590000000024,11345.730000000023,11460.590000000024,0
2006-12-19T00:00:00+00:00,11460.590000000024,11491.820000000023,11428.490000000022,11460.050000000023,0
2006-12-20T00:00:00+00:00,11460.050000000023,11531.020000000024,11330.400000000021,11353.070000000023,0
2006-12-21T00:00:00+00:00,11353.070000000023,11574.220000000021,11353.070000000023,11534.530000000022,0
2006-12-22T00:00:00+00:00,11534.530000000022,11602.77000000002,11503.640000000023,11541.430000000024,0
2006-12-26T00:00:00+00:00,11541.430000000024,11559.110000000024,11493.320000000023,11529.520000000024,0
2006-12-27T00:00:00+00:00,11529.520000000024,11644.910000000024,11515.790000000025,11628.390000000023,0
2006-12-28T00:00:00+00:00,11628.390000000023,11681.840000000024,11628.390000000023,11644.420000000026,0
2006-12-29T00:00:00+00:00,11644.420000000026,11656.000000000024,11518.060000000025,11579.120000000026,0
2007-01-02T00:00:00+00:00,11579.120000000026,11775.820000000027,11579.120000000026,11716.020000000028,82
2007-01-03T00:00:00+00:00,11716.020000000028,11806.420000000026,11572.020000000028,11641.920000000026,818
2007-01-04T00:00:00+00:00,11641.920000000026,11762.220000000025,11577.520000000028,11752.320000000027,607
2007-01-05T00:00:00+00:00,11752.320000000027,11809.280000000026,11745.580000000025,11783.490000000025,0
2007-01-09T00:00:00+00:00,11783.490000000025,12008.390000000023,11783.490000000025,11978.690000000026,643
2007-01-10T00:00:00+00:00,11978.690000000026,12220.830000000025,11943.770000000028,12197.570000000027,0
2007-01-11T00:00:00+00:00,12197.570000000027,12204.570000000027,11852.720000000028,11947.55000000003,0
2007-01-12T00:00:00+00:00,11947.55000000003,12046.430000000031,11747.44000000003,11827.150000000029,0
2007-01-16T00:00:00+00:00,11827.150000000029,11940.48000000003,11811.340000000027,11876.820000000027,0
2007-01-17T00:00:00+00:00,11876.820000000027,11973.880000000025,11861.770000000024,11888.380000000025,0
2007-01-18T00:00:00+00:00,11888.380000000025,12070.160000000024,11737.800000000023,11996.480000000023,0
2007-01-19T00:00:00+00:00,11996.480000000023,12156.960000000023,11968.760000000022,12119.270000000024,0
2007-01-23T00:00:00+00:00,12119.270000000024,12173.960000000023,12090.690000000022,12113.550000000023,0
2007-01-24T00:00:00+00:00,12113.550000000023,12205.240000000022,12084.530000000022,12171.810000000021,0
2007-01-25T00:00:00+00:00,12171.810000000021,12219.530000000019,12164.86000000002,12173.900000000021,0
2007-01-26T00:00:00+00:00,12173.900000000021,12186.940000000022,11996.840000000024,12027.600000000022,0
2007-01-30T00:00:00+00:00,12027.600000000022,12124.000000000024,11953.780000000022,12104.870000000023,0
2007-01-31T00:00:00+00:00,12104.870000000023,12153.400000000021,12047.500000000024,12085.060000000021,0
2007-02-01T00:00:00+00:00,12085.060000000021,12089.09000000002,11867.07000000002,11974.650000000018,0
2007-02-02T00:00:00+00:00,11974.650000000018,12141.580000000018,11958.630000000017,12117.120000000019,0
2007-02-06T00:00:00+00:00,12117.120000000019,12117.120000000019,11880.690000000019,11930.510000000018,0
2007-02-07T00:00:00+00:00,11930.510000000018,11979.280000000019,11891.110000000017,11952.870000000019,0
2007-02-08T00:00:00+00:00,11952.870000000019,11959.780000000019,11784.620000000019,11877.280000000019,0
2007-02-09T00:00:00+00:00,11877.280000000019,11909.280000000019,11721.71000000002,11801.41000000002,0
2007-02-13T00:00:00+00:00,11801.41000000002,12101.71000000002,11801.41000000002,12076.810000000018,536
2007-02-14T00:00:00+00:00,12076.810000000018,12223.070000000016,12035.470000000018,12216.490000000018,0
2007-02-15T00:00:00+00:00,12216.490000000018,12344.120000000015,12203.010000000018,12306.840000000017,0
2007-02-16T00:00:00+00:00,12306.840000000017,12327.180000000017,12230.770000000013,12312.830000000014,0
2007-02-20T00:00:00+00:00,12312.830000000014,12451.700000000013,12287.750000000013,12417.790000000014,0
2007-02-21T00:00:00+00:00,12417.790000000014,12451.49000000001,12327.410000000013,12437.58000000001,0
2007-02-22T00:00:00+00:00,12437.58000000001,12509.24000000001,12391.070000000012,12454.190000000011,0
2007-02-23T00:00:00+00:00,12454.190000000011,12553.800000000012,12445.440000000011,12529.750000000013,0
2007-02-27T00:00:00+00:00,12529.750000000013,12610.390000000012,12455.420000000011,12525.350000000011,0
2007-02-28T00:00:00+00:00,12525.350000000011,12558.730000000012,12359.270000000013,12405.97000000001,0
2007-03-01T00:00:00+00:00,12405.97000000001,12405.97000000001,11945.15000000001,12166.480000000009,0
2007-03-02T00:00:00+00:00,12166.480000000009,12181.670000000007,11885.850000000008,12077.760000000007,0
2007-03-06T00:00:00+00:00,12077.760000000007,12077.760000000007,11618.230000000009,11727.570000000009,0
2007-03-07T00:00:00+00:00,11727.570000000009,11955.640000000009,11721.820000000009,11917.22000000001,0
2007-03-08T00:00:00+00:00,11917.22000000001,11922.93000000001,11666.690000000011,11699.54000000001,0
2007-03-09T00:00:00+00:00,11699.54000000001,12060.06000000001,11655.70000000001,12060.06000000001,0
2007-03-13T00:00:00+00:00,12060.06000000001,12073.370000000012,11954.86000000001,12040.31000000001,0
2007-03-14T00:00:00+00:00,12040.31000000001,12071.08000000001,11924.800000000012,11950.440000000011,0
2007-03-15T00:00:00+00:00,11950.440000000011,11950.440000000011,11643.100000000011,11691.140000000012,0
2007-03-16T00:00:00+00:00,11691.140000000012,11829.460000000012,11647.83000000001,11747.54000000001,0
2007-03-20T00:00:00+00:00,11747.54000000001,12060.010000000007,11747.54000000001,12043.100000000008,0
2007-03-21T00:00:00+00:00,12043.100000000008,12155.49000000001,12034.280000000008,12050.95000000001,0
2007-03-22T00:00:00+00:00,12050.95000000001,12230.95000000001,11945.75000000001,12160.850000000008,957
2007-03-23T00:00:00+00:00,12160.850000000008,12266.420000000007,12156.63000000001,12196.43000000001,0
2007-03-27T00:00:00+00:00,12196.43000000001,12236.550000000012,12103.510000000011,12200.47000000001,0
2007-03-28T00:00:00+00:00,12200.47000000001,12360.100000000011,12159.120000000012,12208.260000000011,0
2007-03-29T00:00:00+00:00,12208.260000000011,12322.760000000011,12021.790000000014,12134.870000000012,0
2007-03-30T00:00:00+00:00,12134.870000000012,12365.800000000012,12051.140000000012,12278.86000000001,0
2007-04-03T00:00:00+00:00,12278.86000000001,12358.350000000011,11931.660000000009,11961.02000000001,0
2007-04-04T00:00:00+00:00,11961.02000000001,12085.97000000001,11902.160000000009,12050.29000000001,0
2007-04-05T00:00:00+00:00,12050.29000000001,12226.120000000008,12043.75000000001,12193.70000000001,0
2007-04-06T00:00:00+00:00,12193.70000000001,12217.54000000001,12116.620000000012,12177.660000000009,0
2007-04-10T00:00:00+00:00,12177.660000000009,12319.45000000001,12177.660000000009,12315.390000000009,0
2007-04-11T00:00:00+00:00,12315.390000000009,12391.290000000006,12297.52000000001,12349.060000000007,0
2007-04-12T00:00:00+00:00,12349.060000000007,12373.060000000007,12267.860000000006,12319.740000000007,0
2007-04-13T00:00:00+00:00,12319.740000000007,12319.740000000007,12173.270000000006,12258.510000000004,0
2007-04-17T00:00:00+00:00,12258.510000000004,12448.200000000003,12258.510000000004,12379.630000000003,0
2007-04-18T00:00:00+00:00,12379.630000000003,12411.040000000006,12081.080000000004,12156.410000000005,0
2007-04-19T00:00:00+00:00,12156.410000000005,12305.860000000002,12137.350000000004,12266.340000000006,0
2007-04-20T00:00:00+00:00,12266.340000000006,12266.340000000006,11956.070000000005,12108.310000000007,0
2007-04-24T00:00:00+00:00,12108.310000000007,12175.250000000005,11932.340000000006,11974.070000000005,0
2007-04-25T00:00:00+00:00,11974.070000000005,12110.570000000005,11916.010000000004,12062.000000000005,0
2007-04-26T00:00:00+00:00,12062.000000000005,12062.000000000005,11904.030000000004,11918.640000000005,0
2007-04-27T00:00:00+00:00,11918.640000000005,12054.910000000005,11879.850000000004,11987.970000000003,0
2007-05-01T00:00:00+00:00,11987.970000000003,12022.770000000002,11907.770000000002,12007.770000000002,479
2007-05-02T00:00:00+00:00,12007.770000000002,12007.770000000002,11814.500000000002,11886.450000000003,0
2007-05-03T00:00:00+00:00,11886.450000000003,12016.800000000001,11802.790000000003,11970.62,0
2007-05-04T00:00:00+00:00,11970.62,12010.42,11920.519999999999,11985.42,427
2007-05-08T00:00:00+00:00,11985.42,12137.240000000003,11979.490000000003,12091.080000000004,0
2007-05-09T00:00:00+00:00,12091.080000000004,12151.28,12027.53,12096.450000000003,0
2007-05-10T00:00:00+00:00,12096.450000000003,12233.200000000003,12096.450000000003,12227.99,0
2007-05-11T00:00:00+00:00,12227.99,12261.979999999998,12147.389999999998,12171.459999999997,0
2007-05-15T00:00:00+00:00,12171.459999999997,12275.369999999997,12162.579999999996,12166.659999999994,0
2007-05-16T00:00:00+00:00,12166.659999999994,12199.069999999994,12081.109999999995,12102.499999999995,0
2007-05-17T00:00:00+00:00,12102.499999999995,12155.449999999995,12046.199999999995,12144.499999999995,0
2007-05-18T00:00:00+00:00,12144.499999999995,12214.239999999993,12040.609999999991,12056.769999999991,0
2007-05-22T00:00:00+00:00,12056.769999999991,12200.56999999999,12012.72999999999,12158.089999999991,0
2007-05-23T00:00:00+00:00,12158.089999999991,12310.61999999999,12125.039999999988,12259.829999999989,0
2007-05-24T00:00:00+00:00,12259.829999999989,12299.389999999987,12195.799999999987,12201.799999999987,0
2007-05-25T00:00:00+00:00,12201.799999999987,12281.919999999986,12127.909999999987,12218.319999999987,0
2007-05-29T00:00:00+00:00,12218.319999999987,12303.709999999986,12218.009999999986,12260.929999999988,0
2007-05-30T00:00:00+00:00,12260.929999999988,12436.629999999988,12257.749999999987,12408.66999999999,0
2007-05-31T00:00:00+00:00,12408.66999999999,12471.469999999988,12228.59999999999,12332.559999999989,0
2007-06-01T00:00:00+00:00,12332.559999999989,12492.539999999988,12318.359999999988,12492.539999999988,0
2007-06-05T00:00:00+00:00,12492.539999999988,12496.439999999986,12398.059999999985,12398.059999999985,0
2007-06-06T00:00:00+00:00,12398.059999999985,12449.989999999985,12328.719999999985,12432.079999999985,0
2007-06-07T00:00:00+00:00,12432.079999999985,12503.929999999984,12422.069999999983,12471.809999999985,0
2007-06-08T00:00:00+00:00,12471.809999999985,12646.179999999988,12459.319999999987,12646.179999999988,0
2007-06-12T00:00:00+00:00,12646.179999999988,12679.259999999986,12548.789999999988,12581.639999999987,0
2007-06-13T00:00:00+00:00,12581.639999999987,12599.409999999987,12471.979999999987,12497.329999999985,0
2007-06-14T00:00:00+00:00,12497.329999999985,12646.869999999986,12457.389999999987,12598.229999999987,0
2007-06-15T00:00:00+00:00,12598.229999999987,12638.469999999988,12578.749999999987,12605.739999999989,0
2007-06-19T00:00:00+00:00,12605.739999999989,12672.589999999987,12591.25999999999,12627.84999999999,0
2007-06-20T00:00:00+00:00,12627.84999999999,12659.86999999999,12599.81999999999,12659.86999999999,0
2007-06-21T00:00:00+00:00,12659.86999999999,12783.79999999999,12628.74999999999,12698.47999999999,0
2007-06-22T00:00:00+00:00,12698.47999999999,12868.90999999999,12688.989999999993,12821.47999999999,0
2007-06-26T00:00:00+00:00,12821.47999999999,12917.359999999991,12793.649999999989,12801.27999999999,0
2007-06-27T00:00:00+00:00,12801.27999999999,12804.839999999987,12711.549999999987,12769.059999999989,0
2007-06-28T00:00:00+00:00,12769.059999999989,12770.639999999987,12635.339999999987,12636.569999999987,0
2007-06-29T00:00:00+00:00,12636.569999999987,12681.159999999987,12614.309999999985,12653.209999999986,0
2007-07-03T00:00:00+00:00,12653.209999999986,12689.469999999985,12576.659999999987,12660.469999999985,0
2007-07-04T00:00:00+00:00,12660.469999999985,12684.869999999983,12600.719999999985,12603.879999999985,0
2007-07-05T00:00:00+00:00,12603.879999999985,12653.079999999985,12588.689999999986,12613.829999999985,0
2007-07-06T00:00:00+00:00,12613.829999999985,12717.209999999986,12613.829999999985,12643.419999999986,0
2007-07-10T00:00:00+00:00,12643.419999999986,12699.499999999987,12630.939999999986,12679.329999999985,0
2007-07-11T00:00:00+00:00,12679.329999999985,12694.449999999988,12638.679999999988,12687.309999999985,0
2007-07-12T00:00:00+00:00,12687.309999999985,12687.309999999985,12599.519999999984,12620.159999999983,0
2007-07-13T00:00:00+00:00,12620.159999999983,12644.709999999983,12433.439999999982,12498.409999999983,0
2007-07-17T00:00:00+00:00,12498.409999999983,12568.609999999984,12428.709999999983,12518.809999999985,440
2007-07-18T00:00:00+00:00,12518.809999999985,12518.809999999985,12417.269999999984,12466.719999999985,0
2007-07-19T00:00:00+00:00,12466.719999999985,12466.719999999985,12294.939999999982,12346.239999999985,0
2007-07-20T00:00:00+00:00,12346.239999999985,12381.409999999983,12287.619999999986,12366.859999999984,0
2007-07-24T00:00:00+00:00,12366.859999999984,12380.619999999986,12263.899999999985,12334.789999999985,0
2007-07-25T00:00:00+00:00,12334.789999999985,12354.969999999985,12242.139999999987,12338.059999999985,0
2007-07-26T00:00:00+00:00,12338.059999999985,12408.399999999985,12261.049999999983,12385.509999999982,0
2007-07-27T00:00:00+00:00,12385.509999999982,12439.749999999984,12257.259999999982,12280.369999999983,0
2007-07-31T00:00:00+00:00,12280.369999999983,12431.139999999983,12184.499999999984,12431.139999999983,0
2007-08-01T00:00:00+00:00,12431.139999999983,12431.139999999983,12308.419999999986,12362.019999999984,0
2007-08-02T00:00:00+00:00,12362.019999999984,12362.019999999984,12038.359999999984,12063.799999999983,0
2007-08-03T00:00:00+00:00,12063.799999999983,12106.629999999981,11760.26999999998,12091.579999999982,0
2007-08-07T00:00:00+00:00,12091.579999999982,12262.419999999982,11985.829999999982,12224.899999999981,0
2007-08-08T00:00:00+00:00,12224.899999999981,12264.719999999981,12078.72999999998,12137.03999999998,0
2007-08-09T00:00:00+00:00,12137.03999999998,12291.74999999998,12118.329999999982,12235.92999999998,0
2007-08-10T00:00:00+00:00,12235.92999999998,12339.899999999981,12214.51999999998,12236.169999999978,0
2007-08-14T00:00:00+00:00,12236.169999999978,12392.76999999998,12169.919999999978,12244.419999999978,0
2007-08-15T00:00:00+00:00,12244.419999999978,12274.839999999976,12167.729999999976,12264.399999999978,0
2007-08-16T00:00:00+00:00,12264.399999999978,12272.689999999979,12038.629999999977,12080.939999999979,0
2007-08-17T00:00:00+00:00,12080.939999999979,12080.939999999979,11643.999999999978,11933.029999999979,0
2007-08-21T00:00:00+00:00,11933.029999999979,12396.37999999998,11933.029999999979,12188.249999999978,0
2007-08-22T00:00:00+00:00,12188.249999999978,12516.029999999977,12168.899999999978,12315.729999999978,0
2007-08-23T00:00:00+00:00,12315.729999999978,12407.089999999976,12237.089999999976,12349.769999999977,0
2007-08-24T00:00:00+00:00,12349.769999999977,12589.309999999978,12349.769999999977,12572.269999999977,0
2007-08-28T00:00:00+00:00,12572.269999999977,12647.97999999998,12407.20999999998,12444.649999999978,0
2007-08-29T00:00:00+00:00,12444.649999999978,12573.839999999978,12423.399999999978,12518.049999999977,0
2007-08-30T00:00:00+00:00,12518.049999999977,12518.049999999977,12280.229999999978,12462.779999999977,0
2007-08-31T00:00:00+00:00,12462.779999999977,12550.349999999977,12371.969999999978,12434.509999999977,0
2007-09-04T00:00:00+00:00,12434.509999999977,12499.409999999978,12376.179999999978,12448.369999999977,0
2007-09-05T00:00:00+00:00,12448.369999999977,12514.279999999977,12394.849999999977,12423.109999999979,0
2007-09-06T00:00:00+00:00,12423.109999999979,12470.21999999998,12071.899999999978,12075.449999999979,0
2007-09-07T00:00:00+00:00,12075.449999999979,12328.56999999998,11911.619999999979,12328.56999999998,0
2007-09-11T00:00:00+00:00,12328.56999999998,12328.56999999998,12073.87999999998,12187.019999999979,0
2007-09-12T00:00:00+00:00,12187.019999999979,12339.539999999977,12009.809999999978,12276.829999999978,0
2007-09-13T00:00:00+00:00,12276.829999999978,12330.309999999978,12029.369999999977,12095.649999999978,0
2007-09-14T00:00:00+00:00,12095.649999999978,12139.979999999978,12011.249999999978,12030.079999999978,0
2007-09-18T00:00:00+00:00,12030.079999999978,12340.379999999977,11874.579999999978,12325.279999999977,982
2007-09-19T00:00:00+00:00,12325.279999999977,12325.279999999977,12068.689999999977,12089.589999999976,0
2007-09-20T00:00:00+00:00,12089.589999999976,12437.639999999974,12089.589999999976,12433.009999999977,0
2007-09-21T00:00:00+00:00,12433.009999999977,12449.799999999977,12302.629999999977,12372.139999999978,0
2007-09-25T00:00:00+00:00,12372.139999999978,12391.939999999977,12241.539999999977,12356.639999999978,646
2007-09-26T00:00:00+00:00,12356.639999999978,12474.249999999976,12279.709999999977,12441.179999999977,0
2007-09-27T00:00:00+00:00,12441.179999999977,12510.38999999998,12441.179999999977,12488.40999999998,0
2007-09-28T00:00:00+00:00,12488.40999999998,12805.40999999998,12488.40999999998,12768.689999999982,0
2007-10-02T00:00:00+00:00,12768.689999999982,12895.429999999984,12681.389999999983,12841.549999999983,0
2007-10-03T00:00:00+00:00,12841.549999999983,12886.299999999983,12800.009999999986,12860.409999999983,0
2007-10-04T00:00:00+00:00,12860.409999999983,12999.689999999982,12812.039999999985,12994.159999999983,0
2007-10-05T00:00:00+00:00,12994.159999999983,13069.309999999985,12952.599999999982,13001.329999999985,0
2007-10-09T00:00:00+00:00,13001.329999999985,13041.029999999982,12930.929999999984,13026.029999999982,377
2007-10-10T00:00:00+00:00,13026.029999999982,13097.259999999986,12993.379999999985,13019.759999999986,0
2007-10-11T00:00:00+00:00,13019.759999999986,13043.139999999987,12935.009999999986,12966.509999999986,0
2007-10-12T00:00:00+00:00,12966.509999999986,13266.669999999986,12932.449999999984,13236.679999999984,0
2007-10-16T00:00:00+00:00,13236.679999999984,13267.099999999986,13129.139999999987,13195.159999999987,0
2007-10-17T00:00:00+00:00,13195.159999999987,13211.139999999987,13032.289999999988,13066.009999999986,0
2007-10-18T00:00:00+00:00,13066.009999999986,13066.009999999986,12747.549999999987,12907.119999999986,0
2007-10-19T00:00:00+00:00,12907.119999999986,13080.159999999987,12907.119999999986,13038.519999999988,0
2007-10-23T00:00:00+00:00,13038.519999999988,13038.519999999988,12739.649999999989,12913.41999999999,0
2007-10-24T00:00:00+00:00,12913.41999999999,12981.61999999999,12843.629999999988,12877.289999999992,0
2007-10-25T00:00:00+00:00,12877.289999999992,12937.879999999992,12689.619999999992,12717.679999999991,0
2007-10-26T00:00:00+00:00,12717.679999999991,12788.22999999999,12548.679999999991,12633.82999999999,0
2007-10-30T00:00:00+00:00,12633.82999999999,12794.709999999992,12633.82999999999,12718.609999999993,0
2007-10-31T00:00:00+00:00,12718.609999999993,12746.169999999991,12555.859999999993,12714.30999999999,0
2007-11-01T00:00:00+00:00,12714.30999999999,12832.69999999999,12646.259999999991,12831.349999999991,0
2007-11-02T00:00:00+00:00,12831.349999999991,12905.48999999999,12813.999999999989,12888.849999999991,0
2007-11-06T00:00:00+00:00,12888.849999999991,12888.849999999991,12642.499999999993,12699.629999999992,0
2007-11-07T00:00:00+00:00,12699.629999999992,12900.979999999992,12691.449999999992,12796.679999999991,0
2007-11-08T00:00:00+00:00,12796.679999999991,12798.07999999999,12552.529999999992,12568.179999999991,0
2007-11-09T00:00:00+00:00,12568.179999999991,12570.37999999999,12305.20999999999,12450.71999999999,0
2007-11-13T00:00:00+00:00,12450.71999999999,12460.149999999989,12071.85999999999,12270.43999999999,0
2007-11-14T00:00:00+00:00,12270.43999999999,12357.83999999999,12111.04999999999,12248.909999999989,0
2007-11-15T00:00:00+00:00,12248.909999999989,12442.51999999999,12224.78999999999,12437.08999999999,0
2007-11-16T00:00:00+00:00,12437.08999999999,12488.049999999988,12297.039999999988,12297.039999999988,0
2007-11-20T00:00:00+00:00,12297.039999999988,12422.629999999988,12159.969999999988,12162.429999999988,0
2007-11-21T00:00:00+00:00,12162.429999999988,12515.689999999988,12044.719999999988,12504.969999999988,0
2007-11-22T00:00:00+00:00,12504.969999999988,12545.449999999988,12161.359999999988,12228.799999999988,0
2007-11-23T00:00:00+00:00,12228.799999999988,12502.359999999988,12172.029999999988,12390.949999999988,0
2007-11-27T00:00:00+00:00,12390.949999999988,12764.589999999987,12382.209999999988,12604.589999999987,0
2007-11-28T00:00:00+00:00,12604.589999999987,12963.209999999986,12452.529999999988,12873.509999999987,0
2007-11-29T00:00:00+00:00,12873.509999999987,12883.279999999988,12691.719999999988,12756.149999999989,0
2007-11-30T00:00:00+00:00,12756.149999999989,12971.579999999989,12756.149999999989,12930.279999999988,0
2007-12-04T00:00:00+00:00,12930.279999999988,12982.499999999989,12760.499999999989,12811.779999999988,0
2007-12-05T00:00:00+00:00,12811.779999999988,12881.069999999989,12644.359999999988,12678.079999999989,0
2007-12-06T00:00:00+00:00,12678.079999999989,12880.66999999999,12624.519999999988,12868.009999999987,0
2007-12-07T00:00:00+00:00,12868.009999999987,12983.869999999988,12826.549999999988,12959.689999999988,0
2007-12-11T00:00:00+00:00,12959.689999999988,12969.499999999987,12778.609999999988,12876.749999999987,0
2007-12-12T00:00:00+00:00,12876.749999999987,12949.269999999988,12846.109999999988,12918.379999999986,0
2007-12-13T00:00:00+00:00,12918.379999999986,13053.159999999987,12789.879999999986,13021.989999999987,0
2007-12-14T00:00:00+00:00,13021.989999999987,13036.609999999988,12736.039999999988,12740.029999999988,0
2007-12-18T00:00:00+00:00,12740.029999999988,12815.229999999989,12525.799999999988,12556.51999999999,0
2007-12-19T00:00:00+00:00,12556.51999999999,12759.00999999999,12461.729999999989,12665.17999999999,0
2007-12-20T00:00:00+00:00,12665.17999999999,12767.83999999999,12530.59999999999,12530.59999999999,0
2007-12-21T00:00:00+00:00,12530.59999999999,12540.889999999989,12397.199999999988,12410.829999999989,0
2007-12-26T00:00:00+00:00,12410.829999999989,12552.889999999989,12410.829999999989,12522.08999999999,0
2007-12-27T00:00:00+00:00,12522.08999999999,12561.669999999991,12467.59999999999,12561.669999999991,0
2007-12-28T00:00:00+00:00,12561.669999999991,12573.56999999999,12480.769999999991,12509.949999999992,0
2008-01-02T00:00:00+00:00,12509.949999999992,12580.249999999993,12136.349999999991,12278.549999999992,751
2008-01-03T00:00:00+00:00,12278.549999999992,12321.849999999991,12118.749999999993,12188.449999999992,849
2008-01-04T00:00:00+00:00,12188.449999999992,12188.449999999992,11656.149999999992,11788.149999999992,1238
2008-01-08T00:00:00+00:00,11788.149999999992,11906.619999999994,11677.379999999994,11739.319999999992,0
2008-01-09T00:00:00+00:00,11739.319999999992,11857.819999999992,11675.879999999994,11838.689999999993,0
2008-01-10T00:00:00+00:00,11838.689999999993,12076.629999999994,11745.549999999994,12073.139999999994,0
2008-01-11T00:00:00+00:00,12073.139999999994,12111.549999999994,11914.929999999995,11914.929999999995,0
2008-01-15T00:00:00+00:00,11914.929999999995,11914.929999999995,11333.529999999993,11495.629999999994,1365
2008-01-16T00:00:00+00:00,11495.629999999994,11584.719999999994,11275.869999999994,11333.349999999993,0
2008-01-17T00:00:00+00:00,11333.349999999993,11378.549999999994,11037.209999999994,11041.129999999994,0
2008-01-18T00:00:00+00:00,11041.129999999994,11247.829999999994,10917.199999999995,11228.199999999995,0
2008-01-22T00:00:00+00:00,11228.199999999995,11231.419999999995,10847.279999999995,10852.709999999995,0
2008-01-23T00:00:00+00:00,10852.709999999995,10852.709999999995,10300.159999999996,10300.529999999995,0
2008-01-24T00:00:00+00:00,10300.529999999995,10607.999999999996,10163.999999999996,10373.279999999995,0
2008-01-25T00:00:00+00:00,10373.279999999995,10555.549999999996,10373.279999999995,10513.559999999996,0
2008-01-29T00:00:00+00:00,10513.559999999996,10532.579999999996,10118.629999999996,10118.629999999996,0
2008-01-30T00:00:00+00:00,10118.629999999996,10378.749999999995,10096.599999999995,10350.799999999996,0
2008-01-31T00:00:00+00:00,10350.799999999996,10364.409999999994,10121.409999999994,10195.309999999996,0
2008-02-01T00:00:00+00:00,10195.309999999996,10590.509999999997,10122.599999999997,10560.299999999996,0
2008-02-05T00:00:00+00:00,10560.299999999996,10806.939999999995,10560.299999999996,10777.399999999996,0
2008-02-06T00:00:00+00:00,10777.399999999996,10793.149999999996,10636.869999999995,10716.729999999996,0
2008-02-07T00:00:00+00:00,10716.729999999996,10720.389999999996,10267.439999999995,10267.439999999995,0
2008-02-08T00:00:00+00:00,10267.439999999995,10434.379999999996,10162.739999999994,10397.339999999995,0
2008-02-12T00:00:00+00:00,10397.339999999995,10717.039999999995,10360.439999999995,10625.839999999995,1166
2008-02-13T00:00:00+00:00,10625.839999999995,10765.249999999995,10550.389999999994,10648.929999999993,0
2008-02-14T00:00:00+00:00,10648.929999999993,10726.239999999993,10522.599999999993,10554.279999999992,0
2008-02-15T00:00:00+00:00,10554.279999999992,10926.139999999992,10551.549999999992,10926.139999999992,0
2008-02-19T00:00:00+00:00,10926.139999999992,11121.279999999993,10926.139999999992,10934.229999999992,0
2008-02-20T00:00:00+00:00,10934.229999999992,11025.679999999991,10864.349999999991,10930.379999999992,0
2008-02-21T00:00:00+00:00,10930.379999999992,10930.379999999992,10510.999999999993,10510.999999999993,0
2008-02-22T00:00:00+00:00,10510.999999999993,10832.249999999993,10487.869999999994,10736.559999999994,0
2008-02-26T00:00:00+00:00,10736.559999999994,11093.429999999995,10736.559999999994,11038.819999999994,0
2008-02-27T00:00:00+00:00,11038.819999999994,11055.779999999995,10805.389999999994,10826.649999999994,0
2008-02-28T00:00:00+00:00,10826.649999999994,10924.799999999994,10775.769999999995,10850.629999999994,0
2008-02-29T00:00:00+00:00,10850.629999999994,10935.049999999994,10767.459999999994,10898.259999999995,0
2008-03-04T00:00:00+00:00,10898.259999999995,10899.019999999993,10477.569999999994,10477.569999999994,0
2008-03-05T00:00:00+00:00,10477.569999999994,10507.669999999993,10280.349999999993,10389.559999999994,0
2008-03-06T00:00:00+00:00,10389.559999999994,10460.539999999994,10336.339999999993,10388.589999999993,0
2008-03-07T00:00:00+00:00,10388.589999999993,10684.919999999993,10370.249999999993,10535.119999999994,0
2008-03-11T00:00:00+00:00,10535.119999999994,10595.349999999993,10345.349999999993,10350.409999999993,0
2008-03-12T00:00:00+00:00,10350.409999999993,10632.989999999993,10310.889999999994,10616.379999999994,0
2008-03-13T00:00:00+00:00,10616.379999999994,10845.719999999994,10573.919999999995,10635.629999999994,0
2008-03-14T00:00:00+00:00,10635.629999999994,10666.739999999994,10246.089999999993,10327.809999999994,0
2008-03-18T00:00:00+00:00,10327.809999999994,10371.469999999994,9929.779999999993,10026.289999999994,0
2008-03-19T00:00:00+00:00,10026.289999999994,10192.359999999993,9990.899999999994,10161.459999999994,0
2008-03-20T00:00:00+00:00,10161.459999999994,10393.879999999994,10161.459999999994,10279.569999999994,0
2008-03-25T00:00:00+00:00,12473.06,12582.46,12438.2,12480.09,0
2008-03-26T00:00:00+00:00,12480.09,12631.59,12413.12,12585.57,0
2008-03-27T00:00:00+00:00,12585.57,12648.380000000001,12527.61,12643.23,0
2008-03-28T00:00:00+00:00,12643.23,12646.369999999999,12500.689999999999,12629.39,0
2008-04-01T00:00:00+00:00,12629.39,12629.39,12350.739999999998,12445.65,0
2008-04-02T00:00:00+00:00,12445.65,12684.99,12427.69,12562.27,0
2008-04-03T00:00:00+00:00,12562.27,12915.220000000001,12562.27,12915.220000000001,0
2008-04-04T00:00:00+00:00,12915.220000000001,13114.960000000001,12862.160000000002,13114.960000000001,0
2008-04-08T00:00:00+00:00,13114.960000000001,13360.300000000001,13103.260000000002,13324.630000000001,0
2008-04-09T00:00:00+00:00,13324.630000000001,13353.580000000002,13176.430000000002,13201.100000000002,0
2008-04-10T00:00:00+00:00,13201.100000000002,13254.320000000002,12904.480000000003,13017.830000000002,0
2008-04-11T00:00:00+00:00,13017.830000000002,13050.480000000001,12886.510000000002,12933.320000000002,0
2008-04-15T00:00:00+00:00,12933.320000000002,12933.320000000002,12659.28,12718.160000000002,0
2008-04-16T00:00:00+00:00,12718.160000000002,12818.330000000002,12641.430000000002,12756.090000000002,0
2008-04-17T00:00:00+00:00,12756.090000000002,12847.860000000002,12737.500000000002,12771.560000000001,0
2008-04-18T00:00:00+00:00,12771.560000000001,12951.670000000002,12768.79,12854.03,0
2008-04-22T00:00:00+00:00,12854.03,12953.62,12853.95,12910.73,0
2008-04-23T00:00:00+00:00,12910.73,12931.39,12842.34,12871.039999999999,0
2008-04-24T00:00:00+00:00,12871.039999999999,13132.529999999999,12864.52,12994.64,0
2008-04-25T00:00:00+00:00,12994.64,13035.59,12877.97,12921.68,0
2008-04-29T00:00:00+00:00,12921.68,13016.990000000002,12759.320000000002,12908.080000000002,0
2008-04-30T00:00:00+00:00,12908.080000000002,13126.980000000001,12788.980000000001,12918.980000000001,1275
2008-05-01T00:00:00+00:00,12918.980000000001,13092.140000000001,12882.28,12966.03,0
2008-05-02T00:00:00+00:00,12966.03,13048.07,12890.51,12930.300000000001,0
2008-05-06T00:00:00+00:00,12930.300000000001,12976.600000000002,12740.000000000002,12936.000000000002,781
2008-05-07T00:00:00+00:00,12936.000000000002,12988.600000000002,12663.800000000001,12699.100000000002,894
2008-05-08T00:00:00+00:00,12699.100000000002,12760.200000000003,12574.320000000003,12654.010000000002,0
2008-05-09T00:00:00+00:00,12654.010000000002,12682.130000000001,12576.100000000002,12589.080000000002,0
2008-05-13T00:00:00+00:00,12589.080000000002,12816.580000000002,12563.850000000002,12766.530000000002,0
2008-05-14T00:00:00+00:00,12766.530000000002,12929.060000000003,12686.640000000003,12905.870000000003,0
2008-05-15T00:00:00+00:00,12905.870000000003,13065.850000000004,12821.310000000003,13062.460000000003,0
2008-05-16T00:00:00+00:00,13062.460000000003,13248.280000000002,13062.460000000003,13147.180000000002,0
2008-05-20T00:00:00+00:00,13147.180000000002,13195.850000000002,13071.740000000002,13122.270000000002,0
2008-05-21T00:00:00+00:00,13122.270000000002,13188.820000000002,13024.070000000002,13062.240000000002,0
2008-05-22T00:00:00+00:00,13062.240000000002,13100.960000000001,12906.900000000001,12986.02,0
2008-05-23T00:00:00+00:00,12986.02,13198.18,12871.390000000001,13191.83,0
2008-05-27T00:00:00+00:00,13191.83,13199.36,12986.77,13006.04,0
2008-05-28T00:00:00+00:00,13006.04,13186.45,13006.04,13148.53,0
2008-05-29T00:00:00+00:00,13148.53,13190.78,12876.960000000001,12920.830000000002,0
2008-05-30T00:00:00+00:00,12920.830000000002,13236.070000000002,12920.830000000002,13212.650000000001,0
2008-06-03T00:00:00+00:00,13212.650000000001,13330.720000000003,13059.660000000002,13309.830000000002,0
2008-06-04T00:00:00+00:00,13309.830000000002,13323.69,13161.970000000001,13243.390000000001,0
2008-06-05T00:00:00+00:00,13243.390000000001,13408.890000000001,13223.430000000002,13408.890000000001,0
2008-06-06T00:00:00+00:00,13408.890000000001,13408.890000000001,13278.320000000002,13357.420000000002,0
2008-06-10T00:00:00+00:00,13357.420000000002,13360.920000000002,13199.870000000003,13263.460000000001,0
2008-06-11T00:00:00+00:00,13263.460000000001,13290.99,12965.66,13003.27,0
2008-06-12T00:00:00+00:00,13003.27,13060.21,12859.3,13049.21,0
2008-06-13T00:00:00+00:00,13049.21,13049.21,12864.96,12927.49,0
2008-06-17T00:00:00+00:00,12927.49,13178.35,12912.76,13163.630000000001,0
2008-06-18T00:00:00+00:00,13163.630000000001,13163.630000000001,13076.300000000001,13125.000000000002,0
2008-06-19T00:00:00+00:00,13125.000000000002,13293.630000000001,13125.000000000002,13276.460000000001,0
2008-06-20T00:00:00+00:00,13276.460000000001,13276.460000000001,13020.910000000002,13081.920000000002,0
2008-06-24T00:00:00+00:00,13081.920000000002,13233.230000000001,12980.320000000002,13169.95,0
2008-06-25T00:00:00+00:00,13169.95,13281.16,13142.06,13253.23,0
2008-06-26T00:00:00+00:00,13253.23,13265.679999999998,13068.13,13262.369999999999,0
2008-06-27T00:00:00+00:00,13262.369999999999,13367.519999999999,13215.009999999998,13239.279999999999,0
2008-07-01T00:00:00+00:00,13239.279999999999,13253.249999999998,13109.05,13136.149999999998,0
2008-07-02T00:00:00+00:00,13136.149999999998,13197.699999999997,13069.639999999998,13084.489999999998,0
2008-07-03T00:00:00+00:00,13084.489999999998,13084.489999999998,12841.669999999996,12880.989999999998,0
2008-07-04T00:00:00+00:00,12880.989999999998,13046.159999999998,12838.099999999997,12984.609999999997,0
2008-07-08T00:00:00+00:00,12984.609999999997,13181.109999999997,12941.359999999997,13131.849999999999,0
2008-07-09T00:00:00+00:00,13131.849999999999,13140.319999999998,12829.89,12878.449999999999,0
2008-07-10T00:00:00+00:00,12878.449999999999,12993.21,12747.33,12760.689999999999,0
2008-07-11T00:00:00+00:00,12760.689999999999,12966.23,12756.699999999999,12893.589999999998,0
2008-07-15T00:00:00+00:00,12893.589999999998,13057.199999999997,12841.229999999998,12881.459999999997,0
2008-07-16T00:00:00+00:00,12881.459999999997,12881.459999999997,12695.139999999998,12733.889999999998,0
2008-07-17T00:00:00+00:00,12733.889999999998,12824.169999999996,12680.109999999997,12769.569999999996,0
2008-07-18T00:00:00+00:00,12769.569999999996,12809.509999999997,12732.699999999997,12767.719999999998,0
2008-07-22T00:00:00+00:00,12767.719999999998,12928.219999999998,12664.019999999999,12903.319999999998,1022
2008-07-23T00:00:00+00:00,12903.319999999998,13143.719999999998,12879.779999999999,13143.719999999998,0
2008-07-24T00:00:00+00:00,13143.719999999998,13272.699999999997,13122.619999999997,13196.999999999998,0
2008-07-25T00:00:00+00:00,13196.999999999998,13389.029999999997,13179.289999999997,13389.029999999997,0
2008-07-29T00:00:00+00:00,13389.029999999997,13450.609999999997,13308.789999999997,13335.449999999997,0
2008-07-30T00:00:00+00:00,13335.449999999997,13335.449999999997,13133.339999999997,13274.569999999998,0
2008-07-31T00:00:00+00:00,13274.569999999998,13379.479999999998,13271.279999999997,13374.989999999998,0
2008-08-01T00:00:00+00:00,13374.989999999998,13432.259999999998,13220.969999999998,13341.399999999998,0
2008-08-05T00:00:00+00:00,13341.399999999998,13372.059999999998,13168.289999999997,13191.299999999997,0
2008-08-06T00:00:00+00:00,13191.299999999997,13283.869999999997,13127.629999999997,13148.949999999997,0
2008-08-07T00:00:00+00:00,13148.949999999997,13385.029999999997,13138.489999999996,13344.409999999996,0
2008-08-08T00:00:00+00:00,13344.409999999996,13344.409999999996,13120.569999999996,13211.409999999996,0
2008-08-12T00:00:00+00:00,13211.409999999996,13420.759999999997,13211.409999999996,13382.859999999997,0
2008-08-13T00:00:00+00:00,13382.859999999997,13404.969999999998,13261.019999999997,13288.469999999998,0
2008-08-14T00:00:00+00:00,13288.469999999998,13288.469999999998,13036.169999999998,13105.879999999997,0
2008-08-15T00:00:00+00:00,13105.879999999997,13253.949999999997,13090.249999999996,13120.069999999996,0
2008-08-19T00:00:00+00:00,13120.069999999996,13418.949999999997,13082.799999999996,13314.029999999997,0
2008-08-20T00:00:00+00:00,13314.029999999997,13314.029999999997,13079.629999999997,13162.579999999996,0
2008-08-21T00:00:00+00:00,13162.579999999996,13332.259999999997,13162.579999999996,13260.289999999997,0
2008-08-22T00:00:00+00:00,13260.289999999997,13260.289999999997,13098.779999999997,13127.159999999996,0
2008-08-26T00:00:00+00:00,13127.159999999996,13278.949999999995,13127.159999999996,13208.279999999995,0
2008-08-27T00:00:00+00:00,13208.279999999995,13298.459999999994,13153.339999999995,13275.959999999994,0
2008-08-28T00:00:00+00:00,13275.959999999994,13325.199999999993,13223.549999999994,13294.529999999993,0
2008-08-29T00:00:00+00:00,13294.529999999993,13314.269999999993,13185.339999999995,13235.059999999994,0
2008-09-02T00:00:00+00:00,13235.059999999994,13238.799999999994,13132.429999999995,13132.429999999995,0
2008-09-03T00:00:00+00:00,13132.429999999995,13273.059999999996,12843.609999999995,12962.009999999995,0
2008-09-04T00:00:00+00:00,12962.009999999995,13026.149999999994,12905.939999999995,12948.239999999994,0
2008-09-05T00:00:00+00:00,12948.239999999994,12981.169999999995,12834.859999999995,12878.259999999995,0
2008-09-09T00:00:00+00:00,12878.259999999995,13190.089999999995,12870.679999999995,13142.789999999994,0
2008-09-10T00:00:00+00:00,13142.789999999994,13142.789999999994,12948.569999999994,13013.479999999994,0
2008-09-11T00:00:00+00:00,13013.479999999994,13169.009999999995,12924.309999999994,13110.969999999994,0
2008-09-12T00:00:00+00:00,13110.969999999994,13132.469999999994,12954.959999999994,12975.949999999993,0
2008-09-16T00:00:00+00:00,12975.949999999993,13016.049999999994,12571.449999999993,13016.049999999994,2806
2008-09-17T00:00:00+00:00,13016.049999999994,13016.049999999994,12538.999999999993,12597.319999999992,0
2008-09-18T00:00:00+00:00,12597.319999999992,12739.729999999992,12568.399999999992,12609.489999999993,0
2008-09-19T00:00:00+00:00,12609.489999999993,12610.429999999991,12334.009999999991,12521.849999999991,0
2008-09-23T00:00:00+00:00,12521.849999999991,12747.909999999993,12521.849999999991,12574.549999999992,0
2008-09-24T00:00:00+00:00,12574.549999999992,13019.14999999999,12574.549999999992,12859.449999999992,1643
2008-09-25T00:00:00+00:00,12859.449999999992,12942.499999999993,12732.069999999992,12942.499999999993,0
2008-09-26T00:00:00+00:00,12942.499999999993,13042.199999999993,12852.069999999994,13023.319999999994,0
2008-09-30T00:00:00+00:00,13023.319999999994,13202.739999999994,12861.119999999994,12883.679999999995,0
2008-10-01T00:00:00+00:00,12883.679999999995,12883.679999999995,12478.809999999994,12577.839999999995,0
2008-10-02T00:00:00+00:00,12577.839999999995,12637.869999999994,12495.509999999995,12549.489999999994,0
2008-10-03T00:00:00+00:00,12549.489999999994,12578.749999999995,12270.149999999996,12281.119999999995,0
2008-10-07T00:00:00+00:00,12281.119999999995,12303.349999999995,11838.229999999994,11936.939999999995,0
2008-10-08T00:00:00+00:00,11936.939999999995,11971.539999999994,11524.609999999993,11764.299999999994,0
2008-10-09T00:00:00+00:00,11764.299999999994,11764.299999999994,10912.469999999994,10955.979999999994,0
2008-10-10T00:00:00+00:00,10955.979999999994,11231.269999999995,10888.749999999995,10945.309999999994,0
2008-10-14T00:00:00+00:00,10945.309999999994,11939.609999999993,10945.309999999994,11380.109999999993,2928
2008-10-15T00:00:00+00:00,11380.109999999993,12427.789999999994,11380.109999999993,12419.739999999993,0
2008-10-16T00:00:00+00:00,12419.739999999993,12630.539999999992,12298.729999999992,12576.709999999992,0
2008-10-17T00:00:00+00:00,12576.709999999992,12576.709999999992,11634.309999999992,11634.309999999992,0
2008-10-21T00:00:00+00:00,11634.309999999992,11897.519999999993,11546.769999999993,11864.659999999993,0
2008-10-22T00:00:00+00:00,11864.659999999993,12083.909999999993,11860.809999999992,12031.649999999992,0
2008-10-23T00:00:00+00:00,12031.649999999992,12031.649999999992,11508.199999999993,11508.199999999993,0
2008-10-24T00:00:00+00:00,11508.199999999993,11508.199999999993,10977.019999999993,11421.389999999992,0
2008-10-28T00:00:00+00:00,11421.389999999992,11731.999999999993,10994.299999999992,11015.929999999993,0
2008-10-29T00:00:00+00:00,11015.929999999993,11499.009999999993,10867.489999999993,11494.509999999993,0
2008-10-30T00:00:00+00:00,11494.509999999993,11964.889999999992,11494.509999999993,11964.889999999992,0
2008-10-31T00:00:00+00:00,11964.889999999992,12726.029999999993,11964.889999999992,12724.939999999993,0
2008-11-04T00:00:00+00:00,12724.939999999993,13369.739999999993,12724.939999999993,13224.739999999993,1369
2008-11-05T00:00:00+00:00,13224.739999999993,13664.259999999993,13221.739999999993,13636.569999999992,0
2008-11-06T00:00:00+00:00,13636.569999999992,13933.759999999993,13628.819999999992,13933.759999999993,0
2008-11-07T00:00:00+00:00,13933.759999999993,13940.409999999993,13366.819999999992,13459.249999999993,0
2008-11-11T00:00:00+00:00,13459.249999999993,13853.549999999994,13459.249999999993,13828.689999999993,0
2008-11-12T00:00:00+00:00,13828.689999999993,13919.709999999992,13567.959999999992,13672.699999999992,0
2008-11-13T00:00:00+00:00,13672.699999999992,13760.269999999991,13551.989999999993,13673.299999999992,0
2008-11-14T00:00:00+00:00,13673.299999999992,13673.299999999992,13257.129999999994,13347.469999999992,0
2008-11-18T00:00:00+00:00,13347.469999999992,13748.569999999992,13199.409999999993,13503.169999999993,0
2008-11-19T00:00:00+00:00,13503.169999999993,13527.979999999992,13389.809999999992,13415.979999999992,0
2008-11-20T00:00:00+00:00,13415.979999999992,13476.719999999992,13222.339999999993,13379.849999999991,0
2008-11-21T00:00:00+00:00,13379.849999999991,13379.869999999992,12933.119999999992,12933.119999999992,0
2008-11-25T00:00:00+00:00,12933.119999999992,13088.219999999992,12643.319999999992,12798.31999999999,1857
2008-11-26T00:00:00+00:00,12798.31999999999,13129.08999999999,12797.94999999999,13096.189999999991,0
2008-11-27T00:00:00+00:00,13096.189999999991,13184.299999999992,13016.029999999992,13079.689999999991,0
2008-11-28T00:00:00+00:00,13079.689999999991,13227.129999999992,13068.939999999991,13141.839999999991,0
2008-12-02T00:00:00+00:00,13141.839999999991,13141.839999999991,12984.759999999991,13074.69999999999,0
2008-12-03T00:00:00+00:00,13074.69999999999,13074.69999999999,12672.069999999989,12672.069999999989,0
2008-12-04T00:00:00+00:00,12672.069999999989,12763.139999999989,12596.579999999987,12710.85999999999,0
2008-12-05T00:00:00+00:00,12710.85999999999,12788.34999999999,12530.499999999989,12604.89999999999,0
2008-12-09T00:00:00+00:00,12604.89999999999,12992.479999999992,12593.21999999999,12963.259999999991,0
2008-12-10T00:00:00+00:00,12963.259999999991,13100.48999999999,12915.73999999999,12996.759999999991,0
2008-12-11T00:00:00+00:00,12996.759999999991,13325.679999999991,12996.759999999991,13280.99999999999,0
2008-12-12T00:00:00+00:00,13280.99999999999,13359.28999999999,13157.849999999991,13359.28999999999,0
2008-12-16T00:00:00+00:00,13359.28999999999,13709.60999999999,13359.28999999999,13674.09999999999,0
2008-12-17T00:00:00+00:00,13674.09999999999,13699.95999999999,13536.93999999999,13633.71999999999,0
2008-12-18T00:00:00+00:00,13633.71999999999,13716.73999999999,13401.15999999999,13588.019999999991,0
2008-12-19T00:00:00+00:00,13588.019999999991,13751.219999999992,13557.699999999992,13690.089999999991,0
2008-12-23T00:00:00+00:00,13690.089999999991,13838.769999999991,13681.349999999991,13811.369999999992,0
2008-12-24T00:00:00+00:00,13811.369999999992,13881.769999999991,13788.069999999992,13881.769999999991,204
2008-12-25T00:00:00+00:00,8630.25,8631.83,8476.69,8517.1,0
2008-12-26T00:00:00+00:00,8517.1,8585.09,8516.75,8585.09,0
2008-12-30T00:00:00+00:00,8585.09,8622.45,8497.380000000001,8605.95,0
2008-12-31T00:00:00+00:00,8605.95,8749.23,8592.62,8749.23,0
2009-01-06T00:00:00+00:00,8749.23,8885.4,8745.380000000001,8801.140000000001,0
2009-01-07T00:00:00+00:00,8801.140000000001,8842.160000000002,8701.070000000002,8751.970000000001,0
2009-01-08T00:00:00+00:00,8751.970000000001,8943.520000000002,8724.220000000001,8857.410000000002,0
2009-01-09T00:00:00+00:00,8857.410000000002,8863.030000000002,8590.620000000003,8590.620000000003,0
2009-01-14T00:00:00+00:00,8590.620000000003,8590.920000000004,8263.490000000003,8271.900000000003,0
2009-01-15T00:00:00+00:00,8271.900000000003,8362.220000000003,8205.310000000003,8284.600000000004,0
2009-01-16T00:00:00+00:00,8284.600000000004,8284.600000000004,7972.950000000004,7998.530000000005,0
2009-01-20T00:00:00+00:00,7998.530000000005,8031.950000000005,7902.110000000005,7937.120000000005,0
2009-01-21T00:00:00+00:00,7937.120000000005,7940.400000000005,7712.440000000005,7815.770000000005,0
2009-01-22T00:00:00+00:00,7815.770000000005,7875.030000000005,7695.110000000005,7767.450000000005,0
2009-01-23T00:00:00+00:00,7767.450000000005,7830.890000000005,7589.040000000005,7830.890000000005,0
2009-01-27T00:00:00+00:00,7830.890000000005,7923.7900000000045,7787.670000000005,7798.770000000005,0
2009-01-28T00:00:00+00:00,7798.770000000005,8131.020000000005,7797.940000000005,8076.940000000005,0
2009-01-29T00:00:00+00:00,8076.940000000005,8196.320000000005,7961.280000000005,8130.980000000005,0
2009-01-30T00:00:00+00:00,8130.980000000005,8235.200000000004,8068.810000000005,8181.060000000005,0
2009-02-03T00:00:00+00:00,8181.060000000005,8228.300000000005,8067.820000000005,8146.530000000004,0
2009-02-04T00:00:00+00:00,8146.530000000004,8367.990000000005,8084.380000000005,8109.090000000005,0
2009-02-05T00:00:00+00:00,8109.090000000005,8296.820000000005,8075.500000000005,8250.790000000005,0
2009-02-06T00:00:00+00:00,8250.790000000005,8359.220000000005,8166.300000000005,8214.910000000003,0
2009-02-10T00:00:00+00:00,8214.910000000003,8294.550000000003,8005.8700000000035,8005.8700000000035,0
2009-02-11T00:00:00+00:00,8005.8700000000035,8063.720000000004,7856.200000000004,7884.8700000000035,0
2009-02-13T00:00:00+00:00,7884.8700000000035,7904.860000000004,7728.020000000004,7747.7000000000035,0
2009-02-17T00:00:00+00:00,7747.7000000000035,7819.260000000003,7709.750000000003,7765.190000000003,0
2009-02-18T00:00:00+00:00,7765.190000000003,7785.490000000003,7691.000000000003,7720.570000000003,0
2009-02-19T00:00:00+00:00,7720.570000000003,7746.400000000003,7659.790000000004,7715.050000000003,0
2009-02-20T00:00:00+00:00,7715.050000000003,7753.520000000002,7648.390000000003,7668.480000000002,0
2009-02-24T00:00:00+00:00,7668.480000000002,7771.360000000002,7563.610000000002,7730.340000000002,0
2009-02-25T00:00:00+00:00,7730.340000000002,7734.560000000001,7618.8200000000015,7732.220000000002,0
2009-02-26T00:00:00+00:00,7732.220000000002,7834.810000000002,7694.220000000002,7825.000000000003,0
2009-02-27T00:00:00+00:00,7825.000000000003,7954.210000000003,7787.460000000003,7812.330000000003,0
2009-03-03T00:00:00+00:00,7812.330000000003,7812.330000000003,7593.010000000003,7638.200000000003,0
2009-03-04T00:00:00+00:00,7638.200000000003,7748.550000000003,7548.880000000003,7690.130000000003,0
2009-03-05T00:00:00+00:00,7690.130000000003,7864.070000000002,7648.050000000003,7834.380000000003,0
2009-03-06T00:00:00+00:00,7834.380000000003,8031.230000000002,7834.380000000003,7931.850000000002,0
2009-03-10T00:00:00+00:00,7931.850000000002,7981.7400000000025,7769.210000000002,7826.750000000002,0
2009-03-11T00:00:00+00:00,7826.750000000002,7867.750000000002,7788.260000000001,7821.960000000001,0
2009-03-12T00:00:00+00:00,7821.960000000001,7821.960000000001,7274.960000000001,7481.960000000001,2510
2009-03-19T00:00:00+00:00,7481.960000000001,8364.960000000001,7481.960000000001,8251.960000000001,2002
2009-03-23T00:00:00+00:00,8251.960000000001,8616.960000000001,8169.960000000001,8616.960000000001,2569
2009-03-24T00:00:00+00:00,8616.960000000001,8826.960000000001,8606.960000000001,8726.960000000001,2706
2009-03-25T00:00:00+00:00,8726.960000000001,8871.960000000001,8706.960000000001,8746.960000000001,2544
2009-03-26T00:00:00+00:00,8746.960000000001,9094.960000000001,8746.960000000001,9076.960000000001,2808
2009-03-27T00:00:00+00:00,9076.960000000001,9143.960000000001,8978.960000000001,9023.960000000001,1055
2009-04-06T00:00:00+00:00,9023.960000000001,9293.960000000001,9023.960000000001,9213.960000000001,3055
2009-04-07T00:00:00+00:00,9213.960000000001,9213.960000000001,9013.960000000001,9023.960000000001,3217
2009-04-08T00:00:00+00:00,9023.960000000001,9086.960000000001,8851.960000000001,8933.960000000001,2918
2009-04-09T00:00:00+00:00,8933.960000000001,9233.960000000001,8926.960000000001,9193.960000000001,3355
2009-04-10T00:00:00+00:00,9193.960000000001,9383.960000000001,9148.960000000001,9223.960000000001,2667
2009-04-13T00:00:00+00:00,9223.960000000001,9323.960000000001,9118.960000000001,9138.960000000001,2559
2009-04-14T00:00:00+00:00,9138.960000000001,9286.960000000001,9038.960000000001,9173.960000000001,3276
2009-04-15T00:00:00+00:00,9173.960000000001,9173.960000000001,8968.960000000001,9108.960000000001,2634
2009-04-16T00:00:00+00:00,9108.960000000001,9328.960000000001,8993.960000000001,9053.960000000001,3779
2009-04-17T00:00:00+00:00,9053.960000000001,9260.960000000001,9053.960000000001,9255.960000000001,2941
2009-04-20T00:00:00+00:00,9255.960000000001,9255.960000000001,9110.960000000001,9140.960000000001,2106
2009-04-21T00:00:00+00:00,9140.960000000001,9140.960000000001,8900.960000000001,9020.960000000001,2380
2009-04-22T00:00:00+00:00,9020.960000000001,9100.960000000001,8975.960000000001,9010.960000000001,2305
2009-04-23T00:00:00+00:00,9010.960000000001,9165.960000000001,8935.960000000001,9160.960000000001,2453
2009-04-24T00:00:00+00:00,9160.960000000001,9160.960000000001,8980.960000000001,9075.960000000001,2667
2009-04-27T00:00:00+00:00,9075.960000000001,9135.960000000001,8940.960000000001,9000.960000000001,2435
2009-04-28T00:00:00+00:00,9000.960000000001,9100.960000000001,8765.960000000001,8790.960000000001,2369
2009-04-30T00:00:00+00:00,8790.960000000001,9275.960000000001,8790.960000000001,9265.960000000001,2650
2009-05-01T00:00:00+00:00,9265.960000000001,9385.960000000001,9115.960000000001,9385.960000000001,2344
2009-05-07T00:00:00+00:00,9385.960000000001,9735.960000000001,9378.960000000001,9730.960000000001,2413
2009-05-08T00:00:00+00:00,9730.960000000001,9775.960000000001,9640.960000000001,9770.960000000001,2206
2009-05-11T00:00:00+00:00,9770.960000000001,9795.960000000001,9630.960000000001,9660.960000000001,2294
2009-05-12T00:00:00+00:00,9660.960000000001,9685.960000000001,9595.960000000001,9660.960000000001,2198
2009-05-13T00:00:00+00:00,9660.960000000001,9675.960000000001,9585.960000000001,9600.960000000001,1236
2009-05-14T00:00:00+00:00,9600.960000000001,9600.960000000001,9340.960000000001,9355.960000000001,2008
2009-05-15T00:00:00+00:00,9355.960000000001,9560.960000000001,9355.960000000001,9485.960000000001,1846
2009-05-18T00:00:00+00:00,9485.960000000001,9485.960000000001,9278.960000000001,9455.960000000001,1909
2009-05-19T00:00:00+00:00,9455.960000000001,9700.960000000001,9428.960000000001,9695.960000000001,2220
2009-05-20T00:00:00+00:00,9695.960000000001,9695.960000000001,9600.960000000001,9655.960000000001,1474
2009-05-21T00:00:00+00:00,9655.960000000001,9655.960000000001,9475.960000000001,9545.960000000001,1850
2009-05-22T00:00:00+00:00,9545.960000000001,9560.960000000001,9400.960000000001,9520.960000000001,1300
2009-05-26T00:00:00+00:00,9520.960000000001,9670.960000000001,9520.960000000001,9520.960000000001,1909
2009-05-27T00:00:00+00:00,9520.960000000001,9785.960000000001,9520.960000000001,9755.960000000001,1827
2009-05-28T00:00:00+00:00,9755.960000000001,9785.960000000001,9640.960000000001,9740.960000000001,1107
2009-05-29T00:00:00+00:00,9740.960000000001,9820.960000000001,9720.960000000001,9820.960000000001,1042
2009-06-01T00:00:00+00:00,9820.960000000001,10035.960000000001,9780.960000000001,10020.960000000001,2075
2009-06-02T00:00:00+00:00,10020.960000000001,10095.960000000001,9960.960000000001,10010.960000000001,1638
2009-06-03T00:00:00+00:00,10010.960000000001,10065.960000000001,9980.960000000001,9985.960000000001,999
2009-06-04T00:00:00+00:00,9985.960000000001,10035.960000000001,9940.960000000001,10025.960000000001,1350
2009-06-05T00:00:00+00:00,10025.960000000001,10105.960000000001,10010.960000000001,10105.960000000001,1052
2009-06-08T00:00:00+00:00,10105.960000000001,10205.960000000001,10050.960000000001,10055.960000000001,1682
2009-06-09T00:00:00+00:00,10055.960000000001,10145.960000000001,10045.960000000001,10075.960000000001,1218
2009-06-10T00:00:00+00:00,10075.960000000001,10370.960000000001,10075.960000000001,10360.960000000001,1710
2009-06-11T00:00:00+00:00,10360.960000000001,10360.960000000001,10260.960000000001,10320.960000000001,1730
2009-06-12T00:00:00+00:00,10320.960000000001,10470.960000000001,10320.960000000001,10410.960000000001,1449
2009-06-15T00:00:00+00:00,10410.960000000001,10420.960000000001,10265.960000000001,10265.960000000001,1417
2009-06-16T00:00:00+00:00,10265.960000000001,10273.960000000001,10050.960000000001,10100.960000000001,1562
2009-06-17T00:00:00+00:00,10100.960000000001,10140.960000000001,10020.960000000001,10050.960000000001,1770
2009-06-18T00:00:00+00:00,10050.960000000001,10050.960000000001,9950.960000000001,10025.960000000001,1099
2009-06-19T00:00:00+00:00,10025.960000000001,10115.960000000001,9995.960000000001,10110.960000000001,1679
2009-06-22T00:00:00+00:00,10110.960000000001,10191.960000000001,10031.960000000001,10036.960000000001,1362
2009-06-23T00:00:00+00:00,10036.960000000001,10069.960000000001,9811.960000000001,9866.960000000001,2051
2009-06-24T00:00:00+00:00,9866.960000000001,9916.960000000001,9836.960000000001,9911.960000000001,1111
2009-06-25T00:00:00+00:00,9911.960000000001,10181.960000000001,9911.960000000001,10051.960000000001,2534
2009-06-26T00:00:00+00:00,10051.960000000001,10241.960000000001,10051.960000000001,10201.960000000001,1523
2009-06-29T00:00:00+00:00,10201.960000000001,10246.960000000001,10056.960000000001,10156.960000000001,1629
2009-06-30T00:00:00+00:00,10156.960000000001,10306.960000000001,10156.960000000001,10226.960000000001,1703
2009-07-01T00:00:00+00:00,10226.960000000001,10386.960000000001,10166.960000000001,10271.960000000001,2401
2009-07-02T00:00:00+00:00,10271.960000000001,10286.960000000001,10126.960000000001,10146.960000000001,2210
2009-07-03T00:00:00+00:00,10146.960000000001,10146.960000000001,9986.960000000001,10086.960000000001,2366
2009-07-06T00:00:00+00:00,10086.960000000001,10086.960000000001,9901.960000000001,9901.960000000001,1766
2009-07-07T00:00:00+00:00,9901.960000000001,10026.960000000001,9901.960000000001,9971.960000000001,2281
2009-07-08T00:00:00+00:00,9971.960000000001,9971.960000000001,9696.960000000001,9701.960000000001,1751
2009-07-09T00:00:00+00:00,9701.960000000001,9701.960000000001,9566.960000000001,9646.960000000001,2079
2009-07-10T00:00:00+00:00,9646.960000000001,9666.960000000001,9416.960000000001,9431.960000000001,2186
2009-07-13T00:00:00+00:00,9431.960000000001,9641.960000000001,9316.960000000001,9381.960000000001,2688
2009-07-14T00:00:00+00:00,9381.960000000001,9586.960000000001,9381.960000000001,9576.960000000001,2422
2009-07-15T00:00:00+00:00,9576.960000000001,9666.960000000001,9546.960000000001,9661.960000000001,1661
2009-07-16T00:00:00+00:00,9661.960000000001,9791.960000000001,9606.960000000001,9696.960000000001,1788
2009-07-17T00:00:00+00:00,9696.960000000001,9716.960000000001,9656.960000000001,9706.960000000001,1188
2009-07-21T00:00:00+00:00,9706.960000000001,9971.960000000001,9706.960000000001,9966.960000000001,1430
2009-07-22T00:00:00+00:00,9966.960000000001,10046.960000000001,9901.960000000001,9961.960000000001,1639
2009-07-23T00:00:00+00:00,9961.960000000001,10156.960000000001,9961.960000000001,10101.960000000001,1610
2009-07-24T00:00:00+00:00,10101.960000000001,10348.960000000001,10101.960000000001,10338.960000000001,1625
2009-07-27T00:00:00+00:00,10338.960000000001,10478.960000000001,10296.960000000001,10408.960000000001,1967
2009-07-28T00:00:00+00:00,10408.960000000001,10423.960000000001,10343.960000000001,10383.960000000001,1355
2009-07-29T00:00:00+00:00,10383.960000000001,10458.960000000001,10323.960000000001,10417.960000000001,1990
2009-07-30T00:00:00+00:00,10417.960000000001,10592.960000000001,10362.960000000001,10582.960000000001,1955
2009-07-31T00:00:00+00:00,10582.960000000001,10682.960000000001,10552.960000000001,10637.960000000001,1774
2009-08-03T00:00:00+00:00,10637.960000000001,10742.960000000001,10617.960000000001,10737.960000000001,1406
2009-08-04T00:00:00+00:00,10737.960000000001,10777.960000000001,10622.960000000001,10622.960000000001,2040
2009-08-05T00:00:00+00:00,10622.960000000001,10707.960000000001,10537.960000000001,10592.960000000001,1293
2009-08-06T00:00:00+00:00,10592.960000000001,10742.960000000001,10567.960000000001,10737.960000000001,2057
2009-08-07T00:00:00+00:00,10737.960000000001,10737.960000000001,10547.960000000001,10677.960000000001,1692
2009-08-10T00:00:00+00:00,10677.960000000001,10887.960000000001,10677.960000000001,10822.960000000001,1925
2009-08-11T00:00:00+00:00,10822.960000000001,10927.960000000001,10807.960000000001,10892.960000000001,1380
2009-08-12T00:00:00+00:00,10892.960000000001,10892.960000000001,10639.960000000001,10724.960000000001,1479
2009-08-13T00:00:00+00:00,10724.960000000001,10879.960000000001,10724.960000000001,10879.960000000001,1201
2009-08-14T00:00:00+00:00,10879.960000000001,10929.960000000001,10834.960000000001,10884.960000000001,1732
2009-08-17T00:00:00+00:00,10884.960000000001,10884.960000000001,10454.960000000001,10474.960000000001,2084
2009-08-18T00:00:00+00:00,10474.960000000001,10634.960000000001,10474.960000000001,10594.960000000001,2113
2009-08-19T00:00:00+00:00,10594.960000000001,10619.960000000001,10409.960000000001,10417.960000000001,1884
2009-08-20T00:00:00+00:00,10417.960000000001,10704.960000000001,10417.960000000001,10650.960000000001,1936
2009-08-21T00:00:00+00:00,10650.960000000001,10665.960000000001,10435.960000000001,10645.960000000001,2232
2009-08-24T00:00:00+00:00,10645.960000000001,10890.960000000001,10645.960000000001,10865.960000000001,1594
2009-08-25T00:00:00+00:00,10865.960000000001,10870.960000000001,10785.960000000001,10865.960000000001,1317
2009-08-26T00:00:00+00:00,10865.960000000001,10975.960000000001,10825.960000000001,10890.960000000001,2125
2009-08-27T00:00:00+00:00,10890.960000000001,10890.960000000001,10695.960000000001,10821.960000000001,2314
2009-08-28T00:00:00+00:00,10821.960000000001,10881.960000000001,10766.960000000001,10881.960000000001,1896
2009-08-31T00:00:00+00:00,10881.960000000001,11058.960000000001,10708.960000000001,10728.960000000001,2992
2009-09-01T00:00:00+00:00,10728.960000000001,10873.960000000001,10693.960000000001,10718.960000000001,2779
2009-09-02T00:00:00+00:00,10718.960000000001,10731.960000000001,10503.960000000001,10553.960000000001,2542
2009-09-03T00:00:00+00:00,10553.960000000001,10583.960000000001,10473.960000000001,10518.960000000001,2066
2009-09-04T00:00:00+00:00,10518.960000000001,10553.960000000001,10433.960000000001,10513.960000000001,1945
2009-09-07T00:00:00+00:00,10513.960000000001,10653.960000000001,10513.960000000001,10628.960000000001,1407
2009-09-08T00:00:00+00:00,10628.960000000001,10728.960000000001,10593.960000000001,10703.960000000001,1331
2009-09-09T00:00:00+00:00,10703.960000000001,10703.960000000001,10533.960000000001,10643.960000000001,1629
2009-09-10T00:00:00+00:00,10643.960000000001,10817.960000000001,10643.960000000001,10804.960000000001,850
2009-09-11T00:00:00+00:00,10804.960000000001,10813.960000000001,10689.960000000001,10718.960000000001,1851
2009-09-14T00:00:00+00:00,10718.960000000001,10718.960000000001,10478.960000000001,10513.960000000001,2020
2009-09-15T00:00:00+00:00,10513.960000000001,10608.960000000001,10498.960000000001,10518.960000000001,1401
2009-09-16T00:00:00+00:00,10518.960000000001,10718.960000000001,10518.960000000001,10588.960000000001,1983
2009-09-17T00:00:00+00:00,10588.960000000001,10742.960000000001,10588.960000000001,10727.960000000001,1845
2009-09-18T00:00:00+00:00,10727.960000000001,10727.960000000001,10602.960000000001,10726.960000000001,2043
2009-09-24T00:00:00+00:00,10726.960000000001,10867.960000000001,10697.960000000001,10792.960000000001,1725
2009-09-25T00:00:00+00:00,10792.960000000001,10792.960000000001,10523.960000000001,10578.960000000001,1557
2009-09-28T00:00:00+00:00,10578.960000000001,10578.960000000001,10275.960000000001,10340.960000000001,1573
2009-09-29T00:00:00+00:00,10340.960000000001,10453.960000000001,10340.960000000001,10375.960000000001,1599
2009-09-30T00:00:00+00:00,10375.960000000001,10440.960000000001,10365.960000000001,10410.960000000001,1087
2009-10-01T00:00:00+00:00,10410.960000000001,10410.960000000001,10250.960000000001,10250.960000000001,1315
2009-10-02T00:00:00+00:00,10250.960000000001,10252.960000000001,9965.960000000001,9975.960000000001,1013
2009-10-05T00:00:00+00:00,9975.960000000001,10060.960000000001,9955.960000000001,10000.960000000001,1201
2009-10-06T00:00:00+00:00,10000.960000000001,10065.960000000001,9920.960000000001,10065.960000000001,1299
2009-10-07T00:00:00+00:00,10065.960000000001,10110.960000000001,10025.960000000001,10035.960000000001,1337
2009-10-08T00:00:00+00:00,10035.960000000001,10210.960000000001,10035.960000000001,10200.960000000001,1291
2009-10-09T00:00:00+00:00,10200.960000000001,10315.960000000001,10145.960000000001,10270.960000000001,1508
2009-10-13T00:00:00+00:00,10270.960000000001,10410.960000000001,10270.960000000001,10355.960000000001,1319
2009-10-14T00:00:00+00:00,10355.960000000001,10435.960000000001,10310.960000000001,10435.960000000001,1259
2009-10-15T00:00:00+00:00,10435.960000000001,10570.960000000001,10428.960000000001,10550.960000000001,1275
2009-10-16T00:00:00+00:00,10550.960000000001,10595.960000000001,10515.960000000001,10550.960000000001,1121
2009-10-19T00:00:00+00:00,10550.960000000001,10605.960000000001,10420.960000000001,10605.960000000001,963
2009-10-20T00:00:00+00:00,10605.960000000001,10655.960000000001,10570.960000000001,10575.960000000001,1285
2009-10-21T00:00:00+00:00,10575.960000000001,10645.960000000001,10550.960000000001,10565.960000000001,865
2009-10-22T00:00:00+00:00,10565.960000000001,10570.960000000001,10450.960000000001,10530.960000000001,1421
2009-10-23T00:00:00+00:00,10530.960000000001,10660.960000000001,10530.960000000001,10585.960000000001,1143
2009-10-26T00:00:00+00:00,10585.960000000001,10690.960000000001,10545.960000000001,10675.960000000001,1224
2009-10-27T00:00:00+00:00,10675.960000000001,10675.960000000001,10495.960000000001,10525.960000000001,1056
2009-10-28T00:00:00+00:00,10525.960000000001,10525.960000000001,10260.960000000001,10275.960000000001,1437
2009-10-29T00:00:00+00:00,10275.960000000001,10308.960000000001,10140.960000000001,10175.960000000001,1472
2009-10-30T00:00:00+00:00,10175.960000000001,10338.960000000001,10175.960000000001,10250.960000000001,1263
2009-11-02T00:00:00+00:00,10250.960000000001,10250.960000000001,10000.960000000001,10115.960000000001,1536
2009-11-04T00:00:00+00:00,10115.960000000001,10165.960000000001,10050.960000000001,10165.960000000001,878
2009-11-05T00:00:00+00:00,10165.960000000001,10165.960000000001,9950.960000000001,10020.960000000001,1509
2009-11-06T00:00:00+00:00,10020.960000000001,10140.960000000001,10020.960000000001,10055.960000000001,1349
2009-11-09T00:00:00+00:00,10055.960000000001,10145.960000000001,10020.960000000001,10145.960000000001,1158
2009-11-10T00:00:00+00:00,10145.960000000001,10270.960000000001,10140.960000000001,10180.960000000001,1201
2009-11-11T00:00:00+00:00,10180.960000000001,10256.960000000001,10141.960000000001,10241.960000000001,1346
2009-11-12T00:00:00+00:00,10241.960000000001,10241.960000000001,10043.960000000001,10078.960000000001,1634
2009-11-13T00:00:00+00:00,10078.960000000001,10113.960000000001,10013.960000000001,10038.960000000001,1502
2009-11-16T00:00:00+00:00,10038.960000000001,10123.960000000001,10023.960000000001,10118.960000000001,1319
2009-11-17T00:00:00+00:00,10118.960000000001,10153.960000000001,10008.960000000001,10023.960000000001,1254
2009-11-18T00:00:00+00:00,10023.960000000001,10093.960000000001,9928.960000000001,9978.960000000001,1265
2009-11-19T00:00:00+00:00,9978.960000000001,9993.960000000001,9773.960000000001,9783.960000000001,1819
2009-11-20T00:00:00+00:00,9783.960000000001,9808.960000000001,9723.960000000001,9743.960000000001,1413
2009-11-24T00:00:00+00:00,9743.960000000001,9813.960000000001,9623.960000000001,9698.960000000001,1365
2009-11-25T00:00:00+00:00,9698.960000000001,9778.960000000001,9668.960000000001,9708.960000000001,1540
2009-11-26T00:00:00+00:00,9708.960000000001,9753.960000000001,9613.960000000001,9638.960000000001,1697
2009-11-27T00:00:00+00:00,9638.960000000001,9638.960000000001,9298.960000000001,9443.960000000001,2863
2009-11-30T00:00:00+00:00,9443.960000000001,9643.960000000001,9426.960000000001,9563.960000000001,2235
2009-12-01T00:00:00+00:00,9563.960000000001,9858.960000000001,9513.960000000001,9813.960000000001,2299
2009-12-02T00:00:00+00:00,9813.960000000001,9978.960000000001,9803.960000000001,9963.960000000001,2234
2009-12-03T00:00:00+00:00,9963.960000000001,10281.960000000001,9963.960000000001,10263.960000000001,2578
2009-12-04T00:00:00+00:00,10263.960000000001,10323.960000000001,10198.960000000001,10286.960000000001,1781
2009-12-07T00:00:00+00:00,10286.960000000001,10501.960000000001,10286.960000000001,10416.960000000001,1806
2009-12-08T00:00:00+00:00,10416.960000000001,10446.960000000001,10361.960000000001,10391.960000000001,1394
2009-12-09T00:00:00+00:00,10391.960000000001,10391.960000000001,10201.960000000001,10246.960000000001,1481
2009-12-10T00:00:00+00:00,10246.960000000001,10331.960000000001,10121.960000000001,10124.960000000001,780
2009-12-11T00:00:00+00:00,10124.960000000001,10406.960000000001,10124.960000000001,10401.960000000001,1615
2009-12-14T00:00:00+00:00,10401.960000000001,10414.960000000001,10296.960000000001,10371.960000000001,2051
2009-12-15T00:00:00+00:00,10371.960000000001,10401.960000000001,10316.960000000001,10366.960000000001,1241
2009-12-16T00:00:00+00:00,10366.960000000001,10538.960000000001,10366.960000000001,10533.960000000001,1727
2009-12-17T00:00:00+00:00,10533.960000000001,10558.960000000001,10378.960000000001,10398.960000000001,1798
2009-12-18T00:00:00+00:00,10398.960000000001,10498.960000000001,10313.960000000001,10488.960000000001,1456
2009-12-21T00:00:00+00:00,10488.960000000001,10508.960000000001,10458.960000000001,10493.960000000001,683
2009-12-22T00:00:00+00:00,10493.960000000001,10698.960000000001,10493.960000000001,10698.960000000001,970
2009-12-24T00:00:00+00:00,10698.960000000001,10858.960000000001,10698.960000000001,10808.960000000001,870
2009-12-28T00:00:00+00:00,10808.960000000001,10968.960000000001,10808.960000000001,10938.960000000001,853
2009-12-29T00:00:00+00:00,10938.960000000001,11023.960000000001,10898.960000000001,10998.960000000001,1108
2009-12-30T00:00:00+00:00,10998.960000000001,11028.960000000001,10808.960000000001,10838.960000000001,1335
2010-01-04T00:00:00+00:00,10838.960000000001,10998.960000000001,10838.960000000001,10988.960000000001,1026
2010-01-05T00:00:00+00:00,10988.960000000001,11098.960000000001,10963.960000000001,11013.960000000001,1817
2010-01-06T00:00:00+00:00,11013.960000000001,11073.960000000001,10963.960000000001,11038.960000000001,1688
2010-01-07T00:00:00+00:00,11038.960000000001,11073.960000000001,10938.960000000001,10963.960000000001,1544
2010-01-08T00:00:00+00:00,10963.960000000001,11138.960000000001,10963.960000000001,11128.960000000001,2012
2010-01-12T00:00:00+00:00,11128.960000000001,11208.960000000001,11058.960000000001,11153.960000000001,1455
2010-01-13T00:00:00+00:00,11153.960000000001,11158.960000000001,10978.960000000001,10998.960000000001,1646
2010-01-14T00:00:00+00:00,10998.960000000001,11228.960000000001,10998.960000000001,11228.960000000001,1337
2010-01-15T00:00:00+00:00,11228.960000000001,11278.960000000001,11173.960000000001,11243.960000000001,1703
2010-01-18T00:00:00+00:00,11243.960000000001,11243.960000000001,11073.960000000001,11148.960000000001,1444
2010-01-19T00:00:00+00:00,11148.960000000001,11163.960000000001,11018.960000000001,11023.960000000001,1358
2010-01-20T00:00:00+00:00,11023.960000000001,11153.960000000001,10958.960000000001,10993.960000000001,1471
2010-01-21T00:00:00+00:00,10993.960000000001,11188.960000000001,10948.960000000001,11068.960000000001,2169
2010-01-22T00:00:00+00:00,11068.960000000001,11081.960000000001,10818.960000000001,10878.960000000001,2274
2010-01-25T00:00:00+00:00,10878.960000000001,10878.960000000001,10708.960000000001,10873.960000000001,1668
2010-01-26T00:00:00+00:00,10873.960000000001,10873.960000000001,10568.960000000001,10573.960000000001,1805
2010-01-27T00:00:00+00:00,10573.960000000001,10673.960000000001,10507.960000000001,10542.960000000001,1911
2010-01-28T00:00:00+00:00,10542.960000000001,10757.960000000001,10542.960000000001,10688.960000000001,2291
2010-01-29T00:00:00+00:00,10688.960000000001,10688.960000000001,10459.960000000001,10529.960000000001,1999
2010-02-01T00:00:00+00:00,10529.960000000001,10539.960000000001,10429.960000000001,10539.960000000001,1498
2010-02-02T00:00:00+00:00,10539.960000000001,10693.960000000001,10539.960000000001,10688.960000000001,1499
2010-02-03T00:00:00+00:00,10688.960000000001,10738.960000000001,10648.960000000001,10713.960000000001,1381
2010-02-04T00:00:00+00:00,10713.960000000001,10733.960000000001,10556.960000000001,10566.960000000001,1324
2010-02-05T00:00:00+00:00,10566.960000000001,10589.960000000001,10211.960000000001,10216.960000000001,2006
2010-02-08T00:00:00+00:00,10216.960000000001,10356.960000000001,10216.960000000001,10246.960000000001,1727
2010-02-09T00:00:00+00:00,10246.960000000001,10306.960000000001,10166.960000000001,10301.960000000001,1634
2010-02-10T00:00:00+00:00,10301.960000000001,10366.960000000001,10256.960000000001,10366.960000000001,1521
2010-02-12T00:00:00+00:00,10366.960000000001,10421.960000000001,10311.960000000001,10336.960000000001,1386
2010-02-15T00:00:00+00:00,10336.960000000001,10416.960000000001,10296.960000000001,10326.960000000001,1115
2010-02-16T00:00:00+00:00,10326.960000000001,10385.960000000001,10310.960000000001,10385.960000000001,723
2010-02-17T00:00:00+00:00,10385.960000000001,10635.960000000001,10378.960000000001,10620.960000000001,1041
2010-02-18T00:00:00+00:00,10620.960000000001,10635.960000000001,10580.960000000001,10625.960000000001,872
2010-02-19T00:00:00+00:00,10625.960000000001,10650.960000000001,10420.960000000001,10515.960000000001,1490
2010-02-22T00:00:00+00:00,10515.960000000001,10745.960000000001,10498.960000000001,10640.960000000001,1517
2010-02-23T00:00:00+00:00,10640.960000000001,10668.960000000001,10575.960000000001,10608.960000000001,1275
2010-02-24T00:00:00+00:00,10608.960000000001,10608.960000000001,10420.960000000001,10475.960000000001,1336
2010-02-25T00:00:00+00:00,10475.960000000001,10565.960000000001,10380.960000000001,10405.960000000001,1736
2010-02-26T00:00:00+00:00,10405.960000000001,10470.960000000001,10380.960000000001,10430.960000000001,1287
2010-03-01T00:00:00+00:00,10430.960000000001,10530.960000000001,10415.960000000001,10500.960000000001,1249
2010-03-02T00:00:00+00:00,10500.960000000001,10540.960000000001,10445.960000000001,10535.960000000001,1245
2010-03-03T00:00:00+00:00,10535.960000000001,10574.960000000001,10479.960000000001,10549.960000000001,1330
2010-03-04T00:00:00+00:00,10549.960000000001,10559.960000000001,10409.960000000001,10474.960000000001,1236
2010-03-05T00:00:00+00:00,10474.960000000001,10688.960000000001,10474.960000000001,10678.960000000001,1284
2010-03-08T00:00:00+00:00,10678.960000000001,10892.960000000001,10678.960000000001,10872.960000000001,1318
2010-03-09T00:00:00+00:00,10872.960000000001,10892.960000000001,10807.960000000001,10812.960000000001,1100
2010-03-10T00:00:00+00:00,10812.960000000001,10886.960000000001,10812.960000000001,10871.960000000001,882
2010-03-11T00:00:00+00:00,10871.960000000001,10971.960000000001,10871.960000000001,10971.960000000001,494
2010-03-12T00:00:00+00:00,10971.960000000001,11060.960000000001,10971.960000000001,11033.960000000001,810
2010-03-15T00:00:00+00:00,11033.960000000001,11103.960000000001,11008.960000000001,11008.960000000001,721
2010-03-16T00:00:00+00:00,11008.960000000001,11073.960000000001,11008.960000000001,11073.960000000001,858
2010-03-17T00:00:00+00:00,11073.960000000001,11158.960000000001,11053.960000000001,11143.960000000001,976
2010-03-18T00:00:00+00:00,11143.960000000001,11143.960000000001,11008.960000000001,11043.960000000001,1144
2010-03-19T00:00:00+00:00,11043.960000000001,11118.960000000001,11043.960000000001,11103.960000000001,765
2010-03-23T00:00:00+00:00,11103.960000000001,11108.960000000001,11018.960000000001,11073.960000000001,843
2010-03-24T00:00:00+00:00,11073.960000000001,11178.960000000001,11058.960000000001,11058.960000000001,975
2010-03-25T00:00:00+00:00,11058.960000000001,11163.960000000001,11058.960000000001,11163.960000000001,760
2010-03-26T00:00:00+00:00,11163.960000000001,11313.960000000001,11163.960000000001,11303.960000000001,1073
2010-03-29T00:00:00+00:00,11303.960000000001,11363.960000000001,11197.960000000001,11358.960000000001,817
2010-03-30T00:00:00+00:00,11358.960000000001,11440.960000000001,11300.960000000001,11405.960000000001,921
2010-03-31T00:00:00+00:00,11405.960000000001,11440.960000000001,11375.960000000001,11420.960000000001,913
2010-04-01T00:00:00+00:00,11420.960000000001,11563.960000000001,11415.960000000001,11535.960000000001,718
2010-04-02T00:00:00+00:00,11535.960000000001,11609.960000000001,11529.960000000001,11609.960000000001,637
2010-04-05T00:00:00+00:00,11609.960000000001,11669.960000000001,11599.960000000001,11604.960000000001,635
2010-04-06T00:00:00+00:00,11604.960000000001,11649.960000000001,11513.960000000001,11593.960000000001,1215
2010-04-07T00:00:00+00:00,11593.960000000001,11643.960000000001,11535.960000000001,11560.960000000001,1129
2010-04-08T00:00:00+00:00,11560.960000000001,11560.960000000001,11392.960000000001,11407.960000000001,1092
2010-04-09T00:00:00+00:00,11407.960000000001,11549.960000000001,11407.960000000001,11534.960000000001,844
2010-04-12T00:00:00+00:00,11534.960000000001,11649.960000000001,11534.960000000001,11549.960000000001,1018
2010-04-13T00:00:00+00:00,11549.960000000001,11549.960000000001,11379.960000000001,11444.960000000001,1344
2010-04-14T00:00:00+00:00,11444.960000000001,11564.960000000001,11444.960000000001,11529.960000000001,1133
2010-04-15T00:00:00+00:00,11529.960000000001,11609.960000000001,11499.960000000001,11529.960000000001,1095
2010-04-16T00:00:00+00:00,11529.960000000001,11529.960000000001,11378.960000000001,11428.960000000001,1324
2010-04-19T00:00:00+00:00,11428.960000000001,11428.960000000001,11135.960000000001,11145.960000000001,1179
2010-04-20T00:00:00+00:00,11145.960000000001,11300.960000000001,11145.960000000001,11275.960000000001,1285
2010-04-21T00:00:00+00:00,11275.960000000001,11390.960000000001,11253.960000000001,11320.960000000001,1018
2010-04-22T00:00:00+00:00,11320.960000000001,11333.960000000001,11145.960000000001,11150.960000000001,1768
2010-04-23T00:00:00+00:00,11150.960000000001,11260.960000000001,11150.960000000001,11230.960000000001,1720
2010-04-26T00:00:00+00:00,11230.960000000001,11475.960000000001,11230.960000000001,11460.960000000001,1109
2010-04-27T00:00:00+00:00,11460.960000000001,11510.960000000001,11405.960000000001,11430.960000000001,1236
2010-04-28T00:00:00+00:00,11430.960000000001,11443.960000000001,11140.960000000001,11205.960000000001,2291
2010-04-29T00:00:00+00:00,11205.960000000001,11245.960000000001,11205.960000000001,11218.960000000001,2
2010-04-30T00:00:00+00:00,11218.960000000001,11400.960000000001,11218.960000000001,11383.960000000001,973
2010-05-06T00:00:00+00:00,11383.960000000001,11383.960000000001,10918.960000000001,10978.960000000001,1365
2010-05-07T00:00:00+00:00,10978.960000000001,10978.960000000001,10503.960000000001,10756.960000000001,2771
2010-05-10T00:00:00+00:00,10756.960000000001,11011.960000000001,10671.960000000001,11001.960000000001,2286
2010-05-11T00:00:00+00:00,11001.960000000001,11001.960000000001,10655.960000000001,10660.960000000001,2147
2010-05-12T00:00:00+00:00,10660.960000000001,10795.960000000001,10635.960000000001,10725.960000000001,2532
2010-05-13T00:00:00+00:00,10725.960000000001,10960.960000000001,10723.960000000001,10845.960000000001,2051
2010-05-14T00:00:00+00:00,10845.960000000001,10873.960000000001,10640.960000000001,10675.960000000001,2060
2010-05-17T00:00:00+00:00,10675.960000000001,10688.960000000001,10455.960000000001,10600.960000000001,2487
2010-05-18T00:00:00+00:00,10600.960000000001,10635.960000000001,10500.960000000001,10600.960000000001,2474
2010-05-19T00:00:00+00:00,10600.960000000001,10600.960000000001,10315.960000000001,10320.960000000001,3204
2010-05-20T00:00:00+00:00,10320.960000000001,10460.960000000001,10290.960000000001,10325.960000000001,2819
2010-05-21T00:00:00+00:00,10325.960000000001,10325.960000000001,9925.960000000001,9940.960000000001,4091
2010-05-24T00:00:00+00:00,9940.960000000001,10100.960000000001,9878.960000000001,9963.960000000001,10836
2010-05-25T00:00:00+00:00,9963.960000000001,9988.960000000001,9582.960000000001,9842.960000000001,11772
2010-05-26T00:00:00+00:00,9842.960000000001,9927.960000000001,9654.960000000001,9714.960000000001,13502
2010-05-27T00:00:00+00:00,9714.960000000001,10121.960000000001,9687.960000000001,10076.960000000001,13015
2010-05-28T00:00:00+00:00,10076.960000000001,10171.960000000001,9921.960000000001,9953.960000000001,12996
2010-05-31T00:00:00+00:00,9953.960000000001,10133.960000000001,9653.960000000001,10031.960000000001,2470
2010-06-01T00:00:00+00:00,10031.960000000001,10093.960000000001,9321.960000000001,9913.960000000001,8038
2010-06-02T00:00:00+00:00,9913.960000000001,10121.960000000001,9858.960000000001,10103.960000000001,8011
2010-06-03T00:00:00+00:00,10103.960000000001,10286.960000000001,10071.960000000001,10211.960000000001,9217
2010-06-04T00:00:00+00:00,10211.960000000001,10260.960000000001,9850.960000000001,9885.960000000001,15235
2010-06-07T00:00:00+00:00,9885.960000000001,10163.960000000001,9603.960000000001,9698.960000000001,7761
2010-06-08T00:00:00+00:00,9698.960000000001,9881.960000000001,9604.960000000001,9794.960000000001,8572
2010-06-09T00:00:00+00:00,9794.960000000001,9914.960000000001,9674.960000000001,9782.960000000001,7127
2010-06-10T00:00:00+00:00,9782.960000000001,10008.960000000001,9737.960000000001,9993.960000000001,5441
2010-06-11T00:00:00+00:00,9993.960000000001,10105.960000000001,9925.960000000001,10100.960000000001,6099
2010-06-14T00:00:00+00:00,10100.960000000001,10218.960000000001,9881.960000000001,10101.960000000001,4540
2010-06-15T00:00:00+00:00,10101.960000000001,10348.960000000001,10101.960000000001,10333.960000000001,4457
2010-06-16T00:00:00+00:00,10333.960000000001,10413.960000000001,10283.960000000001,10381.960000000001,4646
2010-06-17T00:00:00+00:00,10381.960000000001,10398.960000000001,10238.960000000001,10318.960000000001,4606
2010-06-18T00:00:00+00:00,10318.960000000001,10328.960000000001,10258.960000000001,10321.960000000001,4402
2010-06-21T00:00:00+00:00,10321.960000000001,10563.960000000001,10298.960000000001,10456.960000000001,4328
2010-06-22T00:00:00+00:00,10456.960000000001,10481.960000000001,10198.960000000001,10233.960000000001,5279
2010-06-23T00:00:00+00:00,10233.960000000001,10268.960000000001,10076.960000000001,10176.960000000001,6359
2010-06-24T00:00:00+00:00,10176.960000000001,10303.960000000001,9988.960000000001,10053.960000000001,5708
2010-06-25T00:00:00+00:00,10053.960000000001,10088.960000000001,9953.960000000001,10048.960000000001,6453
2010-06-28T00:00:00+00:00,10048.960000000001,10068.960000000001,9938.960000000001,9968.960000000001,4993
2010-06-29T00:00:00+00:00,9968.960000000001,10056.960000000001,9578.960000000001,9633.960000000001,7325
2010-06-30T00:00:00+00:00,9633.960000000001,9708.960000000001,9418.960000000001,9418.960000000001,7220
2010-07-01T00:00:00+00:00,9418.960000000001,9588.960000000001,9320.960000000001,9468.960000000001,9316
2010-07-02T00:00:00+00:00,9468.960000000001,9595.960000000001,9423.960000000001,9515.960000000001,7000
2010-07-05T00:00:00+00:00,9515.960000000001,9583.960000000001,9375.960000000001,9498.960000000001,1990
2010-07-06T00:00:00+00:00,9498.960000000001,9803.960000000001,9388.960000000001,9616.960000000001,5217
2010-07-07T00:00:00+00:00,9616.960000000001,9836.960000000001,9516.960000000001,9828.960000000001,5089
2010-07-08T00:00:00+00:00,9828.960000000001,9933.960000000001,9783.960000000001,9908.960000000001,5030
2010-07-09T00:00:00+00:00,9908.960000000001,9936.960000000001,9813.960000000001,9933.960000000001,3838
2010-07-12T00:00:00+00:00,9933.960000000001,9933.960000000001,9813.960000000001,9881.960000000001,3394
2010-07-13T00:00:00+00:00,9881.960000000001,9963.960000000001,9796.960000000001,9923.960000000001,4309
2010-07-14T00:00:00+00:00,9923.960000000001,10106.960000000001,9923.960000000001,10071.960000000001,4087
2010-07-15T00:00:00+00:00,10071.960000000001,10073.960000000001,9821.960000000001,9918.960000000001,5311
2010-07-16T00:00:00+00:00,9918.960000000001,9936.960000000001,9483.960000000001,9498.960000000001,5485
2010-07-19T00:00:00+00:00,9498.960000000001,9608.960000000001,9478.960000000001,9563.960000000001,3058
2010-07-20T00:00:00+00:00,9563.960000000001,9703.960000000001,9458.960000000001,9678.960000000001,5103
2010-07-21T00:00:00+00:00,9678.960000000001,9693.960000000001,9488.960000000001,9503.960000000001,5916
2010-07-22T00:00:00+00:00,9503.960000000001,9723.960000000001,9468.960000000001,9628.960000000001,4463
2010-07-23T00:00:00+00:00,9628.960000000001,9838.960000000001,9628.960000000001,9818.960000000001,5809
2010-07-26T00:00:00+00:00,9818.960000000001,9848.960000000001,9718.960000000001,9828.960000000001,3811
2010-07-27T00:00:00+00:00,9828.960000000001,9928.960000000001,9773.960000000001,9923.960000000001,4141
2010-07-28T00:00:00+00:00,9923.960000000001,10053.960000000001,9916.960000000001,9971.960000000001,3620
2010-07-29T00:00:00+00:00,9971.960000000001,10031.960000000001,9856.960000000001,9926.960000000001,6144
2010-07-30T00:00:00+00:00,9926.960000000001,9951.960000000001,9706.960000000001,9806.960000000001,8527
2010-08-02T00:00:00+00:00,9806.960000000001,10026.960000000001,9806.960000000001,10021.960000000001,3613
2010-08-03T00:00:00+00:00,10021.960000000001,10039.960000000001,9881.960000000001,9946.960000000001,4139
2010-08-04T00:00:00+00:00,9946.960000000001,9946.960000000001,9766.960000000001,9931.960000000001,4379
2010-08-05T00:00:00+00:00,9931.960000000001,9976.960000000001,9839.960000000001,9891.960000000001,3252
2010-08-06T00:00:00+00:00,9891.960000000001,9973.960000000001,9751.960000000001,9883.960000000001,4538
2010-08-09T00:00:00+00:00,9883.960000000001,9938.960000000001,9743.960000000001,9743.960000000001,2578
2010-08-10T00:00:00+00:00,9743.960000000001,9961.960000000001,9743.960000000001,9788.960000000001,5026
2010-08-11T00:00:00+00:00,9788.960000000001,9788.960000000001,9413.960000000001,9431.960000000001,5292
2010-08-12T00:00:00+00:00,9431.960000000001,9553.960000000001,9353.960000000001,9456.960000000001,4777
2010-08-13T00:00:00+00:00,9456.960000000001,9583.960000000001,9451.960000000001,9498.960000000001,4318
2010-08-16T00:00:00+00:00,9498.960000000001,9508.960000000001,9378.960000000001,9438.960000000001,3947
2010-08-17T00:00:00+00:00,9438.960000000001,9608.960000000001,9371.960000000001,9513.960000000001,4278
2010-08-18T00:00:00+00:00,9513.960000000001,9578.960000000001,9443.960000000001,9513.960000000001,3779
2010-08-19T00:00:00+00:00,9513.960000000001,9668.960000000001,9448.960000000001,9511.960000000001,5077
2010-08-20T00:00:00+00:00,9511.960000000001,9568.960000000001,9368.960000000001,9448.960000000001,4565
2010-08-23T00:00:00+00:00,9448.960000000001,9468.960000000001,9333.960000000001,9338.960000000001,3867
2010-08-24T00:00:00+00:00,9338.960000000001,9368.960000000001,9098.960000000001,9148.960000000001,4783
2010-08-25T00:00:00+00:00,9148.960000000001,9240.960000000001,9033.960000000001,9210.960000000001,5218
2010-08-26T00:00:00+00:00,9210.960000000001,9225.960000000001,9110.960000000001,9135.960000000001,4921
2010-08-27T00:00:00+00:00,9135.960000000001,9380.960000000001,9107.960000000001,9362.960000000001,567
2010-08-30T00:00:00+00:00,9362.960000000001,9577.960000000001,9280.960000000001,9280.960000000001,405
2010-08-31T00:00:00+00:00,9280.960000000001,9297.960000000001,9055.960000000001,9122.960000000001,742
2010-09-01T00:00:00+00:00,9122.960000000001,9410.960000000001,9092.960000000001,9402.960000000001,665
2010-09-02T00:00:00+00:00,9402.960000000001,9405.960000000001,9250.960000000001,9392.960000000001,505
2010-09-03T00:00:00+00:00,9392.960000000001,9557.960000000001,9340.960000000001,9477.960000000001,457
2010-09-06T00:00:00+00:00,9477.960000000001,9597.960000000001,9462.960000000001,9555.960000000001,283
2010-09-07T00:00:00+00:00,9555.960000000001,9600.960000000001,9377.960000000001,9390.960000000001,510
2010-09-08T00:00:00+00:00,9390.960000000001,9461.960000000001,9287.960000000001,9421.960000000001,436
2010-09-09T00:00:00+00:00,9421.960000000001,9488.960000000001,9368.960000000001,9443.960000000001,443
2010-09-10T00:00:00+00:00,9443.960000000001,9590.960000000001,9430.960000000001,9585.960000000001,358
2010-09-13T00:00:00+00:00,9585.960000000001,9690.960000000001,9583.960000000001,9645.960000000001,342
2010-09-14T00:00:00+00:00,9645.960000000001,9645.960000000001,9515.960000000001,9595.960000000001,451
2010-09-15T00:00:00+00:00,9595.960000000001,9970.960000000001,9495.960000000001,9955.960000000001,631
2010-09-16T00:00:00+00:00,9955.960000000001,9955.960000000001,9775.960000000001,9888.960000000001,490
2010-09-17T00:00:00+00:00,9888.960000000001,9965.960000000001,9835.960000000001,9880.960000000001,442
2010-09-20T00:00:00+00:00,9880.960000000001,10045.960000000001,9850.960000000001,10018.960000000001,251
2010-09-21T00:00:00+00:00,10018.960000000001,10018.960000000001,9845.960000000001,9880.960000000001,467
2010-09-22T00:00:00+00:00,9880.960000000001,9925.960000000001,9755.960000000001,9778.960000000001,393
2010-09-23T00:00:00+00:00,9778.960000000001,9820.960000000001,9670.960000000001,9715.960000000001,384
2010-09-24T00:00:00+00:00,9715.960000000001,9900.960000000001,9708.960000000001,9845.960000000001,456
2010-09-27T00:00:00+00:00,9845.960000000001,9905.960000000001,9828.960000000001,9850.960000000001,361
2010-09-28T00:00:00+00:00,9850.960000000001,9888.960000000001,9707.960000000001,9767.960000000001,571
2010-09-29T00:00:00+00:00,9767.960000000001,9892.960000000001,9767.960000000001,9815.960000000001,487
2010-09-30T00:00:00+00:00,9815.960000000001,9859.960000000001,9644.960000000001,9689.960000000001,651
2010-10-01T00:00:00+00:00,9689.960000000001,9764.960000000001,9649.960000000001,9699.960000000001,646
2010-10-04T00:00:00+00:00,9699.960000000001,9799.960000000001,9539.960000000001,9604.960000000001,515
2010-10-05T00:00:00+00:00,9604.960000000001,9933.960000000001,9604.960000000001,9888.960000000001,532
2010-10-06T00:00:00+00:00,9888.960000000001,10008.960000000001,9863.960000000001,9961.960000000001,602
2010-10-07T00:00:00+00:00,9961.960000000001,10015.960000000001,9865.960000000001,9948.960000000001,491
2010-10-08T00:00:00+00:00,9948.960000000001,9968.960000000001,9775.960000000001,9905.960000000001,426
2010-10-11T00:00:00+00:00,9905.960000000001,9928.960000000001,9880.960000000001,9913.960000000001,129
2010-10-12T00:00:00+00:00,9913.960000000001,9943.960000000001,9660.960000000001,9735.960000000001,476
2010-10-13T00:00:00+00:00,9735.960000000001,9850.960000000001,9685.960000000001,9785.960000000001,319
2010-10-14T00:00:00+00:00,9785.960000000001,9900.960000000001,9600.960000000001,9853.960000000001,336
2010-10-15T00:00:00+00:00,9853.960000000001,9853.960000000001,9760.960000000001,9795.960000000001,285
2010-10-18T00:00:00+00:00,9795.960000000001,9863.960000000001,9758.960000000001,9818.960000000001,232
2010-10-19T00:00:00+00:00,9818.960000000001,9873.960000000001,9713.960000000001,9766.960000000001,396
2010-10-20T00:00:00+00:00,9766.960000000001,9788.960000000001,9606.960000000001,9761.960000000001,351
2010-10-21T00:00:00+00:00,9761.960000000001,9773.960000000001,9618.960000000001,9683.960000000001,380
2010-10-22T00:00:00+00:00,9683.960000000001,9748.960000000001,9683.960000000001,9738.960000000001,208
2010-10-25T00:00:00+00:00,9738.960000000001,9751.960000000001,9663.960000000001,9673.960000000001,247
2010-10-26T00:00:00+00:00,9673.960000000001,9751.960000000001,9633.960000000001,9721.960000000001,345
2010-10-27T00:00:00+00:00,9721.960000000001,9748.960000000001,9608.960000000001,9693.960000000001,286
2010-10-28T00:00:00+00:00,9693.960000000001,9706.960000000001,9611.960000000001,9634.960000000001,280
2010-10-29T00:00:00+00:00,9634.960000000001,9634.960000000001,9439.960000000001,9456.960000000001,286
2010-11-01T00:00:00+00:00,9456.960000000001,9564.960000000001,9366.960000000001,9421.960000000001,495
2010-11-02T00:00:00+00:00,9421.960000000001,9519.960000000001,9419.960000000001,9509.960000000001,152
2010-11-03T00:00:00+00:00,9509.960000000001,9588.960000000001,9471.960000000001,9588.960000000001,188
2010-11-04T00:00:00+00:00,9588.960000000001,9789.960000000001,9588.960000000001,9769.960000000001,221
2010-11-05T00:00:00+00:00,9769.960000000001,9990.960000000001,9768.960000000001,9990.960000000001,285
2010-11-08T00:00:00+00:00,9990.960000000001,10033.960000000001,9965.960000000001,10003.960000000001,128
2010-11-09T00:00:00+00:00,10003.960000000001,10087.960000000001,9946.960000000001,10027.960000000001,182
2010-11-10T00:00:00+00:00,10027.960000000001,10190.960000000001,10027.960000000001,10157.960000000001,500
2010-11-11T00:00:00+00:00,10157.960000000001,10180.960000000001,10082.960000000001,10137.960000000001,261
2010-11-12T00:00:00+00:00,10137.960000000001,10147.960000000001,9937.960000000001,10027.960000000001,403
2010-11-15T00:00:00+00:00,10027.960000000001,10190.960000000001,10027.960000000001,10162.960000000001,323
2010-11-16T00:00:00+00:00,10162.960000000001,10205.960000000001,9957.960000000001,9987.960000000001,325
2010-11-17T00:00:00+00:00,9987.960000000001,10143.960000000001,9987.960000000001,10113.960000000001,323
2010-11-18T00:00:00+00:00,10113.960000000001,10448.960000000001,10093.960000000001,10401.960000000001,291
2010-11-19T00:00:00+00:00,10401.960000000001,10411.960000000001,10298.960000000001,10398.960000000001,231
2010-11-22T00:00:00+00:00,10398.960000000001,10458.960000000001,10273.960000000001,10391.960000000001,231
2010-11-23T00:00:00+00:00,10391.960000000001,10391.960000000001,10088.960000000001,10158.960000000001,319
2010-11-24T00:00:00+00:00,10158.960000000001,10438.960000000001,10158.960000000001,10398.960000000001,242
2010-11-25T00:00:00+00:00,10398.960000000001,10416.960000000001,10338.960000000001,10362.960000000001,158
2010-11-26T00:00:00+00:00,10362.960000000001,10433.960000000001,10288.960000000001,10308.960000000001,311
2010-11-29T00:00:00+00:00,10308.960000000001,10453.960000000001,10270.960000000001,10375.960000000001,483
2010-11-30T00:00:00+00:00,10375.960000000001,10400.960000000001,10148.960000000001,10233.960000000001,498
2010-12-01T00:00:00+00:00,10233.960000000001,10496.960000000001,10211.960000000001,10463.960000000001,401
2010-12-02T00:00:00+00:00,10463.960000000001,10600.960000000001,10440.960000000001,10600.960000000001,392
2010-12-03T00:00:00+00:00,10600.960000000001,10600.960000000001,10395.960000000001,10467.960000000001,307
2010-12-06T00:00:00+00:00,10467.960000000001,10500.960000000001,10345.960000000001,10345.960000000001,216
2010-12-07T00:00:00+00:00,10345.960000000001,10537.960000000001,10345.960000000001,10495.960000000001,382
2010-12-08T00:00:00+00:00,10495.960000000001,10572.960000000001,10477.960000000001,10572.960000000001,369
2010-12-09T00:00:00+00:00,10572.960000000001,10590.960000000001,10507.960000000001,10545.960000000001,272
2010-12-10T00:00:00+00:00,10545.960000000001,10625.960000000001,10485.960000000001,10516.960000000001,394
2010-12-13T00:00:00+00:00,10516.960000000001,10631.960000000001,10496.960000000001,10581.960000000001,263
2010-12-14T00:00:00+00:00,10581.960000000001,10666.960000000001,10581.960000000001,10636.960000000001,100
2010-12-15T00:00:00+00:00,10636.960000000001,10641.960000000001,10574.960000000001,10631.960000000001,220
2010-12-16T00:00:00+00:00,10631.960000000001,10671.960000000001,10571.960000000001,10636.960000000001,112
2010-12-17T00:00:00+00:00,10636.960000000001,10636.960000000001,10566.960000000001,10599.960000000001,149
2010-12-20T00:00:00+00:00,10599.960000000001,10599.960000000001,10476.960000000001,10564.960000000001,195
2010-12-21T00:00:00+00:00,10564.960000000001,10696.960000000001,10559.960000000001,10679.960000000001,183
2010-12-22T00:00:00+00:00,10679.960000000001,10694.960000000001,10594.960000000001,10636.960000000001,83
2010-12-23T00:00:00+00:00,10636.960000000001,10666.960000000001,10551.960000000001,10566.960000000001,90
2010-12-27T00:00:00+00:00,10566.960000000001,10684.960000000001,10471.960000000001,10616.960000000001,106
2010-12-28T00:00:00+00:00,10616.960000000001,10639.960000000001,10526.960000000001,10566.960000000001,93
2010-12-29T00:00:00+00:00,10566.960000000001,10666.960000000001,10566.960000000001,10588.960000000001,93
2010-12-30T00:00:00+00:00,10588.960000000001,10603.960000000001,10438.960000000001,10481.960000000001,166
2010-12-31T00:00:00+00:00,10481.960000000001,10481.960000000001,10393.960000000001,10468.960000000001,13
2011-01-03T00:00:00+00:00,10468.960000000001,10638.960000000001,10467.960000000001,10618.960000000001,116
2011-01-04T00:00:00+00:00,10618.960000000001,10711.960000000001,10598.960000000001,10683.960000000001,217
2011-01-05T00:00:00+00:00,10683.960000000001,10811.960000000001,10618.960000000001,10783.960000000001,146
2011-01-06T00:00:00+00:00,10783.960000000001,10838.960000000001,10748.960000000001,10778.960000000001,175
2011-01-07T00:00:00+00:00,10778.960000000001,10843.960000000001,10703.960000000001,10758.960000000001,228
2011-01-10T00:00:00+00:00,10758.960000000001,10776.960000000001,10653.960000000001,10731.960000000001,135
2011-01-11T00:00:00+00:00,10731.960000000001,10868.960000000001,10731.960000000001,10846.960000000001,241
2011-01-12T00:00:00+00:00,10846.960000000001,10923.960000000001,10791.960000000001,10878.960000000001,253
2011-01-13T00:00:00+00:00,10878.960000000001,10913.960000000001,10838.960000000001,10856.960000000001,190
2011-01-14T00:00:00+00:00,10856.960000000001,10888.960000000001,10756.960000000001,10868.960000000001,146
2011-01-17T00:00:00+00:00,10868.960000000001,10868.960000000001,10768.960000000001,10798.960000000001,113
2011-01-18T00:00:00+00:00,10798.960000000001,10871.960000000001,10743.960000000001,10863.960000000001,163
2011-01-19T00:00:00+00:00,10863.960000000001,10871.960000000001,10708.960000000001,10736.960000000001,134
2011-01-20T00:00:00+00:00,10736.960000000001,10798.960000000001,10683.960000000001,10773.960000000001,298
2011-01-21T00:00:00+00:00,10773.960000000001,10773.960000000001,10553.960000000001,10593.960000000001,261
2011-01-24T00:00:00+00:00,10593.960000000001,10693.960000000001,10566.960000000001,10688.960000000001,178
2011-01-25T00:00:00+00:00,10688.960000000001,10781.960000000001,10636.960000000001,10719.960000000001,287
2011-01-26T00:00:00+00:00,10719.960000000001,10761.960000000001,10689.960000000001,10731.960000000001,253
2011-01-27T00:00:00+00:00,10731.960000000001,10816.960000000001,10714.960000000001,10796.960000000001,254
2011-01-28T00:00:00+00:00,10796.960000000001,10796.960000000001,10504.960000000001,10509.960000000001,422
2011-01-31T00:00:00+00:00,10509.960000000001,10584.960000000001,10477.960000000001,10544.960000000001,412
2011-02-01T00:00:00+00:00,10544.960000000001,10669.960000000001,10539.960000000001,10619.960000000001,269
2011-02-02T00:00:00+00:00,10619.960000000001,10794.960000000001,10619.960000000001,10757.960000000001,228
2011-02-03T00:00:00+00:00,10757.960000000001,10814.960000000001,10707.960000000001,10789.960000000001,212
2011-02-04T00:00:00+00:00,10789.960000000001,10924.960000000001,10789.960000000001,10922.960000000001,213
2011-02-07T00:00:00+00:00,10922.960000000001,10969.960000000001,10862.960000000001,10939.960000000001,225
2011-02-08T00:00:00+00:00,10939.960000000001,10979.960000000001,10904.960000000001,10974.960000000001,102
2011-02-09T00:00:00+00:00,10974.960000000001,10989.960000000001,10852.960000000001,10919.960000000001,174
2011-02-10T00:00:00+00:00,10919.960000000001,10974.960000000001,10834.960000000001,10957.960000000001,238
2011-02-11T00:00:00+00:00,10957.960000000001,11028.960000000001,10878.960000000001,11003.960000000001,169
2011-02-14T00:00:00+00:00,11003.960000000001,11068.960000000001,10971.960000000001,11043.960000000001,149
2011-02-15T00:00:00+00:00,11043.960000000001,11083.960000000001,11013.960000000001,11058.960000000001,159
2011-02-16T00:00:00+00:00,11058.960000000001,11203.960000000001,11053.960000000001,11168.960000000001,162
2011-02-17T00:00:00+00:00,11168.960000000001,11191.960000000001,11108.960000000001,11158.960000000001,135
2011-02-18T00:00:00+00:00,11158.960000000001,11173.960000000001,11108.960000000001,11143.960000000001,126
2011-02-21T00:00:00+00:00,11143.960000000001,11173.960000000001,11031.960000000001,11047.960000000001,79
2011-02-22T00:00:00+00:00,11047.960000000001,11056.960000000001,10803.960000000001,10833.960000000001,467
2011-02-23T00:00:00+00:00,10833.960000000001,10961.960000000001,10738.960000000001,10848.960000000001,377
2011-02-24T00:00:00+00:00,10848.960000000001,10848.960000000001,10628.960000000001,10668.960000000001,540
2011-02-25T00:00:00+00:00,10668.960000000001,10828.960000000001,10668.960000000001,10788.960000000001,160
2011-02-28T00:00:00+00:00,10788.960000000001,10970.960000000001,10413.960000000001,10969.960000000001,150
2011-03-01T00:00:00+00:00,10969.960000000001,11080.960000000001,10633.960000000001,10905.960000000001,144
2011-03-02T00:00:00+00:00,10905.960000000001,10923.960000000001,10780.960000000001,10815.960000000001,345
2011-03-03T00:00:00+00:00,10815.960000000001,11031.960000000001,10815.960000000001,11016.960000000001,284
2011-03-04T00:00:00+00:00,11016.960000000001,11063.960000000001,10848.960000000001,10938.960000000001,267
2011-03-07T00:00:00+00:00,10938.960000000001,10938.960000000001,10713.960000000001,10743.960000000001,419
2011-03-08T00:00:00+00:00,10743.960000000001,10916.960000000001,10743.960000000001,10858.960000000001,394
2011-03-09T00:00:00+00:00,10858.960000000001,10953.960000000001,10806.960000000001,10853.960000000001,301
2011-03-10T00:00:00+00:00,10853.960000000001,10853.960000000001,10626.960000000001,10636.960000000001,357
2011-03-11T00:00:00+00:00,10636.960000000001,10681.960000000001,10233.960000000001,10333.960000000001,655
2011-03-14T00:00:00+00:00,10333.960000000001,10333.960000000001,9488.960000000001,9728.960000000001,1589
2011-03-15T00:00:00+00:00,9728.960000000001,9728.960000000001,8638.960000000001,9367.960000000001,2300
2011-03-16T00:00:00+00:00,9367.960000000001,9503.960000000001,8688.960000000001,8891.960000000001,2240
2011-03-17T00:00:00+00:00,8891.960000000001,9383.960000000001,8732.960000000001,9258.960000000001,1844
2011-03-18T00:00:00+00:00,9258.960000000001,9689.960000000001,9178.960000000001,9659.960000000001,1311
2011-03-21T00:00:00+00:00,9659.960000000001,9908.960000000001,9659.960000000001,9866.960000000001,420
2011-03-22T00:00:00+00:00,9866.960000000001,9948.960000000001,9746.960000000001,9933.960000000001,678
2011-03-23T00:00:00+00:00,9933.960000000001,9933.960000000001,9678.960000000001,9786.960000000001,642
2011-03-24T00:00:00+00:00,9786.960000000001,9930.960000000001,9676.960000000001,9910.960000000001,626
2011-03-25T00:00:00+00:00,9910.960000000001,9913.960000000001,9763.960000000001,9776.960000000001,347
2011-03-28T00:00:00+00:00,9776.960000000001,9863.960000000001,9683.960000000001,9685.960000000001,578
2011-03-29T00:00:00+00:00,9685.960000000001,9799.960000000001,9638.960000000001,9789.960000000001,516
2011-03-30T00:00:00+00:00,9789.960000000001,10106.960000000001,9761.960000000001,10071.960000000001,564
2011-03-31T00:00:00+00:00,10071.960000000001,10091.960000000001,9966.960000000001,10016.960000000001,520
2011-04-01T00:00:00+00:00,10016.960000000001,10134.960000000001,9991.960000000001,10119.960000000001,584
2011-04-04T00:00:00+00:00,10119.960000000001,10119.960000000001,9999.960000000001,10022.960000000001,285
2011-04-05T00:00:00+00:00,10022.960000000001,10032.960000000001,9867.960000000001,9942.960000000001,417
2011-04-06T00:00:00+00:00,9942.960000000001,10004.960000000001,9849.960000000001,9939.960000000001,392
2011-04-07T00:00:00+00:00,9939.960000000001,9996.960000000001,9708.960000000001,9808.960000000001,427
2011-04-08T00:00:00+00:00,9808.960000000001,10107.960000000001,9768.960000000001,10005.960000000001,423
2011-04-11T00:00:00+00:00,10005.960000000001,10088.960000000001,9908.960000000001,9928.960000000001,456
2011-04-12T00:00:00+00:00,9928.960000000001,9928.960000000001,9776.960000000001,9801.960000000001,595
2011-04-13T00:00:00+00:00,9801.960000000001,9963.960000000001,9778.960000000001,9873.960000000001,370
2011-04-14T00:00:00+00:00,9873.960000000001,9976.960000000001,9843.960000000001,9916.960000000001,480
2011-04-15T00:00:00+00:00,9916.960000000001,9943.960000000001,9835.960000000001,9855.960000000001,421
2011-04-18T00:00:00+00:00,9855.960000000001,9898.960000000001,9650.960000000001,9778.960000000001,481
2011-04-19T00:00:00+00:00,9778.960000000001,9808.960000000001,9686.960000000001,9801.960000000001,401
2011-04-20T00:00:00+00:00,9801.960000000001,9993.960000000001,9798.960000000001,9963.960000000001,222
2011-04-21T00:00:00+00:00,9963.960000000001,10013.960000000001,9928.960000000001,9933.960000000001,255
2011-04-25T00:00:00+00:00,9933.960000000001,10038.960000000001,9928.960000000001,9953.960000000001,115
2011-04-26T00:00:00+00:00,9953.960000000001,9978.960000000001,9833.960000000001,9913.960000000001,152
2011-04-27T00:00:00+00:00,9913.960000000001,10053.960000000001,9913.960000000001,10018.960000000001,279
2011-04-28T00:00:00+00:00,10018.960000000001,10238.960000000001,10006.960000000001,10216.960000000001,341
2011-04-29T00:00:00+00:00,10216.960000000001,10243.960000000001,10178.960000000001,10211.960000000001,69
2011-05-02T00:00:00+00:00,10211.960000000001,10336.960000000001,10211.960000000001,10266.960000000001,266
2011-05-03T00:00:00+00:00,10266.960000000001,10273.960000000001,10158.960000000001,10231.960000000001,199
2011-05-04T00:00:00+00:00,10231.960000000001,10238.960000000001,10093.960000000001,10138.960000000001,282
2011-05-05T00:00:00+00:00,10138.960000000001,10178.960000000001,9968.960000000001,10048.960000000001,451
2011-05-06T00:00:00+00:00,10048.960000000001,10216.960000000001,10048.960000000001,10106.960000000001,418
2011-05-09T00:00:00+00:00,10106.960000000001,10148.960000000001,10063.960000000001,10078.960000000001,314
2011-05-10T00:00:00+00:00,10078.960000000001,10208.960000000001,10046.960000000001,10188.960000000001,258
2011-05-11T00:00:00+00:00,10188.960000000001,10231.960000000001,10011.960000000001,10081.960000000001,332
2011-05-12T00:00:00+00:00,10081.960000000001,10134.960000000001,9951.960000000001,10064.960000000001,392
2011-05-13T00:00:00+00:00,10064.960000000001,10083.960000000001,9846.960000000001,9893.960000000001,369
2011-05-16T00:00:00+00:00,9893.960000000001,9923.960000000001,9813.960000000001,9821.960000000001,341
2011-05-17T00:00:00+00:00,9821.960000000001,9913.960000000001,9798.960000000001,9903.960000000001,439
2011-05-18T00:00:00+00:00,9903.960000000001,10021.960000000001,9871.960000000001,10013.960000000001,384
2011-05-19T00:00:00+00:00,10013.960000000001,10031.960000000001,9893.960000000001,9921.960000000001,336
2011-05-20T00:00:00+00:00,9921.960000000001,9963.960000000001,9818.960000000001,9838.960000000001,379
2011-05-23T00:00:00+00:00,9838.960000000001,9838.960000000001,9673.960000000001,9703.960000000001,371
2011-05-24T00:00:00+00:00,9703.960000000001,9831.960000000001,9688.960000000001,9771.960000000001,300
2011-05-25T00:00:00+00:00,9771.960000000001,9803.960000000001,9706.960000000001,9796.960000000001,245
2011-05-26T00:00:00+00:00,9796.960000000001,9871.960000000001,9766.960000000001,9831.960000000001,2980
2011-05-27T00:00:00+00:00,9831.960000000001,9889.960000000001,9781.960000000001,9819.960000000001,2813
2011-05-30T00:00:00+00:00,9819.960000000001,9854.960000000001,9766.960000000001,9841.960000000001,156
2011-05-31T00:00:00+00:00,9841.960000000001,10047.960000000001,9785.960000000001,10032.960000000001,307
2011-06-01T00:00:00+00:00,10032.960000000001,10038.960000000001,9718.960000000001,9873.960000000001,326
2011-06-02T00:00:00+00:00,9873.960000000001,9914.960000000001,9834.960000000001,9887.960000000001,318
2011-06-03T00:00:00+00:00,9887.960000000001,9922.960000000001,9754.960000000001,9789.960000000001,360
2011-06-06T00:00:00+00:00,9789.960000000001,9809.960000000001,9645.960000000001,9680.960000000001,283
2011-06-07T00:00:00+00:00,9680.960000000001,9810.960000000001,9675.960000000001,9730.960000000001,290
2011-06-08T00:00:00+00:00,9730.960000000001,9785.960000000001,9700.960000000001,9708.960000000001,238
2011-06-09T00:00:00+00:00,9708.960000000001,9876.960000000001,9695.960000000001,9851.960000000001,308
2011-06-10T00:00:00+00:00,9851.960000000001,9941.960000000001,9721.960000000001,9746.960000000001,365
2011-06-13T00:00:00+00:00,9746.960000000001,9794.960000000001,9704.960000000001,9742.960000000001,372
2011-06-14T00:00:00+00:00,9742.960000000001,9948.960000000001,9732.960000000001,9928.960000000001,311
2011-06-15T00:00:00+00:00,9928.960000000001,9933.960000000001,9766.960000000001,9788.960000000001,399
2011-06-16T00:00:00+00:00,9788.960000000001,9813.960000000001,9663.960000000001,9723.960000000001,460
2011-06-17T00:00:00+00:00,9723.960000000001,9761.960000000001,9619.960000000001,9696.960000000001,397
2011-06-20T00:00:00+00:00,9696.960000000001,9761.960000000001,9656.960000000001,9754.960000000001,329
2011-06-21T00:00:00+00:00,9754.960000000001,9876.960000000001,9704.960000000001,9856.960000000001,231
2011-06-22T00:00:00+00:00,9856.960000000001,9976.960000000001,9821.960000000001,9889.960000000001,270
2011-06-23T00:00:00+00:00,9889.960000000001,9976.960000000001,9821.960000000001,9911.960000000001,473
2011-06-24T00:00:00+00:00,9911.960000000001,10041.960000000001,9891.960000000001,9941.960000000001,328
2011-06-27T00:00:00+00:00,9941.960000000001,9991.960000000001,9891.960000000001,9974.960000000001,365
2011-06-28T00:00:00+00:00,9974.960000000001,10079.960000000001,9944.960000000001,10076.960000000001,251
2011-06-29T00:00:00+00:00,10076.960000000001,10176.960000000001,10051.960000000001,10164.960000000001,346
2011-06-30T00:00:00+00:00,10164.960000000001,10236.960000000001,10099.960000000001,10201.960000000001,185
2011-07-01T00:00:00+00:00,10201.960000000001,10321.960000000001,10151.960000000001,10301.960000000001,241
2011-07-04T00:00:00+00:00,10301.960000000001,10311.960000000001,10261.960000000001,10283.960000000001,121
2011-07-05T00:00:00+00:00,10283.960000000001,10338.960000000001,10271.960000000001,10326.960000000001,218
2011-07-06T00:00:00+00:00,10326.960000000001,10408.960000000001,10291.960000000001,10373.960000000001,283
2011-07-07T00:00:00+00:00,10373.960000000001,10528.960000000001,10351.960000000001,10510.960000000001,257
2011-07-08T00:00:00+00:00,10510.960000000001,10521.960000000001,10322.960000000001,10369.960000000001,377
2011-07-11T00:00:00+00:00,10369.960000000001,10432.960000000001,10184.960000000001,10229.960000000001,368
2011-07-12T00:00:00+00:00,10229.960000000001,10287.960000000001,10099.960000000001,10132.960000000001,539
2011-07-13T00:00:00+00:00,10132.960000000001,10339.960000000001,10132.960000000001,10249.960000000001,354
2011-07-14T00:00:00+00:00,10249.960000000001,10319.960000000001,10191.960000000001,10231.960000000001,387
2011-07-15T00:00:00+00:00,10231.960000000001,10331.960000000001,10219.960000000001,10291.960000000001,343
2011-07-18T00:00:00+00:00,10291.960000000001,10341.960000000001,10121.960000000001,10184.960000000001,425
2011-07-19T00:00:00+00:00,10184.960000000001,10321.960000000001,10184.960000000001,10311.960000000001,271
2011-07-20T00:00:00+00:00,10311.960000000001,10371.960000000001,10306.960000000001,10364.960000000001,232
2011-07-21T00:00:00+00:00,10364.960000000001,10436.960000000001,10286.960000000001,10421.960000000001,369
2011-07-22T00:00:00+00:00,10421.960000000001,10486.960000000001,10396.960000000001,10469.960000000001,321
2011-07-25T00:00:00+00:00,10469.960000000001,10471.960000000001,10359.960000000001,10391.960000000001,271
2011-07-26T00:00:00+00:00,10391.960000000001,10461.960000000001,10366.960000000001,10376.960000000001,396
2011-07-27T00:00:00+00:00,10376.960000000001,10389.960000000001,10221.960000000001,10231.960000000001,314
2011-07-28T00:00:00+00:00,10231.960000000001,10284.960000000001,10166.960000000001,10166.960000000001,386
2011-07-29T00:00:00+00:00,10166.960000000001,10236.960000000001,10069.960000000001,10144.960000000001,449
2011-08-01T00:00:00+00:00,10144.960000000001,10356.960000000001,10051.960000000001,10131.960000000001,475
2011-08-02T00:00:00+00:00,10131.960000000001,10184.960000000001,9976.960000000001,9976.960000000001,529
2011-08-03T00:00:00+00:00,9976.960000000001,10004.960000000001,9831.960000000001,9971.960000000001,573
2011-08-04T00:00:00+00:00,9971.960000000001,10086.960000000001,9596.960000000001,9601.960000000001,1113
2011-08-05T00:00:00+00:00,9601.960000000001,9756.960000000001,9421.960000000001,9611.960000000001,1313
2011-08-08T00:00:00+00:00,9611.960000000001,9611.960000000001,9006.960000000001,9041.960000000001,1625
2011-08-09T00:00:00+00:00,9041.960000000001,9466.960000000001,8961.960000000001,9429.960000000001,1937
2011-08-10T00:00:00+00:00,9429.960000000001,9501.960000000001,9046.960000000001,9119.960000000001,1969
2011-08-11T00:00:00+00:00,9119.960000000001,9466.960000000001,9051.960000000001,9389.960000000001,1566
2011-08-12T00:00:00+00:00,9389.960000000001,9451.960000000001,9176.960000000001,9356.960000000001,988
2011-08-15T00:00:00+00:00,9356.960000000001,9466.960000000001,9341.960000000001,9466.960000000001,468
2011-08-16T00:00:00+00:00,9466.960000000001,9466.960000000001,9296.960000000001,9369.960000000001,601
2011-08-17T00:00:00+00:00,9369.960000000001,9421.960000000001,9309.960000000001,9354.960000000001,562
2011-08-18T00:00:00+00:00,9354.960000000001,9359.960000000001,8981.960000000001,9076.960000000001,1145
2011-08-19T00:00:00+00:00,9076.960000000001,9106.960000000001,8906.960000000001,8906.960000000001,1019
2011-08-22T00:00:00+00:00,8906.960000000001,9086.960000000001,8896.960000000001,8976.960000000001,932
2011-08-23T00:00:00+00:00,8976.960000000001,9156.960000000001,8941.960000000001,9146.960000000001,918
2011-08-24T00:00:00+00:00,9146.960000000001,9146.960000000001,8926.960000000001,9079.960000000001,862
2011-08-25T00:00:00+00:00,9079.960000000001,9176.960000000001,9001.960000000001,9061.960000000001,783
2011-08-26T00:00:00+00:00,9061.960000000001,9121.960000000001,8941.960000000001,9091.960000000001,1049
2011-08-29T00:00:00+00:00,9091.960000000001,9266.960000000001,9064.960000000001,9241.960000000001,543
2011-08-30T00:00:00+00:00,9241.960000000001,9311.960000000001,9181.960000000001,9216.960000000001,685
2011-08-31T00:00:00+00:00,9216.960000000001,9396.960000000001,9196.960000000001,9341.960000000001,469
2011-09-01T00:00:00+00:00,9341.960000000001,9411.960000000001,9294.960000000001,9309.960000000001,710
2011-09-02T00:00:00+00:00,9309.960000000001,9321.960000000001,9111.960000000001,9134.960000000001,490
2011-09-05T00:00:00+00:00,9134.960000000001,9171.960000000001,8991.960000000001,9006.960000000001,375
2011-09-06T00:00:00+00:00,9006.960000000001,9061.960000000001,8911.960000000001,9051.960000000001,838
2011-09-07T00:00:00+00:00,9051.960000000001,9201.960000000001,9029.960000000001,9196.960000000001,266
2011-09-08T00:00:00+00:00,9196.960000000001,9211.960000000001,9069.960000000001,9111.960000000001,389
2011-09-09T00:00:00+00:00,9111.960000000001,9111.960000000001,8801.960000000001,8851.960000000001,506
2011-09-12T00:00:00+00:00,8851.960000000001,8884.960000000001,8736.960000000001,8881.960000000001,680
2011-09-13T00:00:00+00:00,8881.960000000001,8976.960000000001,8826.960000000001,8966.960000000001,611
2011-09-14T00:00:00+00:00,8966.960000000001,9036.960000000001,8806.960000000001,8946.960000000001,620
2011-09-15T00:00:00+00:00,8946.960000000001,9111.960000000001,8926.960000000001,9106.960000000001,651
2011-09-16T00:00:00+00:00,9106.960000000001,9206.960000000001,9086.960000000001,9184.960000000001,397
2011-09-19T00:00:00+00:00,9184.960000000001,9184.960000000001,8986.960000000001,9064.960000000001,317
2011-09-20T00:00:00+00:00,9064.960000000001,9106.960000000001,8991.960000000001,9006.960000000001,559
2011-09-21T00:00:00+00:00,9006.960000000001,9081.960000000001,8886.960000000001,8891.960000000001,460
2011-09-22T00:00:00+00:00,8891.960000000001,8944.960000000001,8641.960000000001,8751.960000000001,704
2011-09-23T00:00:00+00:00,8751.960000000001,8854.960000000001,8636.960000000001,8811.960000000001,931
2011-09-26T00:00:00+00:00,8811.960000000001,8869.960000000001,8636.960000000001,8836.960000000001,888
2011-09-27T00:00:00+00:00,8836.960000000001,9086.960000000001,8794.960000000001,8999.960000000001,592
2011-09-28T00:00:00+00:00,8999.960000000001,9056.960000000001,8911.960000000001,8926.960000000001,498
2011-09-29T00:00:00+00:00,8926.960000000001,9111.960000000001,8876.960000000001,9041.960000000001,670
2011-09-30T00:00:00+00:00,9041.960000000001,9079.960000000001,8886.960000000001,8894.960000000001,832
2011-10-03T00:00:00+00:00,8894.960000000001,8916.960000000001,8678.960000000001,8683.960000000001,5464
2011-10-04T00:00:00+00:00,8683.960000000001,8858.960000000001,8638.960000000001,8833.960000000001,6377
2011-10-05T00:00:00+00:00,8833.960000000001,8858.960000000001,8666.960000000001,8831.960000000001,5436
2011-10-06T00:00:00+00:00,8831.960000000001,8926.960000000001,8796.960000000001,8906.960000000001,4150
2011-10-07T00:00:00+00:00,8906.960000000001,8981.960000000001,8871.960000000001,8891.960000000001,4169
2011-10-10T00:00:00+00:00,8891.960000000001,9111.960000000001,8891.960000000001,9101.960000000001,2896
2011-10-11T00:00:00+00:00,9101.960000000001,9121.960000000001,9026.960000000001,9059.960000000001,3820
2011-10-12T00:00:00+00:00,9059.960000000001,9221.960000000001,9006.960000000001,9134.960000000001,3497
2011-10-13T00:00:00+00:00,9134.960000000001,9169.960000000001,9061.960000000001,9106.960000000001,4286
2011-10-14T00:00:00+00:00,9106.960000000001,9189.960000000001,9051.960000000001,9189.960000000001,3153
2011-10-17T00:00:00+00:00,9189.960000000001,9266.960000000001,9081.960000000001,9111.960000000001,3409
2011-10-18T00:00:00+00:00,9111.960000000001,9201.960000000001,9001.960000000001,9169.960000000001,3809
2011-10-19T00:00:00+00:00,9169.960000000001,9176.960000000001,9036.960000000001,9076.960000000001,3632
2011-10-20T00:00:00+00:00,9076.960000000001,9076.960000000001,8959.960000000001,9011.960000000001,4671
2011-10-21T00:00:00+00:00,9011.960000000001,9071.960000000001,8976.960000000001,9064.960000000001,2831
2011-10-24T00:00:00+00:00,9064.960000000001,9161.960000000001,9044.960000000001,9156.960000000001,2547
2011-10-25T00:00:00+00:00,9156.960000000001,9181.960000000001,8986.960000000001,9011.960000000001,3077
2011-10-26T00:00:00+00:00,9011.960000000001,9111.960000000001,8966.960000000001,9099.960000000001,3291
2011-10-27T00:00:00+00:00,9099.960000000001,9404.960000000001,9046.960000000001,9366.960000000001,3165
2011-10-28T00:00:00+00:00,9366.960000000001,9411.960000000001,9311.960000000001,9371.960000000001,2882
2011-10-31T00:00:00+00:00,9371.960000000001,9476.960000000001,9159.960000000001,9191.960000000001,3379
2011-11-01T00:00:00+00:00,9191.960000000001,9259.960000000001,8989.960000000001,9081.960000000001,4968
2011-11-02T00:00:00+00:00,9081.960000000001,9081.960000000001,8921.960000000001,9019.960000000001,3808
2011-11-03T00:00:00+00:00,9019.960000000001,9126.960000000001,8866.960000000001,9104.960000000001,4304
2011-11-04T00:00:00+00:00,9104.960000000001,9131.960000000001,9021.960000000001,9056.960000000001,3320
2011-11-07T00:00:00+00:00,9056.960000000001,9126.960000000001,8996.960000000001,9099.960000000001,3409
2011-11-08T00:00:00+00:00,9099.960000000001,9099.960000000001,8956.960000000001,9076.960000000001,3030
2011-11-09T00:00:00+00:00,9076.960000000001,9079.960000000001,8851.960000000001,8921.960000000001,4580
2011-11-10T00:00:00+00:00,8921.960000000001,8921.960000000001,8779.960000000001,8846.960000000001,3902
2011-11-11T00:00:00+00:00,8846.960000000001,8926.960000000001,8776.960000000001,8911.960000000001,2681
2011-11-14T00:00:00+00:00,8911.960000000001,8971.960000000001,8851.960000000001,8881.960000000001,2431
2011-11-15T00:00:00+00:00,8881.960000000001,8911.960000000001,8808.960000000001,8853.960000000001,2875
2011-11-16T00:00:00+00:00,8853.960000000001,8881.960000000001,8703.960000000001,8706.960000000001,3040
2011-11-17T00:00:00+00:00,8706.960000000001,8806.960000000001,8668.960000000001,8703.960000000001,3634
2011-11-18T00:00:00+00:00,8703.960000000001,8768.960000000001,8676.960000000001,8723.960000000001,3043
2011-11-21T00:00:00+00:00,8723.960000000001,8723.960000000001,8538.960000000001,8538.960000000001,2378
2011-11-22T00:00:00+00:00,8538.960000000001,8668.960000000001,8538.960000000001,8578.960000000001,2873
2011-11-23T00:00:00+00:00,8578.960000000001,8593.960000000001,8448.960000000001,8466.960000000001,3577
2011-11-24T00:00:00+00:00,8466.960000000001,8531.960000000001,8433.960000000001,8468.960000000001,2067
2011-11-25T00:00:00+00:00,8468.960000000001,8516.960000000001,8413.960000000001,8443.960000000001,2868
2011-11-28T00:00:00+00:00,8443.960000000001,8733.960000000001,8443.960000000001,8708.960000000001,2402
2011-11-29T00:00:00+00:00,8708.960000000001,8818.960000000001,8671.960000000001,8758.960000000001,2533
2011-11-30T00:00:00+00:00,8758.960000000001,8978.960000000001,8681.960000000001,8963.960000000001,2404
2011-12-01T00:00:00+00:00,8963.960000000001,8983.960000000001,8878.960000000001,8908.960000000001,2827
2011-12-02T00:00:00+00:00,8908.960000000001,9068.960000000001,8908.960000000001,8968.960000000001,2365
2011-12-05T00:00:00+00:00,8968.960000000001,9043.960000000001,8961.960000000001,8981.960000000001,2012
2011-12-06T00:00:00+00:00,8981.960000000001,8986.960000000001,8861.960000000001,8913.960000000001,2058
2011-12-07T00:00:00+00:00,8913.960000000001,9046.960000000001,8913.960000000001,9023.960000000001,2229
2011-12-08T00:00:00+00:00,9023.960000000001,9023.960000000001,8821.960000000001,8848.960000000001,2912
2011-12-09T00:00:00+00:00,8848.960000000001,8973.960000000001,8823.960000000001,8963.960000000001,2745
2011-12-12T00:00:00+00:00,8963.960000000001,8996.960000000001,8818.960000000001,8878.960000000001,2166
2011-12-13T00:00:00+00:00,8878.960000000001,8941.960000000001,8788.960000000001,8828.960000000001,2391
2011-12-14T00:00:00+00:00,8828.960000000001,8851.960000000001,8738.960000000001,8748.960000000001,2242
2011-12-15T00:00:00+00:00,8748.960000000001,8763.960000000001,8693.960000000001,8733.960000000001,2057
2011-12-16T00:00:00+00:00,8733.960000000001,8773.960000000001,8678.960000000001,8703.960000000001,1940
2011-12-19T00:00:00+00:00,8703.960000000001,8703.960000000001,8593.960000000001,8606.960000000001,2028
2011-12-20T00:00:00+00:00,8606.960000000001,8816.960000000001,8606.960000000001,8788.960000000001,1107
2011-12-21T00:00:00+00:00,8788.960000000001,8826.960000000001,8713.960000000001,8788.960000000001,1495
2011-12-22T00:00:00+00:00,8788.960000000001,8823.960000000001,8703.960000000001,8818.960000000001,1131
2011-12-23T00:00:00+00:00,8818.960000000001,8873.960000000001,8808.960000000001,8873.960000000001,926
2011-12-27T00:00:00+00:00,8873.960000000001,8876.960000000001,8758.960000000001,8771.960000000001,307
2011-12-28T00:00:00+00:00,8771.960000000001,8788.960000000001,8674.960000000001,8699.960000000001,847
2011-12-29T00:00:00+00:00,8699.960000000001,8766.960000000001,8654.960000000001,8754.960000000001,900
2011-12-30T00:00:00+00:00,8754.960000000001,8789.960000000001,8726.960000000001,8751.960000000001,714
2012-01-03T00:00:00+00:00,8751.960000000001,8906.960000000001,8751.960000000001,8876.960000000001,704
2012-01-04T00:00:00+00:00,8876.960000000001,8891.960000000001,8811.960000000001,8836.960000000001,1209
2012-01-05T00:00:00+00:00,8836.960000000001,8836.960000000001,8761.960000000001,8809.960000000001,1415
2012-01-06T00:00:00+00:00,8809.960000000001,8809.960000000001,8656.960000000001,8664.960000000001,1381
2012-01-09T00:00:00+00:00,8664.960000000001,8716.960000000001,8629.960000000001,8669.960000000001,937
2012-01-10T00:00:00+00:00,8669.960000000001,8796.960000000001,8669.960000000001,8766.960000000001,972
2012-01-11T00:00:00+00:00,8766.960000000001,8774.960000000001,8726.960000000001,8769.960000000001,1053
2012-01-12T00:00:00+00:00,8769.960000000001,8769.960000000001,8681.960000000001,8731.960000000001,1096
2012-01-13T00:00:00+00:00,8731.960000000001,8831.960000000001,8731.960000000001,8781.960000000001,1269
2012-01-16T00:00:00+00:00,8781.960000000001,8781.960000000001,8666.960000000001,8731.960000000001,951
2012-01-17T00:00:00+00:00,8731.960000000001,8826.960000000001,8729.960000000001,8799.960000000001,923
2012-01-18T00:00:00+00:00,8799.960000000001,8941.960000000001,8759.960000000001,8911.960000000001,1369
2012-01-19T00:00:00+00:00,8911.960000000001,9056.960000000001,8911.960000000001,9039.960000000001,1195
2012-01-20T00:00:00+00:00,9039.960000000001,9109.960000000001,9039.960000000001,9096.960000000001,1126
2012-01-23T00:00:00+00:00,9096.960000000001,9131.960000000001,9064.960000000001,9116.960000000001,878
2012-01-24T00:00:00+00:00,9116.960000000001,9136.960000000001,9076.960000000001,9131.960000000001,1028
2012-01-25T00:00:00+00:00,9131.960000000001,9226.960000000001,9131.960000000001,9189.960000000001,1652
2012-01-26T00:00:00+00:00,9189.960000000001,9236.960000000001,9151.960000000001,9176.960000000001,1000
2012-01-27T00:00:00+00:00,9176.960000000001,9206.960000000001,9116.960000000001,9146.960000000001,1203
2012-01-30T00:00:00+00:00,9146.960000000001,9151.960000000001,9061.960000000001,9081.960000000001,1225
2012-01-31T00:00:00+00:00,9081.960000000001,9156.960000000001,9081.960000000001,9124.960000000001,1403
2012-02-01T00:00:00+00:00,9124.960000000001,9216.960000000001,9089.960000000001,9166.960000000001,5522
2012-02-02T00:00:00+00:00,9166.960000000001,9221.960000000001,9166.960000000001,9181.960000000001,1709
2012-02-03T00:00:00+00:00,9181.960000000001,9266.960000000001,9141.960000000001,9231.960000000001,15558
2012-02-06T00:00:00+00:00,9231.960000000001,9266.960000000001,9191.960000000001,9231.960000000001,1084
2012-02-07T00:00:00+00:00,9231.960000000001,9281.960000000001,9204.960000000001,9261.960000000001,853
2012-02-08T00:00:00+00:00,9261.960000000001,9326.960000000001,9261.960000000001,9316.960000000001,1064
2012-02-09T00:00:00+00:00,9316.960000000001,9361.960000000001,9256.960000000001,9349.960000000001,1225
2012-02-10T00:00:00+00:00,9349.960000000001,9349.960000000001,9211.960000000001,9254.960000000001,1162
2012-02-13T00:00:00+00:00,9254.960000000001,9341.960000000001,9254.960000000001,9329.960000000001,1016
2012-02-14T00:00:00+00:00,9329.960000000001,9421.960000000001,9281.960000000001,9416.960000000001,1401
2012-02-15T00:00:00+00:00,9416.960000000001,9629.960000000001,9416.960000000001,9556.960000000001,1812
2012-02-16T00:00:00+00:00,9556.960000000001,9696.960000000001,9526.960000000001,9689.960000000001,1866
2012-02-17T00:00:00+00:00,9689.960000000001,9816.960000000001,9689.960000000001,9801.960000000001,1781
2012-02-20T00:00:00+00:00,9801.960000000001,9881.960000000001,9746.960000000001,9791.960000000001,1364
2012-02-21T00:00:00+00:00,9791.960000000001,9831.960000000001,9754.960000000001,9791.960000000001,2058
2012-02-22T00:00:00+00:00,9791.960000000001,9926.960000000001,9756.960000000001,9891.960000000001,1785
2012-02-23T00:00:00+00:00,9891.960000000001,9934.960000000001,9826.960000000001,9911.960000000001,1851
2012-02-24T00:00:00+00:00,9911.960000000001,10061.960000000001,9889.960000000001,10036.960000000001,1442
2012-02-27T00:00:00+00:00,10036.960000000001,10054.960000000001,9796.960000000001,9906.960000000001,1871
2012-02-28T00:00:00+00:00,9906.960000000001,10141.960000000001,9846.960000000001,10106.960000000001,2461
2012-02-29T00:00:00+00:00,10106.960000000001,10189.960000000001,10021.960000000001,10071.960000000001,2587
2012-03-01T00:00:00+00:00,10071.960000000001,10186.960000000001,9956.960000000001,10111.960000000001,3003
2012-03-02T00:00:00+00:00,10111.960000000001,10131.960000000001,10051.960000000001,10121.960000000001,2368
2012-03-05T00:00:00+00:00,10121.960000000001,10121.960000000001,9944.960000000001,10039.960000000001,2014
2012-03-06T00:00:00+00:00,10039.960000000001,10054.960000000001,9806.960000000001,9851.960000000001,2451
2012-03-07T00:00:00+00:00,9851.960000000001,9996.960000000001,9824.960000000001,9976.960000000001,2083
2012-03-08T00:00:00+00:00,9976.960000000001,10221.960000000001,9976.960000000001,10211.960000000001,2079
2012-03-09T00:00:00+00:00,10211.960000000001,10371.960000000001,10174.960000000001,10346.960000000001,2718
2012-03-12T00:00:00+00:00,10346.960000000001,10361.960000000001,10191.960000000001,10246.960000000001,1844
2012-03-13T00:00:00+00:00,10246.960000000001,10421.960000000001,10199.960000000001,10396.960000000001,2746
2012-03-14T00:00:00+00:00,10396.960000000001,10456.960000000001,10369.960000000001,10414.960000000001,1790
2012-03-15T00:00:00+00:00,10414.960000000001,10471.960000000001,10386.960000000001,10414.960000000001,1683
2012-03-16T00:00:00+00:00,10414.960000000001,10506.960000000001,10404.960000000001,10419.960000000001,1630
2012-03-19T00:00:00+00:00,10419.960000000001,10489.960000000001,10386.960000000001,10461.960000000001,1242
2012-03-20T00:00:00+00:00,10461.960000000001,10489.960000000001,10361.960000000001,10434.960000000001,1193
2012-03-21T00:00:00+00:00,10434.960000000001,10454.960000000001,10361.960000000001,10379.960000000001,1316
2012-03-22T00:00:00+00:00,10379.960000000001,10454.960000000001,10294.960000000001,10324.960000000001,1932
2012-03-23T00:00:00+00:00,10324.960000000001,10349.960000000001,10226.960000000001,10316.960000000001,1600
2012-03-26T00:00:00+00:00,10316.960000000001,10431.960000000001,10316.960000000001,10426.960000000001,1428
2012-03-27T00:00:00+00:00,10426.960000000001,10574.960000000001,10426.960000000001,10506.960000000001,1554
2012-03-28T00:00:00+00:00,10506.960000000001,10594.960000000001,10376.960000000001,10416.960000000001,1923
2012-03-29T00:00:00+00:00,10416.960000000001,10462.960000000001,10324.960000000001,10404.960000000001,2252
2012-03-30T00:00:00+00:00,10404.960000000001,10481.960000000001,10349.960000000001,10471.960000000001,1945
2012-04-02T00:00:00+00:00,10471.960000000001,10511.960000000001,10346.960000000001,10406.960000000001,2160
2012-04-03T00:00:00+00:00,10406.960000000001,10406.960000000001,10314.960000000001,10374.960000000001,1927
2012-04-04T00:00:00+00:00,10374.960000000001,10386.960000000001,9991.960000000001,10056.960000000001,3412
2012-04-05T00:00:00+00:00,10056.960000000001,10124.960000000001,9941.960000000001,10024.960000000001,2948
2012-04-06T00:00:00+00:00,10024.960000000001,10056.960000000001,9966.960000000001,9976.960000000001,1326
2012-04-09T00:00:00+00:00,9976.960000000001,9976.960000000001,9829.960000000001,9866.960000000001,1915
2012-04-10T00:00:00+00:00,9866.960000000001,9974.960000000001,9661.960000000001,9666.960000000001,2742
2012-04-11T00:00:00+00:00,9666.960000000001,9854.960000000001,9666.960000000001,9811.960000000001,2583
2012-04-12T00:00:00+00:00,9811.960000000001,9924.960000000001,9764.960000000001,9919.960000000001,2175
2012-04-13T00:00:00+00:00,9919.960000000001,10004.960000000001,9846.960000000001,9846.960000000001,2604
2012-04-16T00:00:00+00:00,9846.960000000001,9855.960000000001,9744.960000000001,9785.960000000001,2719
2012-04-17T00:00:00+00:00,9785.960000000001,9930.960000000001,9755.960000000001,9895.960000000001,2280
2012-04-18T00:00:00+00:00,9895.960000000001,10005.960000000001,9895.960000000001,9910.960000000001,2177
2012-04-19T00:00:00+00:00,9910.960000000001,9979.960000000001,9821.960000000001,9874.960000000001,2938
2012-04-20T00:00:00+00:00,9874.960000000001,9931.960000000001,9844.960000000001,9901.960000000001,2313
2012-04-23T00:00:00+00:00,9901.960000000001,9959.960000000001,9711.960000000001,9761.960000000001,2514
2012-04-24T00:00:00+00:00,9761.960000000001,9886.960000000001,9736.960000000001,9884.960000000001,2833
2012-04-25T00:00:00+00:00,9884.960000000001,9921.960000000001,9846.960000000001,9911.960000000001,2132
2012-04-26T00:00:00+00:00,9911.960000000001,9949.960000000001,9819.960000000001,9916.960000000001,2217
2012-04-27T00:00:00+00:00,9916.960000000001,10016.960000000001,9766.960000000001,9836.960000000001,3547
2012-04-30T00:00:00+00:00,9836.960000000001,9881.960000000001,9716.960000000001,9766.960000000001,1611
2012-05-01T00:00:00+00:00,9766.960000000001,9779.960000000001,9601.960000000001,9691.960000000001,1874
2012-05-02T00:00:00+00:00,9691.960000000001,9731.960000000001,9606.960000000001,9631.960000000001,2126
2012-05-03T00:00:00+00:00,9631.960000000001,9666.960000000001,9544.960000000001,9559.960000000001,1265
2012-05-04T00:00:00+00:00,9559.960000000001,9581.960000000001,9446.960000000001,9459.960000000001,1779
2012-05-07T00:00:00+00:00,9459.960000000001,9546.960000000001,9379.960000000001,9521.960000000001,2787
2012-05-08T00:00:00+00:00,9521.960000000001,9526.960000000001,9346.960000000001,9421.960000000001,2915
2012-05-09T00:00:00+00:00,9421.960000000001,9421.960000000001,9249.960000000001,9306.960000000001,4383
2012-05-10T00:00:00+00:00,9306.960000000001,9401.960000000001,9286.960000000001,9376.960000000001,3551
2012-05-11T00:00:00+00:00,9376.960000000001,9376.960000000001,9241.960000000001,9276.960000000001,2929
2012-05-14T00:00:00+00:00,9276.960000000001,9346.960000000001,9181.960000000001,9186.960000000001,2732
2012-05-15T00:00:00+00:00,9186.960000000001,9276.960000000001,9146.960000000001,9159.960000000001,3098
2012-05-16T00:00:00+00:00,9159.960000000001,9199.960000000001,9031.960000000001,9074.960000000001,3705
2012-05-17T00:00:00+00:00,9074.960000000001,9191.960000000001,8988.960000000001,8998.960000000001,3744
2012-05-18T00:00:00+00:00,8998.960000000001,9038.960000000001,8858.960000000001,8878.960000000001,3843
2012-05-21T00:00:00+00:00,8878.960000000001,9033.960000000001,8858.960000000001,9018.960000000001,2929
2012-05-22T00:00:00+00:00,9018.960000000001,9108.960000000001,9008.960000000001,9058.960000000001,2648
2012-05-23T00:00:00+00:00,9058.960000000001,9077.960000000001,8793.960000000001,8913.960000000001,3747
2012-05-24T00:00:00+00:00,8913.960000000001,8933.960000000001,8813.960000000001,8901.960000000001,3670
2012-05-25T00:00:00+00:00,8901.960000000001,8943.960000000001,8868.960000000001,8878.960000000001,2693
2012-05-28T00:00:00+00:00,8878.960000000001,8926.960000000001,8876.960000000001,8876.960000000001,1872
2012-05-29T00:00:00+00:00,8876.960000000001,8971.960000000001,8819.960000000001,8964.960000000001,3638
2012-05-30T00:00:00+00:00,8964.960000000001,8964.960000000001,8791.960000000001,8809.960000000001,4209
2012-05-31T00:00:00+00:00,8809.960000000001,8886.960000000001,8756.960000000001,8814.960000000001,3637
2012-06-01T00:00:00+00:00,8814.960000000001,8814.960000000001,8581.960000000001,8659.960000000001,3477
2012-06-04T00:00:00+00:00,8659.960000000001,8676.960000000001,8516.960000000001,8651.960000000001,3629
2012-06-05T00:00:00+00:00,8651.960000000001,8786.960000000001,8621.960000000001,8759.960000000001,3281
2012-06-06T00:00:00+00:00,8759.960000000001,8994.960000000001,8731.960000000001,8986.960000000001,3271
2012-06-07T00:00:00+00:00,8986.960000000001,9021.960000000001,8901.960000000001,8941.960000000001,3399
2012-06-08T00:00:00+00:00,8941.960000000001,8974.960000000001,8699.960000000001,8816.960000000001,3025
2012-06-11T00:00:00+00:00,8816.960000000001,8991.960000000001,8774.960000000001,8784.960000000001,2310
2012-06-12T00:00:00+00:00,8784.960000000001,8906.960000000001,8764.960000000001,8901.960000000001,2013
2012-06-13T00:00:00+00:00,8901.960000000001,8941.960000000001,8831.960000000001,8874.960000000001,2580
2012-06-14T00:00:00+00:00,8874.960000000001,8944.960000000001,8831.960000000001,8916.960000000001,2457
2012-06-15T00:00:00+00:00,8916.960000000001,8951.960000000001,8856.960000000001,8931.960000000001,2495
2012-06-18T00:00:00+00:00,8931.960000000001,9091.960000000001,8931.960000000001,9014.960000000001,3031
2012-06-19T00:00:00+00:00,9014.960000000001,9061.960000000001,8954.960000000001,9026.960000000001,2358
2012-06-20T00:00:00+00:00,9026.960000000001,9151.960000000001,9021.960000000001,9121.960000000001,3203
2012-06-21T00:00:00+00:00,9121.960000000001,9216.960000000001,9059.960000000001,9079.960000000001,3269
2012-06-22T00:00:00+00:00,9079.960000000001,9161.960000000001,9034.960000000001,9159.960000000001,2550
2012-06-25T00:00:00+00:00,9159.960000000001,9159.960000000001,8946.960000000001,8976.960000000001,2528
2012-06-26T00:00:00+00:00,8976.960000000001,9036.960000000001,8936.960000000001,9021.960000000001,2624
2012-06-27T00:00:00+00:00,9021.960000000001,9131.960000000001,8974.960000000001,9106.960000000001,2211
2012-06-28T00:00:00+00:00,9106.960000000001,9206.960000000001,9101.960000000001,9166.960000000001,2861
2012-06-29T00:00:00+00:00,9166.960000000001,9441.960000000001,9116.960000000001,9434.960000000001,4418
2012-07-02T00:00:00+00:00,9434.960000000001,9436.960000000001,9306.960000000001,9356.960000000001,2821
2012-07-03T00:00:00+00:00,9356.960000000001,9466.960000000001,9331.960000000001,9466.960000000001,2327
2012-07-04T00:00:00+00:00,9466.960000000001,9466.960000000001,9386.960000000001,9404.960000000001,2303
2012-07-05T00:00:00+00:00,9404.960000000001,9449.960000000001,9351.960000000001,9389.960000000001,2905
2012-07-06T00:00:00+00:00,9389.960000000001,9394.960000000001,9249.960000000001,9311.960000000001,2477
2012-07-09T00:00:00+00:00,9311.960000000001,9311.960000000001,9176.960000000001,9241.960000000001,2000
2012-07-10T00:00:00+00:00,9241.960000000001,9291.960000000001,9136.960000000001,9161.960000000001,2594
2012-07-11T00:00:00+00:00,9161.960000000001,9207.960000000001,9122.960000000001,9192.960000000001,2237
2012-07-12T00:00:00+00:00,9192.960000000001,9196.960000000001,8970.960000000001,9020.960000000001,3218
2012-07-13T00:00:00+00:00,9020.960000000001,9141.960000000001,8996.960000000001,9124.960000000001,2445
2012-07-16T00:00:00+00:00,9124.960000000001,9151.960000000001,9061.960000000001,9071.960000000001,1060
2012-07-17T00:00:00+00:00,9071.960000000001,9124.960000000001,9031.960000000001,9086.960000000001,2456
2012-07-18T00:00:00+00:00,9086.960000000001,9116.960000000001,9026.960000000001,9086.960000000001,2283
2012-07-19T00:00:00+00:00,9086.960000000001,9146.960000000001,9081.960000000001,9116.960000000001,2680
2012-07-20T00:00:00+00:00,9116.960000000001,9121.960000000001,8911.960000000001,8929.960000000001,2817
2012-07-23T00:00:00+00:00,8929.960000000001,8935.960000000001,8731.960000000001,8781.960000000001,2152
2012-07-24T00:00:00+00:00,8781.960000000001,8829.960000000001,8682.960000000001,8707.960000000001,2519
2012-07-25T00:00:00+00:00,8707.960000000001,8762.960000000001,8642.960000000001,8727.960000000001,2849
2012-07-26T00:00:00+00:00,8727.960000000001,8877.960000000001,8675.960000000001,8852.960000000001,3135
2012-07-27T00:00:00+00:00,8852.960000000001,9052.960000000001,8827.960000000001,9010.960000000001,3342
2012-07-30T00:00:00+00:00,9010.960000000001,9010.960000000001,8905.960000000001,8935.960000000001,2317
2012-07-31T00:00:00+00:00,8935.960000000001,9055.960000000001,8897.960000000001,8912.960000000001,2928
2012-08-01T00:00:00+00:00,8912.960000000001,8997.960000000001,8895.960000000001,8987.960000000001,2430
2012-08-02T00:00:00+00:00,8987.960000000001,9020.960000000001,8823.960000000001,8888.960000000001,3981
2012-08-03T00:00:00+00:00,8888.960000000001,9023.960000000001,8833.960000000001,9003.960000000001,2452
2012-08-06T00:00:00+00:00,9003.960000000001,9111.960000000001,8993.960000000001,9066.960000000001,1673
2012-08-07T00:00:00+00:00,9066.960000000001,9265.960000000001,9041.960000000001,9210.960000000001,1988
2012-08-08T00:00:00+00:00,9210.960000000001,9290.960000000001,9148.960000000001,9205.960000000001,2342
2012-08-09T00:00:00+00:00,9205.960000000001,9325.960000000001,9175.960000000001,9278.960000000001,2520
2012-08-10T00:00:00+00:00,9278.960000000001,9285.960000000001,9160.960000000001,9243.960000000001,2149
2012-08-13T00:00:00+00:00,9243.960000000001,9260.960000000001,9185.960000000001,9215.960000000001,2319
2012-08-14T00:00:00+00:00,9215.960000000001,9320.960000000001,9200.960000000001,9268.960000000001,2661
2012-08-15T00:00:00+00:00,9268.960000000001,9280.960000000001,9185.960000000001,9252.960000000001,2472
2012-08-16T00:00:00+00:00,9252.960000000001,9461.960000000001,9252.960000000001,9436.960000000001,2641
2012-08-17T00:00:00+00:00,9436.960000000001,9551.960000000001,9414.960000000001,9541.960000000001,2299
2012-08-20T00:00:00+00:00,9541.960000000001,9551.960000000001,9466.960000000001,9511.960000000001,2868
2012-08-21T00:00:00+00:00,9511.960000000001,9566.960000000001,9461.960000000001,9481.960000000001,1964
2012-08-22T00:00:00+00:00,9481.960000000001,9491.960000000001,9356.960000000001,9399.960000000001,1991
2012-08-23T00:00:00+00:00,9399.960000000001,9519.960000000001,9381.960000000001,9399.960000000001,2791
2012-08-24T00:00:00+00:00,9399.960000000001,9436.960000000001,9331.960000000001,9431.960000000001,2415
2012-08-27T00:00:00+00:00,9431.960000000001,9474.960000000001,9399.960000000001,9422.960000000001,2092
2012-08-28T00:00:00+00:00,9422.960000000001,9459.960000000001,9312.960000000001,9369.960000000001,3175
2012-08-29T00:00:00+00:00,9369.960000000001,9416.960000000001,9358.960000000001,9378.960000000001,2381
2012-08-30T00:00:00+00:00,9378.960000000001,9388.960000000001,9223.960000000001,9236.960000000001,2387
2012-08-31T00:00:00+00:00,9236.960000000001,9253.960000000001,9136.960000000001,9206.960000000001,2746
2012-09-03T00:00:00+00:00,9206.960000000001,9213.960000000001,9078.960000000001,9121.960000000001,2802
2012-09-04T00:00:00+00:00,9121.960000000001,9134.960000000001,9041.960000000001,9119.960000000001,2458
2012-09-05T00:00:00+00:00,9119.960000000001,9119.960000000001,8956.960000000001,9014.960000000001,2665
2012-09-06T00:00:00+00:00,9014.960000000001,9181.960000000001,8971.960000000001,9166.960000000001,3242
2012-09-07T00:00:00+00:00,9166.960000000001,9256.960000000001,9126.960000000001,9179.960000000001,3012
2012-09-10T00:00:00+00:00,9179.960000000001,9201.960000000001,9131.960000000001,9136.960000000001,2042
2012-09-11T00:00:00+00:00,9136.960000000001,9166.960000000001,9091.960000000001,9131.960000000001,1723
2012-09-12T00:00:00+00:00,9131.960000000001,9316.960000000001,9116.960000000001,9266.960000000001,2419
2012-09-13T00:00:00+00:00,9266.960000000001,9431.960000000001,9246.960000000001,9376.960000000001,1898
2012-09-14T00:00:00+00:00,9376.960000000001,9590.960000000001,9376.960000000001,9565.960000000001,2311
2012-09-17T00:00:00+00:00,9565.960000000001,9585.960000000001,9500.960000000001,9525.960000000001,1727
2012-09-18T00:00:00+00:00,9525.960000000001,9545.960000000001,9410.960000000001,9495.960000000001,2389
2012-09-19T00:00:00+00:00,9495.960000000001,9605.960000000001,9458.960000000001,9505.960000000001,2475
2012-09-20T00:00:00+00:00,9505.960000000001,9533.960000000001,9360.960000000001,9415.960000000001,2542
2012-09-21T00:00:00+00:00,9415.960000000001,9475.960000000001,9400.960000000001,9413.960000000001,1938
2012-09-24T00:00:00+00:00,9413.960000000001,9417.960000000001,9329.960000000001,9374.960000000001,1872
2012-09-25T00:00:00+00:00,9374.960000000001,9437.960000000001,9332.960000000001,9344.960000000001,2136
2012-09-26T00:00:00+00:00,9344.960000000001,9344.960000000001,9151.960000000001,9191.960000000001,2047
2012-09-27T00:00:00+00:00,9191.960000000001,9298.960000000001,9171.960000000001,9275.960000000001,2219
2012-09-28T00:00:00+00:00,9275.960000000001,9315.960000000001,9130.960000000001,9130.960000000001,2655
2012-10-01T00:00:00+00:00,9130.960000000001,9185.960000000001,9075.960000000001,9123.960000000001,2307
2012-10-02T00:00:00+00:00,9123.960000000001,9163.960000000001,9068.960000000001,9105.960000000001,3195
2012-10-03T00:00:00+00:00,9105.960000000001,9128.960000000001,9045.960000000001,9095.960000000001,2582
2012-10-04T00:00:00+00:00,9095.960000000001,9200.960000000001,9055.960000000001,9160.960000000001,2751
2012-10-05T00:00:00+00:00,9160.960000000001,9255.960000000001,9115.960000000001,9205.960000000001,2297
2012-10-08T00:00:00+00:00,9205.960000000001,9220.960000000001,9090.960000000001,9120.960000000001,2000
2012-10-09T00:00:00+00:00,9120.960000000001,9158.960000000001,8980.960000000001,9000.960000000001,2593
2012-10-10T00:00:00+00:00,9000.960000000001,9000.960000000001,8860.960000000001,8870.960000000001,3344
2012-10-11T00:00:00+00:00,8870.960000000001,8945.960000000001,8830.960000000001,8890.960000000001,2746
2012-10-12T00:00:00+00:00,8890.960000000001,8910.960000000001,8835.960000000001,8855.960000000001,3179
2012-10-15T00:00:00+00:00,8855.960000000001,8970.960000000001,8805.960000000001,8950.960000000001,3434
2012-10-16T00:00:00+00:00,8950.960000000001,9110.960000000001,8950.960000000001,9100.960000000001,2317
2012-10-17T00:00:00+00:00,9100.960000000001,9195.960000000001,9075.960000000001,9180.960000000001,2528
2012-10-18T00:00:00+00:00,9180.960000000001,9313.960000000001,9173.960000000001,9285.960000000001,2690
2012-10-19T00:00:00+00:00,9285.960000000001,9338.960000000001,9170.960000000001,9175.960000000001,2962
2012-10-22T00:00:00+00:00,9175.960000000001,9385.960000000001,9165.960000000001,9375.960000000001,3986
2012-10-23T00:00:00+00:00,9375.960000000001,9400.960000000001,9190.960000000001,9228.960000000001,3343
2012-10-24T00:00:00+00:00,9228.960000000001,9368.960000000001,9215.960000000001,9278.960000000001,3730
2012-10-25T00:00:00+00:00,9278.960000000001,9440.960000000001,9265.960000000001,9385.960000000001,3071
2012-10-26T00:00:00+00:00,9385.960000000001,9405.960000000001,9211.960000000001,9279.960000000001,5170
2012-10-29T00:00:00+00:00,9279.960000000001,9304.960000000001,9191.960000000001,9229.960000000001,3994
2012-10-30T00:00:00+00:00,9229.960000000001,9319.960000000001,9126.960000000001,9201.960000000001,5820
2012-10-31T00:00:00+00:00,9201.960000000001,9301.960000000001,9201.960000000001,9231.960000000001,4724
2012-11-01T00:00:00+00:00,9231.960000000001,9371.960000000001,9181.960000000001,9366.960000000001,4531
2012-11-02T00:00:00+00:00,9366.960000000001,9411.960000000001,9319.960000000001,9319.960000000001,2170
2012-11-05T00:00:00+00:00,9319.960000000001,9354.960000000001,9281.960000000001,9341.960000000001,1997
2012-11-06T00:00:00+00:00,9341.960000000001,9386.960000000001,9281.960000000001,9371.960000000001,1572
2012-11-07T00:00:00+00:00,9371.960000000001,9371.960000000001,9134.960000000001,9174.960000000001,3513
2012-11-08T00:00:00+00:00,9174.960000000001,9211.960000000001,9054.960000000001,9066.960000000001,2699
2012-11-09T00:00:00+00:00,9066.960000000001,9106.960000000001,8971.960000000001,9064.960000000001,2365
2012-11-12T00:00:00+00:00,9064.960000000001,9064.960000000001,8989.960000000001,9024.960000000001,1683
2012-11-13T00:00:00+00:00,9024.960000000001,9046.960000000001,8936.960000000001,8976.960000000001,2088
2012-11-14T00:00:00+00:00,8976.960000000001,9096.960000000001,8971.960000000001,8991.960000000001,1993
2012-11-15T00:00:00+00:00,8991.960000000001,9206.960000000001,8991.960000000001,9191.960000000001,2358
2012-11-16T00:00:00+00:00,9191.960000000001,9406.960000000001,9191.960000000001,9406.960000000001,3119
2012-11-19T00:00:00+00:00,9406.960000000001,9536.960000000001,9406.960000000001,9531.960000000001,1785
2012-11-20T00:00:00+00:00,9531.960000000001,9536.960000000001,9406.960000000001,9534.960000000001,2030
2012-11-21T00:00:00+00:00,9534.960000000001,9656.960000000001,9479.960000000001,9646.960000000001,2033
2012-11-22T00:00:00+00:00,9646.960000000001,9766.960000000001,9621.960000000001,9739.960000000001,1366
2012-11-23T00:00:00+00:00,9739.960000000001,9771.960000000001,9654.960000000001,9761.960000000001,1164
2012-11-26T00:00:00+00:00,9761.960000000001,9806.960000000001,9661.960000000001,9709.960000000001,1661
2012-11-27T00:00:00+00:00,9709.960000000001,9771.960000000001,9666.960000000001,9686.960000000001,2080
2012-11-28T00:00:00+00:00,9686.960000000001,9726.960000000001,9536.960000000001,9664.960000000001,1924
2012-11-29T00:00:00+00:00,9664.960000000001,9786.960000000001,9664.960000000001,9776.960000000001,2064
2012-11-30T00:00:00+00:00,9776.960000000001,9851.960000000001,9699.960000000001,9811.960000000001,2389
2012-12-03T00:00:00+00:00,9811.960000000001,9846.960000000001,9746.960000000001,9766.960000000001,1861
2012-12-04T00:00:00+00:00,9766.960000000001,9776.960000000001,9706.960000000001,9721.960000000001,1972
2012-12-05T00:00:00+00:00,9721.960000000001,9856.960000000001,9696.960000000001,9826.960000000001,2210
2012-12-06T00:00:00+00:00,9826.960000000001,9884.960000000001,9824.960000000001,9856.960000000001,1996
2012-12-07T00:00:00+00:00,9856.960000000001,9891.960000000001,9786.960000000001,9859.960000000001,1914
2012-12-10T00:00:00+00:00,9859.960000000001,9901.960000000001,9786.960000000001,9846.960000000001,1484
2012-12-11T00:00:00+00:00,9846.960000000001,9936.960000000001,9811.960000000001,9934.960000000001,1339
2012-12-12T00:00:00+00:00,9934.960000000001,10056.960000000001,9894.960000000001,9999.960000000001,1163
2012-12-13T00:00:00+00:00,9999.960000000001,10111.960000000001,9996.960000000001,10081.960000000001,1490
2012-12-14T00:00:00+00:00,10081.960000000001,10094.960000000001,9996.960000000001,10076.960000000001,1636
2012-12-17T00:00:00+00:00,10076.960000000001,10226.960000000001,10076.960000000001,10194.960000000001,1835
2012-12-18T00:00:00+00:00,10194.960000000001,10381.960000000001,10181.960000000001,10364.960000000001,1766
2012-12-19T00:00:00+00:00,10364.960000000001,10514.960000000001,10336.960000000001,10456.960000000001,1818
2012-12-20T00:00:00+00:00,10456.960000000001,10489.960000000001,10337.960000000001,10489.960000000001,1963
2012-12-21T00:00:00+00:00,10489.960000000001,10493.960000000001,10240.960000000001,10413.960000000001,2732
2012-12-24T00:00:00+00:00,10413.960000000001,10455.960000000001,10390.960000000001,10450.960000000001,608
2012-12-27T00:00:00+00:00,10450.960000000001,10744.960000000001,10450.960000000001,10716.960000000001,2593
2012-12-28T00:00:00+00:00,10716.960000000001,10754.960000000001,10656.960000000001,10669.960000000001,1920
2012-12-31T00:00:00+00:00,10669.960000000001,10751.960000000001,10631.960000000001,10719.960000000001,1010
2013-01-02T00:00:00+00:00,10719.960000000001,11171.960000000001,10719.960000000001,11166.960000000001,1123
2013-01-03T00:00:00+00:00,11166.960000000001,11166.960000000001,11018.960000000001,11068.960000000001,1564
2013-01-04T00:00:00+00:00,11068.960000000001,11113.960000000001,10956.960000000001,11066.960000000001,2680
2013-01-07T00:00:00+00:00,11066.960000000001,11066.960000000001,10859.960000000001,10939.960000000001,2213
2013-01-08T00:00:00+00:00,10939.960000000001,10939.960000000001,10692.960000000001,10747.960000000001,2928
2013-01-09T00:00:00+00:00,10747.960000000001,10959.960000000001,10719.960000000001,10949.960000000001,2653
2013-01-10T00:00:00+00:00,10949.960000000001,11102.960000000001,10944.960000000001,11102.960000000001,2332
2013-01-11T00:00:00+00:00,11102.960000000001,11239.960000000001,11069.960000000001,11234.960000000001,2481
2013-01-14T00:00:00+00:00,11234.960000000001,11329.960000000001,11234.960000000001,11294.960000000001,1820
2013-01-15T00:00:00+00:00,11294.960000000001,11294.960000000001,11089.960000000001,11192.960000000001,3171
2013-01-16T00:00:00+00:00,11192.960000000001,11192.960000000001,10794.960000000001,10962.960000000001,3453
2013-01-17T00:00:00+00:00,10962.960000000001,11219.960000000001,10749.960000000001,11194.960000000001,5558
2013-01-18T00:00:00+00:00,11194.960000000001,11314.960000000001,11132.960000000001,11294.960000000001,3856
2013-01-21T00:00:00+00:00,11294.960000000001,11294.960000000001,11039.960000000001,11127.960000000001,3318
2013-01-22T00:00:00+00:00,11127.960000000001,11181.960000000001,10866.960000000001,10969.960000000001,5785
2013-01-23T00:00:00+00:00,10969.960000000001,10976.960000000001,10751.960000000001,10841.960000000001,3561
2013-01-24T00:00:00+00:00,10841.960000000001,11151.960000000001,10756.960000000001,11136.960000000001,3506
2013-01-25T00:00:00+00:00,11136.960000000001,11386.960000000001,11126.960000000001,11289.960000000001,3796
2013-01-28T00:00:00+00:00,11289.960000000001,11301.960000000001,11041.960000000001,11096.960000000001,3554
2013-01-29T00:00:00+00:00,11096.960000000001,11259.960000000001,11064.960000000001,11221.960000000001,3526
2013-01-30T00:00:00+00:00,11221.960000000001,11506.960000000001,11221.960000000001,11401.960000000001,3680
2013-01-31T00:00:00+00:00,11401.960000000001,11466.960000000001,11321.960000000001,11456.960000000001,3625
2013-02-01T00:00:00+00:00,11456.960000000001,11636.960000000001,11431.960000000001,11601.960000000001,3698
2013-02-04T00:00:00+00:00,11601.960000000001,11646.960000000001,11421.960000000001,11446.960000000001,3644
2013-02-05T00:00:00+00:00,11446.960000000001,11596.960000000001,11336.960000000001,11591.960000000001,4364
2013-02-06T00:00:00+00:00,11591.960000000001,11816.960000000001,11591.960000000001,11724.960000000001,4225
2013-02-07T00:00:00+00:00,11724.960000000001,11766.960000000001,11536.960000000001,11646.960000000001,4386
2013-02-08T00:00:00+00:00,11646.960000000001,11646.960000000001,11361.960000000001,11466.960000000001,5060
2013-02-11T00:00:00+00:00,11466.960000000001,11736.960000000001,11466.960000000001,11724.960000000001,2023
2013-02-12T00:00:00+00:00,11724.960000000001,11784.960000000001,11636.960000000001,11709.960000000001,4294
2013-02-13T00:00:00+00:00,11709.960000000001,11709.960000000001,11521.960000000001,11646.960000000001,3650
2013-02-14T00:00:00+00:00,11646.960000000001,11689.960000000001,11526.960000000001,11541.960000000001,3965
2013-02-15T00:00:00+00:00,11541.960000000001,11661.960000000001,11384.960000000001,11629.960000000001,4715
2013-02-18T00:00:00+00:00,11629.960000000001,11776.960000000001,11629.960000000001,11724.960000000001,2812
2013-02-19T00:00:00+00:00,11724.960000000001,11761.960000000001,11646.960000000001,11746.960000000001,3043
2013-02-20T00:00:00+00:00,11746.960000000001,11876.960000000001,11731.960000000001,11731.960000000001,3864
2013-02-21T00:00:00+00:00,11731.960000000001,11751.960000000001,11506.960000000001,11594.960000000001,4445
2013-02-22T00:00:00+00:00,11594.960000000001,11826.960000000001,11486.960000000001,11811.960000000001,4438
2013-02-25T00:00:00+00:00,11811.960000000001,12004.960000000001,11424.960000000001,11507.960000000001,5575
2013-02-26T00:00:00+00:00,11507.960000000001,11839.960000000001,11507.960000000001,11694.960000000001,6452
2013-02-27T00:00:00+00:00,11694.960000000001,11774.960000000001,11539.960000000001,11764.960000000001,5060
2013-02-28T00:00:00+00:00,11764.960000000001,11962.960000000001,11737.960000000001,11844.960000000001,4271
2013-03-01T00:00:00+00:00,11844.960000000001,12054.960000000001,11794.960000000001,12029.960000000001,4330
2013-03-04T00:00:00+00:00,12029.960000000001,12082.960000000001,11939.960000000001,12069.960000000001,3812
2013-03-05T00:00:00+00:00,12069.960000000001,12167.960000000001,11989.960000000001,12149.960000000001,3587
2013-03-06T00:00:00+00:00,12149.960000000001,12417.960000000001,12124.960000000001,12399.960000000001,3003
2013-03-07T00:00:00+00:00,12399.960000000001,12490.960000000001,12263.960000000001,12448.960000000001,4078
2013-03-08T00:00:00+00:00,12448.960000000001,12777.960000000001,12400.960000000001,12742.960000000001,5094
2013-03-11T00:00:00+00:00,12742.960000000001,12742.960000000001,12607.960000000001,12727.960000000001,3772
2013-03-12T00:00:00+00:00,12727.960000000001,12767.960000000001,12522.960000000001,12535.960000000001,4067
2013-03-13T00:00:00+00:00,12535.960000000001,12677.960000000001,12532.960000000001,12640.960000000001,3578
2013-03-14T00:00:00+00:00,12640.960000000001,12797.960000000001,12567.960000000001,12747.960000000001,3329
2013-03-15T00:00:00+00:00,12747.960000000001,12872.960000000001,12717.960000000001,12772.960000000001,3926
2013-03-18T00:00:00+00:00,12772.960000000001,12772.960000000001,12534.960000000001,12729.960000000001,5121
2013-03-19T00:00:00+00:00,12729.960000000001,12826.960000000001,12661.960000000001,12764.960000000001,4475
2013-03-20T00:00:00+00:00,12764.960000000001,13006.960000000001,12706.960000000001,12961.960000000001,2947
2013-03-21T00:00:00+00:00,12961.960000000001,12996.960000000001,12791.960000000001,12821.960000000001,4639
2013-03-22T00:00:00+00:00,12821.960000000001,12856.960000000001,12661.960000000001,12806.960000000001,4063
2013-03-25T00:00:00+00:00,12806.960000000001,12921.960000000001,12646.960000000001,12776.960000000001,4525
2013-03-26T00:00:00+00:00,12776.960000000001,12876.960000000001,12736.960000000001,12851.960000000001,4602
2013-03-27T00:00:00+00:00,12851.960000000001,12876.960000000001,12666.960000000001,12786.960000000001,3998
2013-03-28T00:00:00+00:00,12786.960000000001,12796.960000000001,12594.960000000001,12721.960000000001,4248
2013-04-01T00:00:00+00:00,12721.960000000001,12741.960000000001,12319.960000000001,12356.960000000001,3921
2013-04-02T00:00:00+00:00,12356.960000000001,12506.960000000001,12111.960000000001,12484.960000000001,6461
2013-04-03T00:00:00+00:00,12484.960000000001,12691.960000000001,12456.960000000001,12499.960000000001,5564
2013-04-04T00:00:00+00:00,12499.960000000001,13366.960000000001,12396.960000000001,13344.960000000001,10152
2013-04-05T00:00:00+00:00,13344.960000000001,13559.960000000001,13101.960000000001,13419.960000000001,12398
2013-04-08T00:00:00+00:00,13419.960000000001,13751.960000000001,13406.960000000001,13741.960000000001,6691
2013-04-09T00:00:00+00:00,13741.960000000001,13749.960000000001,13451.960000000001,13606.960000000001,6487
2013-04-10T00:00:00+00:00,13606.960000000001,13834.960000000001,13501.960000000001,13834.960000000001,5697
2013-04-11T00:00:00+00:00,13834.960000000001,13849.960000000001,13694.960000000001,13804.960000000001,5862
2013-04-12T00:00:00+00:00,13804.960000000001,13844.960000000001,13649.960000000001,13699.960000000001,6293
2013-04-15T00:00:00+00:00,13699.960000000001,13714.960000000001,13314.960000000001,13316.960000000001,8287
2013-04-16T00:00:00+00:00,13316.960000000001,13716.960000000001,13261.960000000001,13634.960000000001,8441
2013-04-17T00:00:00+00:00,13634.960000000001,13756.960000000001,13434.960000000001,13576.960000000001,6990
2013-04-18T00:00:00+00:00,13576.960000000001,13684.960000000001,13504.960000000001,13584.960000000001,7308
2013-04-19T00:00:00+00:00,13584.960000000001,13919.960000000001,13509.960000000001,13908.960000000001,6852
2013-04-22T00:00:00+00:00,13908.960000000001,13964.960000000001,13811.960000000001,13906.960000000001,4937
2013-04-23T00:00:00+00:00,13906.960000000001,14089.960000000001,13789.960000000001,14061.960000000001,5782
2013-04-24T00:00:00+00:00,14061.960000000001,14259.960000000001,14009.960000000001,14231.960000000001,5213
2013-04-25T00:00:00+00:00,14231.960000000001,14359.960000000001,14149.960000000001,14294.960000000001,4677
2013-04-26T00:00:00+00:00,14294.960000000001,14309.960000000001,14069.960000000001,14099.960000000001,6512
2013-04-29T00:00:00+00:00,14099.960000000001,14204.960000000001,14034.960000000001,14161.960000000001,1841
2013-04-30T00:00:00+00:00,14161.960000000001,14226.960000000001,14099.960000000001,14161.960000000001,3720
2013-05-01T00:00:00+00:00,14161.960000000001,14181.960000000001,14061.960000000001,14089.960000000001,3169
2013-05-02T00:00:00+00:00,14089.960000000001,14214.960000000001,13961.960000000001,14174.960000000001,3831
2013-05-03T00:00:00+00:00,14174.960000000001,14529.960000000001,14174.960000000001,14469.960000000001,2435
2013-05-06T00:00:00+00:00,14469.960000000001,14544.960000000001,14459.960000000001,14509.960000000001,1740
2013-05-07T00:00:00+00:00,14509.960000000001,14569.960000000001,14376.960000000001,14544.960000000001,4046
2013-05-08T00:00:00+00:00,14544.960000000001,14746.960000000001,14504.960000000001,14684.960000000001,4761
2013-05-09T00:00:00+00:00,14684.960000000001,14899.960000000001,14489.960000000001,14846.960000000001,5426
2013-05-10T00:00:00+00:00,14846.960000000001,15109.960000000001,14791.960000000001,15079.960000000001,6412
2013-05-13T00:00:00+00:00,15079.960000000001,15204.960000000001,15039.960000000001,15184.960000000001,4616
2013-05-14T00:00:00+00:00,15184.960000000001,15409.960000000001,15079.960000000001,15379.960000000001,4677
2013-05-15T00:00:00+00:00,15379.960000000001,15549.960000000001,15324.960000000001,15499.960000000001,5925
2013-05-16T00:00:00+00:00,15499.960000000001,15519.960000000001,15199.960000000001,15249.960000000001,7191
2013-05-17T00:00:00+00:00,15249.960000000001,15704.960000000001,15224.960000000001,15664.960000000001,5536
2013-05-20T00:00:00+00:00,15664.960000000001,15704.960000000001,15556.960000000001,15626.960000000001,4721
2013-05-21T00:00:00+00:00,15626.960000000001,15839.960000000001,15584.960000000001,15794.960000000001,4326
2013-05-22T00:00:00+00:00,15794.960000000001,16304.960000000001,15759.960000000001,15959.960000000001,8515
2013-05-23T00:00:00+00:00,15959.960000000001,16244.960000000001,14716.960000000001,15074.960000000001,14684
2013-05-24T00:00:00+00:00,15074.960000000001,15299.960000000001,14301.960000000001,14619.960000000001,25048
2013-05-27T00:00:00+00:00,14619.960000000001,14729.960000000001,14006.960000000001,14271.960000000001,12643
2013-05-28T00:00:00+00:00,14271.960000000001,14984.960000000001,14224.960000000001,14724.960000000001,16163
2013-05-29T00:00:00+00:00,14724.960000000001,14861.960000000001,14154.960000000001,14299.960000000001,15744
2013-05-30T00:00:00+00:00,14299.960000000001,14401.960000000001,13849.960000000001,14101.960000000001,16866
2013-05-31T00:00:00+00:00,14101.960000000001,14226.960000000001,13724.960000000001,13761.960000000001,13746
2013-06-03T00:00:00+00:00,13761.960000000001,13911.960000000001,13229.960000000001,13489.960000000001,13521
2013-06-04T00:00:00+00:00,13489.960000000001,14024.960000000001,13364.960000000001,13884.960000000001,15400
2013-06-05T00:00:00+00:00,13884.960000000001,14059.960000000001,13174.960000000001,13221.960000000001,19078
2013-06-06T00:00:00+00:00,13221.960000000001,13556.960000000001,12609.960000000001,13024.960000000001,19748
2013-06-07T00:00:00+00:00,13024.960000000001,13611.960000000001,12831.960000000001,13539.960000000001,24187
2013-06-10T00:00:00+00:00,13539.960000000001,14029.960000000001,13504.960000000001,13876.960000000001,12311
2013-06-11T00:00:00+00:00,13876.960000000001,13921.960000000001,13199.960000000001,13296.960000000001,20104
2013-06-12T00:00:00+00:00,13296.960000000001,13701.960000000001,13124.960000000001,13296.960000000001,11355
2013-06-13T00:00:00+00:00,13296.960000000001,13301.960000000001,12699.960000000001,13251.960000000001,19735
2013-06-14T00:00:00+00:00,13251.960000000001,13391.960000000001,12754.960000000001,12794.960000000001,19205
2013-06-17T00:00:00+00:00,12794.960000000001,13504.960000000001,12794.960000000001,13269.960000000001,13577
2013-06-18T00:00:00+00:00,13269.960000000001,13614.960000000001,13219.960000000001,13549.960000000001,15656
2013-06-19T00:00:00+00:00,13549.960000000001,13789.960000000001,13384.960000000001,13489.960000000001,12108
2013-06-20T00:00:00+00:00,13489.960000000001,13606.960000000001,13069.960000000001,13111.960000000001,18175
2013-06-21T00:00:00+00:00,13111.960000000001,13769.960000000001,13001.960000000001,13644.960000000001,18787
2013-06-24T00:00:00+00:00,13644.960000000001,13784.960000000001,13104.960000000001,13339.960000000001,17732
2013-06-25T00:00:00+00:00,13339.960000000001,13539.960000000001,13056.960000000001,13486.960000000001,15819
2013-06-26T00:00:00+00:00,13486.960000000001,13549.960000000001,13079.960000000001,13326.960000000001,12082
2013-06-27T00:00:00+00:00,13326.960000000001,13749.960000000001,13179.960000000001,13696.960000000001,10157
2013-06-28T00:00:00+00:00,13696.960000000001,14089.960000000001,13644.960000000001,14009.960000000001,10980
2013-07-01T00:00:00+00:00,14009.960000000001,14344.960000000001,13874.960000000001,14229.960000000001,8916
2013-07-02T00:00:00+00:00,14229.960000000001,14619.960000000001,14204.960000000001,14481.960000000001,8265
2013-07-03T00:00:00+00:00,14481.960000000001,14569.960000000001,14081.960000000001,14346.960000000001,10461
2013-07-04T00:00:00+00:00,14346.960000000001,14494.960000000001,14231.960000000001,14464.960000000001,5546
2013-07-05T00:00:00+00:00,14464.960000000001,14754.960000000001,14459.960000000001,14724.960000000001,9239
2013-07-08T00:00:00+00:00,14724.960000000001,14814.960000000001,14371.960000000001,14606.960000000001,7951
2013-07-09T00:00:00+00:00,14606.960000000001,14794.960000000001,14479.960000000001,14706.960000000001,8188
2013-07-10T00:00:00+00:00,14706.960000000001,14856.960000000001,14534.960000000001,14601.960000000001,9954
2013-07-11T00:00:00+00:00,14601.960000000001,14849.960000000001,14551.960000000001,14809.960000000001,11324
2013-07-12T00:00:00+00:00,14809.960000000001,14891.960000000001,14716.960000000001,14819.960000000001,7367
2013-07-15T00:00:00+00:00,14819.960000000001,15054.960000000001,14744.960000000001,15011.960000000001,3296
2013-07-16T00:00:00+00:00,15011.960000000001,15014.960000000001,14736.960000000001,14814.960000000001,6043
2013-07-17T00:00:00+00:00,14814.960000000001,14994.960000000001,14756.960000000001,14946.960000000001,5838
2013-07-18T00:00:00+00:00,14946.960000000001,15289.960000000001,14934.960000000001,15261.960000000001,5054
2013-07-19T00:00:00+00:00,15261.960000000001,15264.960000000001,14714.960000000001,15124.960000000001,10360
2013-07-22T00:00:00+00:00,15124.960000000001,15171.960000000001,14819.960000000001,14976.960000000001,7159
2013-07-23T00:00:00+00:00,14976.960000000001,15154.960000000001,14839.960000000001,15004.960000000001,7951
2013-07-24T00:00:00+00:00,15004.960000000001,15114.960000000001,14919.960000000001,15031.960000000001,6431
2013-07-25T00:00:00+00:00,15031.960000000001,15059.960000000001,14581.960000000001,14654.960000000001,8852
2013-07-26T00:00:00+00:00,14654.960000000001,14736.960000000001,14134.960000000001,14231.960000000001,10344
2013-07-29T00:00:00+00:00,14231.960000000001,14239.960000000001,13874.960000000001,13929.960000000001,8268
2013-07-30T00:00:00+00:00,13929.960000000001,14319.960000000001,13929.960000000001,14119.960000000001,8915
2013-07-31T00:00:00+00:00,14119.960000000001,14237.960000000001,13907.960000000001,14037.960000000001,10799
2013-08-01T00:00:00+00:00,14037.960000000001,14652.960000000001,13987.960000000001,14579.960000000001,9337
2013-08-02T00:00:00+00:00,14579.960000000001,14932.960000000001,14552.960000000001,14719.960000000001,10173
2013-08-05T00:00:00+00:00,14719.960000000001,14774.960000000001,14607.960000000001,14652.960000000001,7141
2013-08-06T00:00:00+00:00,14652.960000000001,14814.960000000001,14422.960000000001,14599.960000000001,9752
2013-08-07T00:00:00+00:00,14599.960000000001,14599.960000000001,14102.960000000001,14114.960000000001,12368
2013-08-08T00:00:00+00:00,14114.960000000001,14439.960000000001,13787.960000000001,14057.960000000001,14380
2013-08-09T00:00:00+00:00,14057.960000000001,14157.960000000001,13892.960000000001,13947.960000000001,11049
2013-08-12T00:00:00+00:00,13947.960000000001,14057.960000000001,13809.960000000001,14002.960000000001,9142
2013-08-13T00:00:00+00:00,14002.960000000001,14412.960000000001,14002.960000000001,14387.960000000001,8719
2013-08-14T00:00:00+00:00,14387.960000000001,14477.960000000001,14162.960000000001,14294.960000000001,8907
2013-08-15T00:00:00+00:00,14294.960000000001,14402.960000000001,13897.960000000001,13929.960000000001,11087
2013-08-16T00:00:00+00:00,13929.960000000001,14152.960000000001,13929.960000000001,14034.960000000001,8977
2013-08-19T00:00:00+00:00,14034.960000000001,14222.960000000001,13972.960000000001,13997.960000000001,6718
2013-08-20T00:00:00+00:00,13997.960000000001,14152.960000000001,13742.960000000001,13822.960000000001,10129
2013-08-21T00:00:00+00:00,13822.960000000001,13927.960000000001,13664.960000000001,13739.960000000001,10674
2013-08-22T00:00:00+00:00,13739.960000000001,14067.960000000001,13647.960000000001,14004.960000000001,8135
2013-08-23T00:00:00+00:00,14004.960000000001,14212.960000000001,14004.960000000001,14164.960000000001,7590
2013-08-26T00:00:00+00:00,14164.960000000001,14204.960000000001,13957.960000000001,13964.960000000001,6118
2013-08-27T00:00:00+00:00,13964.960000000001,14087.960000000001,13617.960000000001,13642.960000000001,8031
2013-08-28T00:00:00+00:00,13642.960000000001,13874.960000000001,13604.960000000001,13807.960000000001,8615
2013-08-29T00:00:00+00:00,13807.960000000001,14057.960000000001,13792.960000000001,13952.960000000001,7055
2013-08-30T00:00:00+00:00,13952.960000000001,14054.960000000001,13679.960000000001,13747.960000000001,8929
2013-09-02T00:00:00+00:00,13747.960000000001,14177.960000000001,13747.960000000001,14163.960000000001,5907
2013-09-03T00:00:00+00:00,14163.960000000001,14447.960000000001,14149.960000000001,14317.960000000001,10462
2013-09-04T00:00:00+00:00,14317.960000000001,14577.960000000001,14262.960000000001,14529.960000000001,12537
2013-09-05T00:00:00+00:00,14529.960000000001,14602.960000000001,14374.960000000001,14524.960000000001,14482
2013-09-06T00:00:00+00:00,14524.960000000001,14524.960000000001,14119.960000000001,14274.960000000001,16232
2013-09-09T00:00:00+00:00,14274.960000000001,14797.960000000001,14274.960000000001,14747.960000000001,8257
2013-09-10T00:00:00+00:00,14747.960000000001,15022.960000000001,14717.960000000001,15007.960000000001,6794
2013-09-11T00:00:00+00:00,15007.960000000001,15007.960000000001,14792.960000000001,14889.960000000001,6312
2013-09-12T00:00:00+00:00,14889.960000000001,14892.960000000001,14612.960000000001,14742.960000000001,6388
2013-09-13T00:00:00+00:00,14742.960000000001,14849.960000000001,14632.960000000001,14847.960000000001,6702
2013-09-16T00:00:00+00:00,14847.960000000001,15012.960000000001,14847.960000000001,14934.960000000001,3346
2013-09-17T00:00:00+00:00,14934.960000000001,14949.960000000001,14719.960000000001,14857.960000000001,4811
2013-09-18T00:00:00+00:00,14857.960000000001,15217.960000000001,14824.960000000001,15202.960000000001,6663
2013-09-19T00:00:00+00:00,15202.960000000001,15347.960000000001,15002.960000000001,15297.960000000001,7465
2013-09-20T00:00:00+00:00,15297.960000000001,15302.960000000001,15087.960000000001,15119.960000000001,5753
2013-09-23T00:00:00+00:00,15119.960000000001,15207.960000000001,14997.960000000001,15069.960000000001,2807
2013-09-24T00:00:00+00:00,15069.960000000001,15247.960000000001,15017.960000000001,15162.960000000001,5734
2013-09-25T00:00:00+00:00,15162.960000000001,15182.960000000001,14984.960000000001,15032.960000000001,6739
2013-09-26T00:00:00+00:00,15032.960000000001,15272.960000000001,14822.960000000001,15252.960000000001,9158
2013-09-27T00:00:00+00:00,15252.960000000001,15262.960000000001,15002.960000000001,15044.960000000001,6708
2013-09-30T00:00:00+00:00,15044.960000000001,15044.960000000001,14757.960000000001,14949.960000000001,8710
2013-10-01T00:00:00+00:00,14949.960000000001,15077.960000000001,14772.960000000001,14884.960000000001,10232
2013-10-02T00:00:00+00:00,14884.960000000001,14997.960000000001,14437.960000000001,14592.960000000001,11434
2013-10-03T00:00:00+00:00,14592.960000000001,14642.960000000001,14397.960000000001,14489.960000000001,9069
2013-10-04T00:00:00+00:00,14489.960000000001,14617.960000000001,14357.960000000001,14612.960000000001,9442
2013-10-07T00:00:00+00:00,14612.960000000001,14612.960000000001,14167.960000000001,14179.960000000001,7226
2013-10-08T00:00:00+00:00,14179.960000000001,14359.960000000001,14152.960000000001,14174.960000000001,8132
2013-10-09T00:00:00+00:00,14174.960000000001,14557.960000000001,14174.960000000001,14499.960000000001,8849
2013-10-10T00:00:00+00:00,14499.960000000001,14832.960000000001,14487.960000000001,14787.960000000001,7273
2013-10-11T00:00:00+00:00,14787.960000000001,14967.960000000001,14727.960000000001,14964.960000000001,6447
2013-10-14T00:00:00+00:00,14964.960000000001,14977.960000000001,14712.960000000001,14957.960000000001,3887
2013-10-15T00:00:00+00:00,14957.960000000001,14987.960000000001,14742.960000000001,14809.960000000001,6779
2013-10-16T00:00:00+00:00,14809.960000000001,15087.960000000001,14762.960000000001,15062.960000000001,5564
2013-10-17T00:00:00+00:00,15062.960000000001,15099.960000000001,14862.960000000001,15032.960000000001,5197
2013-10-18T00:00:00+00:00,15032.960000000001,15077.960000000001,14917.960000000001,15027.960000000001,4550
2013-10-21T00:00:00+00:00,15027.960000000001,15157.960000000001,15027.960000000001,15127.960000000001,3298
2013-10-22T00:00:00+00:00,15127.960000000001,15247.960000000001,15062.960000000001,15177.960000000001,4148
2013-10-23T00:00:00+00:00,15177.960000000001,15204.960000000001,14659.960000000001,14722.960000000001,7374
2013-10-24T00:00:00+00:00,14722.960000000001,14912.960000000001,14682.960000000001,14817.960000000001,6086
2013-10-25T00:00:00+00:00,14817.960000000001,14872.960000000001,14517.960000000001,14632.960000000001,6723
2013-10-28T00:00:00+00:00,14632.960000000001,14827.960000000001,14619.960000000001,14732.960000000001,4653
2013-10-29T00:00:00+00:00,14732.960000000001,14907.960000000001,14644.960000000001,14902.960000000001,5553
2013-10-30T00:00:00+00:00,14902.960000000001,15007.960000000001,14852.960000000001,14984.960000000001,5577
2013-10-31T00:00:00+00:00,14984.960000000001,14984.960000000001,14742.960000000001,14857.960000000001,5923
2013-11-01T00:00:00+00:00,14857.960000000001,14857.960000000001,14542.960000000001,14727.960000000001,6112
2013-11-04T00:00:00+00:00,14727.960000000001,14754.960000000001,14657.960000000001,14742.960000000001,2179
2013-11-05T00:00:00+00:00,14742.960000000001,14742.960000000001,14542.960000000001,14592.960000000001,4739
2013-11-06T00:00:00+00:00,14592.960000000001,14837.960000000001,14547.960000000001,14817.960000000001,4933
2013-11-07T00:00:00+00:00,14817.960000000001,14822.960000000001,14307.960000000001,14422.960000000001,7391
2013-11-08T00:00:00+00:00,14422.960000000001,14702.960000000001,14422.960000000001,14669.960000000001,6799
2013-11-11T00:00:00+00:00,14669.960000000001,14778.960000000001,14628.960000000001,14738.960000000001,3517
2013-11-12T00:00:00+00:00,14738.960000000001,15023.960000000001,14708.960000000001,15023.960000000001,5381
2013-11-13T00:00:00+00:00,15023.960000000001,15143.960000000001,14918.960000000001,15138.960000000001,6365
2013-11-14T00:00:00+00:00,15138.960000000001,15521.960000000001,15116.960000000001,15486.960000000001,6733
2013-11-15T00:00:00+00:00,15486.960000000001,15801.960000000001,15426.960000000001,15738.960000000001,6254
2013-11-18T00:00:00+00:00,15738.960000000001,15738.960000000001,15496.960000000001,15596.960000000001,5727
2013-11-19T00:00:00+00:00,15596.960000000001,15691.960000000001,15451.960000000001,15633.960000000001,5919
2013-11-20T00:00:00+00:00,15633.960000000001,15673.960000000001,15491.960000000001,15581.960000000001,6519
2013-11-21T00:00:00+00:00,15581.960000000001,16001.960000000001,15581.960000000001,15963.960000000001,6512
2013-11-22T00:00:00+00:00,15963.960000000001,16026.960000000001,15741.960000000001,15953.960000000001,5690
2013-11-25T00:00:00+00:00,15953.960000000001,16061.960000000001,15901.960000000001,15941.960000000001,4600
2013-11-26T00:00:00+00:00,15941.960000000001,16021.960000000001,15816.960000000001,15831.960000000001,4047
2013-11-27T00:00:00+00:00,15831.960000000001,16076.960000000001,15831.960000000001,16063.960000000001,3979
2013-11-28T00:00:00+00:00,16063.960000000001,16151.960000000001,16046.960000000001,16136.960000000001,2595
2013-11-29T00:00:00+00:00,16136.960000000001,16171.960000000001,15931.960000000001,16116.960000000001,3889
2013-12-02T00:00:00+00:00,16116.960000000001,16271.960000000001,16006.960000000001,16173.960000000001,4530
2013-12-03T00:00:00+00:00,16173.960000000001,16223.960000000001,15861.960000000001,15968.960000000001,6448
2013-12-04T00:00:00+00:00,15968.960000000001,16003.960000000001,15626.960000000001,15826.960000000001,9521
2013-12-05T00:00:00+00:00,15826.960000000001,15856.960000000001,15481.960000000001,15508.960000000001,7852
2013-12-06T00:00:00+00:00,15508.960000000001,16017.960000000001,15508.960000000001,15972.960000000001,8373
2013-12-09T00:00:00+00:00,15972.960000000001,16132.960000000001,15972.960000000001,16104.960000000001,4965
2013-12-10T00:00:00+00:00,16104.960000000001,16104.960000000001,15869.960000000001,15954.960000000001,4854
2013-12-11T00:00:00+00:00,15954.960000000001,15984.960000000001,15724.960000000001,15746.960000000001,6594
2013-12-12T00:00:00+00:00,15746.960000000001,15966.960000000001,15659.960000000001,15934.960000000001,6832
2013-12-13T00:00:00+00:00,15934.960000000001,15969.960000000001,15674.960000000001,15886.960000000001,7506
2013-12-16T00:00:00+00:00,15886.960000000001,15886.960000000001,15580.960000000001,15772.960000000001,6505
2013-12-17T00:00:00+00:00,15772.960000000001,15772.960000000001,15640.960000000001,15690.960000000001,4043
2013-12-18T00:00:00+00:00,15690.960000000001,16325.960000000001,15690.960000000001,16322.960000000001,6638
2013-12-19T00:00:00+00:00,16322.960000000001,16327.960000000001,16177.960000000001,16204.960000000001,5853
2013-12-20T00:00:00+00:00,16204.960000000001,16339.960000000001,16177.960000000001,16332.960000000001,4529
2013-12-23T00:00:00+00:00,16332.960000000001,16492.96,16277.960000000001,16464.96,2622
2013-12-24T00:00:00+00:00,16464.96,16467.96,16282.96,16312.96,2746
2013-12-25T00:00:00+00:00,15868,15868,15868,15868,1
2013-12-26T00:00:00+00:00,15868,16223,15868,16203,1178
2013-12-27T00:00:00+00:00,16203,16278,16028,16250,4340
2013-12-30T00:00:00+00:00,16250,16298,16150,16243,3598
2013-12-31T00:00:00+00:00,16243,16278,16198,16263,1355
2014-01-01T00:00:00+00:00,16263,16263,16263,16263,1
2014-01-02T00:00:00+00:00,16263,16263,15933,15960,2563
2014-01-03T00:00:00+00:00,15960,16043,15823,16028,3524
2014-01-06T00:00:00+00:00,16028,16105,15683,15760,5683
2014-01-07T00:00:00+00:00,15760,15933,15720,15875,5605
2014-01-08T00:00:00+00:00,15875,16100,15875,15975,5784
2014-01-09T00:00:00+00:00,15975,15978,15793,15900,5480
2014-01-10T00:00:00+00:00,15900,15965,15698,15818,6395
2014-01-13T00:00:00+00:00,15818,15818,15414,15474,4549
2014-01-14T00:00:00+00:00,15474,15723,15315,15680,7000
2014-01-15T00:00:00+00:00,15680,15843,15625,15830,4932
2014-01-16T00:00:00+00:00,15830,15933,15588,15638,5326
2014-01-17T00:00:00+00:00,15638,15830,15607,15727,4738
2014-01-20T00:00:00+00:00,15727,15727,15560,15682,3630
2014-01-21T00:00:00+00:00,15682,15887,15682,15802,5190
2014-01-22T00:00:00+00:00,15802,15870,15610,15860,5949
2014-01-23T00:00:00+00:00,15860,15945,15245,15365,8442
2014-01-24T00:00:00+00:00,15365,15474,14924,14936,12645
2014-01-27T00:00:00+00:00,14936,15094,14774,14969,11958
2014-01-28T00:00:00+00:00,14969,15139,14934,15124,7075
2014-01-29T00:00:00+00:00,15124,15364,14841,14956,12231
2014-01-30T00:00:00+00:00,14956,15204,14829,15109,9763
2014-01-31T00:00:00+00:00,15109,15144,14574,14589,12300
2014-02-03T00:00:00+00:00,14589,14834,14119,14124,12412
2014-02-04T00:00:00+00:00,14124,14334,13904,14269,12420
2014-02-05T00:00:00+00:00,14269,14276,13978,14148,12455
2014-02-06T00:00:00+00:00,14148,14468,14103,14433,8425
2014-02-07T00:00:00+00:00,14433,14693,14288,14658,9268
2014-02-10T00:00:00+00:00,14658,14733,14558,14628,6615
2014-02-11T00:00:00+00:00,14628,14933,14573,14873,4307
2014-02-12T00:00:00+00:00,14873,14873,14678,14775,5612
2014-02-13T00:00:00+00:00,14775,14775,14308,14608,7319
2014-02-14T00:00:00+00:00,14608,14668,14223,14430,7470
2014-02-17T00:00:00+00:00,14430,14518,14178,14485,4779
2014-02-18T00:00:00+00:00,14485,14888,14423,14768,7683
2014-02-19T00:00:00+00:00,14768,14798,14623,14638,7303
2014-02-20T00:00:00+00:00,14638,14713,14360,14540,8622
2014-02-21T00:00:00+00:00,14540,14893,14540,14773,6184
2014-02-24T00:00:00+00:00,14773,15040,14645,14950,6494
2014-02-25T00:00:00+00:00,14950,15090,14840,14917,6718
2014-02-26T00:00:00+00:00,14917,15080,14870,14905,6211
2014-02-27T00:00:00+00:00,14905,15015,14690,14915,7288
2014-02-28T00:00:00+00:00,14915,15010,14730,14915,8123
2014-03-03T00:00:00+00:00,14915,14915,14430,14505,9657
2014-03-04T00:00:00+00:00,14505,14978,14505,14973,7571
2014-03-05T00:00:00+00:00,14973,14990,14875,14890,5524
2014-03-06T00:00:00+00:00,14890,15330,14865,15295,6352
2014-03-07T00:00:00+00:00,15295,15421,15141,15299,7497
2014-03-10T00:00:00+00:00,15299,15299,15074,15216,6625
2014-03-11T00:00:00+00:00,15216,15261,14979,15014,5813
2014-03-12T00:00:00+00:00,15014,15031,14669,14799,7421
2014-03-13T00:00:00+00:00,14799,14909,14329,14409,8402
2014-03-14T00:00:00+00:00,14409,14481,14099,14204,10400
2014-03-17T00:00:00+00:00,14204,14508,14156,14475,8435
2014-03-18T00:00:00+00:00,14475,14528,14258,14423,7673
2014-03-19T00:00:00+00:00,14423,14655,14288,14568,10301
2014-03-20T00:00:00+00:00,14568,14568,14183,14349,9045
2014-03-21T00:00:00+00:00,14349,14469,14264,14271,4395
2014-03-24T00:00:00+00:00,14271,14519,14264,14369,7660
2014-03-25T00:00:00+00:00,14369,14511,14289,14429,7217
2014-03-26T00:00:00+00:00,14429,14566,14354,14361,8009
2014-03-27T00:00:00+00:00,14361,14665,14304,14538,10258
2014-03-28T00:00:00+00:00,14538,14833,14513,14773,7119
2014-03-31T00:00:00+00:00,14773,14873,14710,14788,6551
2014-04-01T00:00:00+00:00,14788,14883,14723,14878,5633
2014-04-02T00:00:00+00:00,14878,15075,14868,15065,5988
2014-04-03T00:00:00+00:00,15065,15168,14978,15063,6167
2014-04-04T00:00:00+00:00,15063,15158,14793,14853,7420
2014-04-07T00:00:00+00:00,14853,14888,14673,14693,7573
2014-04-08T00:00:00+00:00,14693,14750,14270,14333,9831
2014-04-09T00:00:00+00:00,14333,14525,14265,14490,7505
2014-04-10T00:00:00+00:00,14490,14505,13955,14005,10363
2014-04-11T00:00:00+00:00,14005,14065,13830,13872,12641
2014-04-14T00:00:00+00:00,13872,14135,13817,14092,8740
2014-04-15T00:00:00+00:00,14092,14102,13880,14090,9746
2014-04-16T00:00:00+00:00,14090,14447,14090,14440,7972
2014-04-17T00:00:00+00:00,14440,14510,14340,14478,7315
2014-04-18T00:00:00+00:00,14478,14478,14478,14478,1
2014-04-21T00:00:00+00:00,14478,14643,14478,14538,3648
2014-04-22T00:00:00+00:00,14538,14598,14333,14468,5075
2014-04-23T00:00:00+00:00,14468,14548,14418,14478,5985
2014-04-24T00:00:00+00:00,14478,14560,14258,14395,6943
2014-04-25T00:00:00+00:00,14395,14548,14243,14303,7517
2014-04-28T00:00:00+00:00,14303,14397,14212,14374,6746
2014-04-29T00:00:00+00:00,14374,14470,14370,14435,3721
2014-04-30T00:00:00+00:00,14435,14435,14195,14270,7573
2014-05-01T00:00:00+00:00,14270,14480,14270,14435,4349
2014-05-02T00:00:00+00:00,14435,14550,14330,14360,7171
2014-05-05T00:00:00+00:00,14360,14385,14240,14318,2990
2014-05-06T00:00:00+00:00,14318,14333,14163,14223,3238
2014-05-07T00:00:00+00:00,14223,14271,14016,14196,7669
2014-05-08T00:00:00+00:00,14196,14241,14046,14078,7131
2014-05-09T00:00:00+00:00,14078,14261,14055,14163,6889
2014-05-12T00:00:00+00:00,14163,14311,14116,14311,4470
2014-05-13T00:00:00+00:00,14311,14461,14311,14451,5594
2014-05-14T00:00:00+00:00,14451,14451,14216,14236,4784
2014-05-15T00:00:00+00:00,14236,14348,14008,14091,7306
2014-05-16T00:00:00+00:00,14091,14159,13999,14156,5839
2014-05-19T00:00:00+00:00,14156,14179,13889,14109,5929
2014-05-20T00:00:00+00:00,14109,14129,13944,13969,5087
2014-05-21T00:00:00+00:00,13969,14214,13914,14169,5358
2014-05-22T00:00:00+00:00,14169,14419,14134,14369,5115
2014-05-23T00:00:00+00:00,14369,14584,14364,14544,3655
2014-05-26T00:00:00+00:00,14544,14609,14514,14604,1932
2014-05-27T00:00:00+00:00,14604,14736,14539,14659,3301
2014-05-28T00:00:00+00:00,14659,14708,14548,14638,4156
2014-05-29T00:00:00+00:00,14638,14738,14558,14718,3449
2014-05-30T00:00:00+00:00,14718,14732,14575,14705,3827
2014-06-02T00:00:00+00:00,14705,15080,14705,15045,4590
2014-06-03T00:00:00+00:00,15045,15090,14955,15050,3627
2014-06-04T00:00:00+00:00,15050,15165,14975,15155,3062
2014-06-05T00:00:00+00:00,15155,15160,15005,15150,5073
2014-06-06T00:00:00+00:00,15150,15190,15030,15190,4042
2014-06-09T00:00:00+00:00,15190,15200,15080,15152,2887
2014-06-10T00:00:00+00:00,15152,15175,14900,15010,3737
2014-06-11T00:00:00+00:00,15010,15065,14890,14932,2799
2014-06-12T00:00:00+00:00,14932,15033,14788,14838,4279
2014-06-13T00:00:00+00:00,14838,15133,14798,15043,4670
2014-06-16T00:00:00+00:00,15043,15043,14843,14928,3574
2014-06-17T00:00:00+00:00,14928,15053,14928,15008,2556
2014-06-18T00:00:00+00:00,15008,15208,14993,15158,3265
2014-06-19T00:00:00+00:00,15158,15393,15128,15373,3207
2014-06-20T00:00:00+00:00,15373,15473,15293,15433,2606
2014-06-23T00:00:00+00:00,15433,15436,15263,15318,2852
2014-06-24T00:00:00+00:00,15318,15468,15238,15338,2947
2014-06-25T00:00:00+00:00,15338,15373,15213,15338,3611
2014-06-26T00:00:00+00:00,15338,15348,15218,15308,2922
2014-06-27T00:00:00+00:00,15308,15308,15025,15138,4036
2014-06-30T00:00:00+00:00,15138,15193,15043,15163,2705
2014-07-01T00:00:00+00:00,15163,15433,15140,15408,2803
2014-07-02T00:00:00+00:00,15408,15443,15343,15403,2339
2014-07-03T00:00:00+00:00,15403,15448,15318,15443,2618
2014-07-04T00:00:00+00:00,15443,15528,15418,15453,1391
2014-07-07T00:00:00+00:00,15453,15473,15288,15308,1952
2014-07-08T00:00:00+00:00,15308,15393,15198,15253,3292
2014-07-09T00:00:00+00:00,15253,15365,15180,15345,3472
2014-07-10T00:00:00+00:00,15345,15360,15000,15105,4044
2014-07-11T00:00:00+00:00,15105,15210,15065,15165,3416
2014-07-14T00:00:00+00:00,15165,15375,15165,15335,2194
2014-07-15T00:00:00+00:00,15335,15430,15305,15385,3821
2014-07-16T00:00:00+00:00,15385,15455,15340,15430,2294
2014-07-17T00:00:00+00:00,15430,15450,15185,15237,4198
2014-07-18T00:00:00+00:00,15237,15340,15090,15317,3958
2014-07-21T00:00:00+00:00,15317,15355,15175,15260,2233
2014-07-22T00:00:00+00:00,15260,15391,15235,15356,3354
2014-07-23T00:00:00+00:00,15356,15371,15306,15341,2415
2014-07-24T00:00:00+00:00,15341,15378,15226,15331,2889
2014-07-25T00:00:00+00:00,15331,15531,15316,15418,3229
2014-07-28T00:00:00+00:00,15418,15586,15401,15556,3053
2014-07-29T00:00:00+00:00,15556,15691,15541,15596,3113
2014-07-30T00:00:00+00:00,15596,15781,15586,15756,4302
2014-07-31T00:00:00+00:00,15756,15758,15456,15486,5343
2014-08-01T00:00:00+00:00,15486,15596,15386,15406,7088
2014-08-04T00:00:00+00:00,15406,15521,15376,15491,4101
2014-08-05T00:00:00+00:00,15491,15511,15151,15216,5026
2014-08-06T00:00:00+00:00,15216,15267,15000,15065,6086
2014-08-07T00:00:00+00:00,15065,15225,14950,14995,7579
2014-08-08T00:00:00+00:00,14995,15050,14650,14995,9811
2014-08-11T00:00:00+00:00,14995,15180,14960,15130,4245
2014-08-12T00:00:00+00:00,15130,15220,15060,15100,4351
2014-08-13T00:00:00+00:00,15100,15315,15095,15295,3828
2014-08-14T00:00:00+00:00,15295,15340,15235,15335,3219
2014-08-15T00:00:00+00:00,15335,15382,15205,15312,4778
2014-08-18T00:00:00+00:00,15312,15430,15300,15425,2448
2014-08-19T00:00:00+00:00,15425,15500,15412,15495,2616
2014-08-20T00:00:00+00:00,15495,15570,15395,15555,3185
2014-08-21T00:00:00+00:00,15555,15645,15515,15645,3008
2014-08-22T00:00:00+00:00,15645,15645,15445,15550,3880
2014-08-25T00:00:00+00:00,15550,15640,15550,15590,1808
2014-08-26T00:00:00+00:00,15590,15615,15460,15542,2887
2014-08-27T00:00:00+00:00,15542,15590,15450,15480,2446
2014-08-28T00:00:00+00:00,15480,15490,15345,15415,3039
2014-08-29T00:00:00+00:00,15415,15465,15355,15440,2869
2014-09-01T00:00:00+00:00,15440,15485,15440,15480,1051
2014-09-02T00:00:00+00:00,15480,15845,15480,15765,4007
2014-09-03T00:00:00+00:00,15765,15830,15690,15705,3844
2014-09-04T00:00:00+00:00,15705,15765,15610,15705,4696
2014-09-05T00:00:00+00:00,15705,15810,15560,15680,5514
2014-09-08T00:00:00+00:00,15680,15805,15650,15805,3491
2014-09-09T00:00:00+00:00,15805,15817,15632,15660,4736
2014-09-10T00:00:00+00:00,15660,15928,15638,15928,3785
2014-09-11T00:00:00+00:00,15928,15933,15813,15908,5388
2014-09-12T00:00:00+00:00,15908,15988,15858,15898,4964
2014-09-15T00:00:00+00:00,15898,15913,15798,15908,2461
2014-09-16T00:00:00+00:00,15908,15988,15833,15973,3669
2014-09-17T00:00:00+00:00,15973,16063,15853,16048,4796
2014-09-18T00:00:00+00:00,16048,16223,15990,16213,4093
2014-09-19T00:00:00+00:00,16213,16358,16168,16275,5788
2014-09-22T00:00:00+00:00,16275,16275,16138,16163,3636
2014-09-23T00:00:00+00:00,16163,16208,16048,16098,3380
2014-09-24T00:00:00+00:00,16098,16343,16050,16320,4298
2014-09-25T00:00:00+00:00,16320,16423,16158,16183,6252
2014-09-26T00:00:00+00:00,16183,16408,16091,16353,5529
2014-09-29T00:00:00+00:00,16353,16365,16148,16253,5640
2014-09-30T00:00:00+00:00,16253,16253,16058,16173,6545
2014-10-01T00:00:00+00:00,16173,16230,15818,15853,7010
2014-10-02T00:00:00+00:00,15853,15923,15358,15575,10052
2014-10-03T00:00:00+00:00,15575,15953,15553,15895,6232
2014-10-06T00:00:00+00:00,15895,15958,15733,15765,7592
2014-10-07T00:00:00+00:00,15765,15903,15483,15498,10050
2014-10-08T00:00:00+00:00,15498,15713,15438,15673,21181
2014-10-09T00:00:00+00:00,15673,15723,15248,15280,25927
2014-10-10T00:00:00+00:00,15280,15383,15033,15040,24916
2014-10-13T00:00:00+00:00,15040,15148,14793,14823,17103
2014-10-14T00:00:00+00:00,14823,15098,14783,14913,16722
2014-10-15T00:00:00+00:00,14913,15078,14463,14643,16295
2014-10-16T00:00:00+00:00,14643,14798,14353,14668,20318
2014-10-17T00:00:00+00:00,14668,14868,14498,14863,13629
2014-10-20T00:00:00+00:00,14863,15148,14863,15105,9904
2014-10-21T00:00:00+00:00,15105,15163,14749,15074,9942
2014-10-22T00:00:00+00:00,15074,15269,14994,15099,8801
2014-10-23T00:00:00+00:00,15099,15454,15054,15364,8227
2014-10-24T00:00:00+00:00,15364,15434,15229,15431,8503
2014-10-27T00:00:00+00:00,15431,15441,15249,15311,8143
2014-10-28T00:00:00+00:00,15311,15429,15254,15424,5822
2014-10-29T00:00:00+00:00,15424,15669,15385,15659,7017
2014-10-30T00:00:00+00:00,15659,15894,15559,15774,8874
2014-10-31T00:00:00+00:00,15774,17034,15774,17024,14605
2014-11-03T00:00:00+00:00,17024,17444,16939,17346,6042
2014-11-04T00:00:00+00:00,17346,17346,16689,16939,13648
2014-11-05T00:00:00+00:00,16939,17128,16783,17073,9820
2014-11-06T00:00:00+00:00,17073,17093,16723,16940,13348
2014-11-07T00:00:00+00:00,16940,16953,16665,16763,8957
2014-11-10T00:00:00+00:00,16763,16949,16689,16912,7170
2014-11-11T00:00:00+00:00,16912,17324,16854,17217,7522
2014-11-12T00:00:00+00:00,17217,17442,17027,17237,10267
2014-11-13T00:00:00+00:00,17237,17488,17101,17403,7537
2014-11-14T00:00:00+00:00,17403,17511,17296,17473,7861
2014-11-17T00:00:00+00:00,17473,17473,16871,17181,11892
2014-11-18T00:00:00+00:00,17181,17441,17181,17421,17678
2014-11-19T00:00:00+00:00,17421,17476,17281,17433,14444
2014-11-20T00:00:00+00:00,17433,17433,17114,17239,15837
2014-11-21T00:00:00+00:00,17239,17529,17094,17389,20062
2014-11-24T00:00:00+00:00,17389,17575,17303,17480,4941
2014-11-25T00:00:00+00:00,17480,17500,17318,17393,12320
2014-11-26T00:00:00+00:00,17393,17431,17296,17326,9570
2014-11-27T00:00:00+00:00,17326,17348,17171,17271,6716
2014-11-28T00:00:00+00:00,17271,17506,17271,17451,8526
2014-12-01T00:00:00+00:00,17451,17643,17396,17526,18742
2014-12-02T00:00:00+00:00,17526,17811,17456,17761,11832
2014-12-03T00:00:00+00:00,17761,17898,17681,17896,11423
2014-12-04T00:00:00+00:00,17896,17901,17706,17841,16538
2014-12-05T00:00:00+00:00,17841,18093,17746,18033,13362
2014-12-08T00:00:00+00:00,18033,18033,17673,17725,13217
2014-12-09T00:00:00+00:00,17725,17893,17303,17615,26359
2014-12-10T00:00:00+00:00,17615,17630,17043,17163,29690
2014-12-11T00:00:00+00:00,17163,17558,17033,17295,24355
2014-12-12T00:00:00+00:00,17295,17523,17113,17118,34407
2014-12-15T00:00:00+00:00,17118,17238,16578,16663,37923
2014-12-16T00:00:00+00:00,16663,16888,16433,16555,55123
2014-12-17T00:00:00+00:00,16555,17243,16555,17178,36272
2014-12-18T00:00:00+00:00,17178,17583,17158,17548,22665
2014-12-19T00:00:00+00:00,17548,17768,17473,17688,20378
2014-12-22T00:00:00+00:00,17688,17773,17558,17763,11824
2014-12-23T00:00:00+00:00,17763,17908,17703,17843,5238
2014-12-24T00:00:00+00:00,17843,17873,17763,17823,3929
2014-12-25T00:00:00+00:00,17823,17823,17823,17823,1
2014-12-26T00:00:00+00:00,17823,17953,17823,17920,1505
2014-12-29T00:00:00+00:00,17920,17925,17515,17733,13365
2014-12-30T00:00:00+00:00,17733,17733,17188,17333,15048
2014-12-31T00:00:00+00:00,17333,17408,17238,17368,5120
2015-01-01T00:00:00+00:00,17368,17368,17368,17368,1
2015-01-02T00:00:00+00:00,17368,17578,17293,17365,9673
2015-01-05T00:00:00+00:00,17365,17547,17012,17072,23502
2015-01-06T00:00:00+00:00,17072,17087,16527,16707,33091
2015-01-07T00:00:00+00:00,16707,17159,16707,17004,28982
2015-01-08T00:00:00+00:00,17004,17428,17000,17363,16276
2015-01-09T00:00:00+00:00,17363,17363,16897,16899,31426
2015-01-12T00:00:00+00:00,16899,17078,16743,16880,17053
2015-01-13T00:00:00+00:00,16880,17223,16773,16920,29719
2015-01-14T00:00:00+00:00,16920,17036,16531,16783,41825
2015-01-15T00:00:00+00:00,16783,17191,16738,16808,50738
2015-01-16T00:00:00+00:00,16808,17088,16546,17081,40271
2015-01-19T00:00:00+00:00,17081,17141,16916,17076,15709
2015-01-20T00:00:00+00:00,17076,17482,17072,17384,28254
2015-01-21T00:00:00+00:00,17384,17384,17076,17336,30397
2015-01-22T00:00:00+00:00,17336,17599,17144,17569,34422
2015-01-23T00:00:00+00:00,17569,17592,17337,17407,23877
2015-01-26T00:00:00+00:00,17407,17702,17284,17667,17300
2015-01-27T00:00:00+00:00,17667,17770,17480,17635,27525
2015-01-28T00:00:00+00:00,17635,17870,17515,17515,29390
2015-01-29T00:00:00+00:00,17515,17845,17515,17832,28835
2015-01-30T00:00:00+00:00,17832,17832,17455,17480,28396
2015-02-02T00:00:00+00:00,17480,17676,17456,17623,28514
2015-02-03T00:00:00+00:00,17623,17648,17266,17571,24040
2015-02-04T00:00:00+00:00,17571,17741,17528,17558,22546
2015-02-05T00:00:00+00:00,17558,17736,17448,17716,19519
2015-02-06T00:00:00+00:00,17716,17916,17601,17806,18328
2015-02-09T00:00:00+00:00,17806,17806,17523,17568,13632
2015-02-10T00:00:00+00:00,17568,17867,17542,17827,17390
2015-02-11T00:00:00+00:00,17827,18017,17794,18012,8608
2015-02-12T00:00:00+00:00,18012,18012,17702,17922,22439
2015-02-13T00:00:00+00:00,17922,18092,17859,18054,10850
2015-02-16T00:00:00+00:00,18054,18067,17962,17972,6157
2015-02-17T00:00:00+00:00,17972,18168,17888,18098,10283
2015-02-18T00:00:00+00:00,18098,18328,18073,18243,10940
2015-02-19T00:00:00+00:00,18243,18378,18208,18356,9608
2015-02-20T00:00:00+00:00,18356,18536,18258,18518,12867
2015-02-23T00:00:00+00:00,18518,18518,18401,18481,9127
2015-02-24T00:00:00+00:00,18481,18696,18431,18656,10893
2015-02-25T00:00:00+00:00,18656,18676,18546,18621,10434
2015-02-26T00:00:00+00:00,18621,18911,18586,18866,9861
2015-02-27T00:00:00+00:00,18866,18866,18708,18856,11654
2015-03-02T00:00:00+00:00,18856,18936,18766,18921,10359
2015-03-03T00:00:00+00:00,18921,18921,18641,18716,11628
2015-03-04T00:00:00+00:00,18716,18728,18563,18688,11364
2015-03-05T00:00:00+00:00,18688,18913,18643,18850,11719
2015-03-06T00:00:00+00:00,18850,19078,18810,18848,17730
2015-03-09T00:00:00+00:00,18848,18888,18688,18843,14340
2015-03-10T00:00:00+00:00,18843,18905,18488,18528,22681
2015-03-11T00:00:00+00:00,18528,18823,18520,18773,17283
2015-03-12T00:00:00+00:00,18773,19215,18753,19185,6673
2015-03-13T00:00:00+00:00,19185,19345,19113,19278,19110
2015-03-16T00:00:00+00:00,19278,19468,19213,19403,11434
2015-03-17T00:00:00+00:00,19403,19553,19358,19458,11932
2015-03-18T00:00:00+00:00,19458,19623,19393,19483,22652
2015-03-19T00:00:00+00:00,19483,19563,19323,19483,17128
2015-03-20T00:00:00+00:00,19483,19703,19423,19673,12048
2015-03-23T00:00:00+00:00,19673,19798,19643,19738,9689
2015-03-24T00:00:00+00:00,19738,19833,19663,19718,12730
2015-03-25T00:00:00+00:00,19718,19788,19553,19570,13793
2015-03-26T00:00:00+00:00,19570,19628,19138,19413,20680
2015-03-27T00:00:00+00:00,19413,19608,19090,19360,23869
2015-03-30T00:00:00+00:00,19360,19633,19238,19588,11354
2015-03-31T00:00:00+00:00,19588,19623,19188,19220,16684
2015-04-01T00:00:00+00:00,19220,19273,18938,19183,21555
2015-04-02T00:00:00+00:00,19183,19443,19123,19338,14739
2015-04-03T00:00:00+00:00,19338,19548,19308,19325,6855
2015-04-06T00:00:00+00:00,19325,19608,19240,19575,8232
2015-04-07T00:00:00+00:00,19575,19848,19503,19770,12075
2015-04-08T00:00:00+00:00,19770,19903,19703,19863,14633
2015-04-09T00:00:00+00:00,19863,20078,19828,20073,13190
2015-04-10T00:00:00+00:00,20073,20073,19848,20023,12665
2015-04-13T00:00:00+00:00,20023,20023,19823,19848,11304
2015-04-14T00:00:00+00:00,19848,19953,19768,19888,10424
2015-04-15T00:00:00+00:00,19888,19930,19823,19853,10133
2015-04-16T00:00:00+00:00,19853,19903,19745,19818,10719
2015-04-17T00:00:00+00:00,19818,19828,19458,19555,17844
2015-04-20T00:00:00+00:00,19555,19728,19488,19688,9605
2015-04-21T00:00:00+00:00,19688,20068,19678,19993,11659
2015-04-22T00:00:00+00:00,19993,20243,19968,20238,13272
2015-04-23T00:00:00+00:00,20238,20263,20093,20155,12639
2015-04-24T00:00:00+00:00,20155,20155,20008,20058,11618
2015-04-27T00:00:00+00:00,20058,20153,19908,20050,11314
2015-04-28T00:00:00+00:00,20050,20143,19918,19975,12756
2015-04-29T00:00:00+00:00,19975,19993,19638,19800,9679
2015-04-30T00:00:00+00:00,19800,19843,19328,19413,22237
2015-05-01T00:00:00+00:00,19413,19748,19400,19713,7384
2015-05-04T00:00:00+00:00,19713,19793,19595,19780,13683
2015-05-05T00:00:00+00:00,19780,19788,19308,19348,19304
2015-05-06T00:00:00+00:00,19348,19445,19163,19328,20840
2015-05-07T00:00:00+00:00,19328,19455,19033,19365,19541
2015-05-08T00:00:00+00:00,19365,19698,19298,19648,15746
2015-05-11T00:00:00+00:00,19648,19688,19573,19595,11778
2015-05-12T00:00:00+00:00,19595,19668,19448,19523,24534
2015-05-13T00:00:00+00:00,19523,19843,19493,19618,14258
2015-05-14T00:00:00+00:00,19618,19718,19468,19678,15299
2015-05-15T00:00:00+00:00,19678,19858,19603,19783,16093
2015-05-18T00:00:00+00:00,19783,20008,19738,20000,10805
2015-05-19T00:00:00+00:00,20000,20193,19943,20143,10721
2015-05-20T00:00:00+00:00,20143,20293,20110,20273,22782
2015-05-21T00:00:00+00:00,20273,20323,20138,20243,8544
2015-05-22T00:00:00+00:00,20243,20378,20123,20358,7872
2015-05-25T00:00:00+00:00,20358,20465,20318,20415,3045
2015-05-26T00:00:00+00:00,20415,20563,20318,20408,10769
2015-05-27T00:00:00+00:00,20408,20658,20358,20623,10364
2015-05-28T00:00:00+00:00,20623,20653,20438,20570,12518
2015-05-29T00:00:00+00:00,20570,20633,20358,20443,13048
2015-06-01T00:00:00+00:00,20443,20623,20398,20558,13645
2015-06-02T00:00:00+00:00,20558,20603,20383,20408,16951
2015-06-03T00:00:00+00:00,20408,20593,20373,20568,11957
2015-06-04T00:00:00+00:00,20568,20568,20338,20428,20171
2015-06-05T00:00:00+00:00,20428,20598,20343,20558,21638
2015-06-08T00:00:00+00:00,20558,20558,20263,20268,14618
2015-06-09T00:00:00+00:00,20268,20323,19913,20063,15353
2015-06-10T00:00:00+00:00,20063,20253,19998,20143,22640
2015-06-11T00:00:00+00:00,20143,20533,20115,20415,6511
2015-06-12T00:00:00+00:00,20415,20443,20238,20318,14011
2015-06-15T00:00:00+00:00,20318,20383,20193,20338,13868
2015-06-16T00:00:00+00:00,20338,20368,20123,20295,12291
2015-06-17T00:00:00+00:00,20295,20328,20133,20183,10539
2015-06-18T00:00:00+00:00,20183,20228,19893,20138,14580
2015-06-19T00:00:00+00:00,20138,20235,20073,20123,9633
2015-06-22T00:00:00+00:00,20123,20606,20123,20521,7896
2015-06-23T00:00:00+00:00,20521,20906,20521,20906,8005
2015-06-24T00:00:00+00:00,20906,20961,20708,20746,15953
2015-06-25T00:00:00+00:00,20746,20871,20706,20711,24719
2015-06-26T00:00:00+00:00,20711,20884,20651,20846,15396
2015-06-29T00:00:00+00:00,20846,20846,20054,20059,27135
2015-06-30T00:00:00+00:00,20059,20384,20059,20219,26008
2015-07-01T00:00:00+00:00,20219,20619,20217,20565,15639
2015-07-02T00:00:00+00:00,20565,20600,20455,20490,15103
2015-07-03T00:00:00+00:00,20490,20570,20430,20460,7978
2015-07-06T00:00:00+00:00,20460,20460,20015,20278,19920
2015-07-07T00:00:00+00:00,20278,20458,20084,20439,22092
2015-07-08T00:00:00+00:00,20439,20439,19214,19294,35505
2015-07-09T00:00:00+00:00,19294,19906,19114,19664,36663
2015-07-10T00:00:00+00:00,19664,20139,19664,20084,21991
2015-07-13T00:00:00+00:00,20084,20395,19916,20382,17803
2015-07-14T00:00:00+00:00,20382,20525,20320,20505,10867
2015-07-15T00:00:00+00:00,20505,20625,20390,20545,13306
2015-07-16T00:00:00+00:00,20545,20705,20520,20685,10392
2015-07-17T00:00:00+00:00,20685,20731,20610,20716,9816
2015-07-20T00:00:00+00:00,20716,20811,20676,20791,1999
2015-07-21T00:00:00+00:00,20791,20848,20591,20711,11566
2015-07-22T00:00:00+00:00,20711,20711,20511,20631,16987
2015-07-23T00:00:00+00:00,20631,20687,20496,20556,24583
2015-07-24T00:00:00+00:00,20556,20616,20326,20361,22241
2015-07-27T00:00:00+00:00,20361,20476,20036,20151,31280
2015-07-28T00:00:00+00:00,20151,20425,20051,20350,22980
2015-07-29T00:00:00+00:00,20350,20525,20200,20450,20482
2015-07-30T00:00:00+00:00,20450,20585,20435,20560,21087
2015-07-31T00:00:00+00:00,20560,20605,20460,20600,24094
2015-08-03T00:00:00+00:00,20600,20600,20385,20502,49233
2015-08-04T00:00:00+00:00,20502,20555,20410,20515,26765
2015-08-05T00:00:00+00:00,20515,20820,20462,20755,19351
2015-08-06T00:00:00+00:00,20755,20800,20565,20640,15074
2015-08-07T00:00:00+00:00,20640,20742,20565,20652,34750
2015-08-10T00:00:00+00:00,20652,20907,20592,20897,13077
2015-08-11T00:00:00+00:00,20897,20932,20537,20617,41946
2015-08-12T00:00:00+00:00,20617,20687,20049,20374,38320
2015-08-13T00:00:00+00:00,20374,20664,20289,20584,20508
2015-08-14T00:00:00+00:00,20584,20616,20469,20581,10181
2015-08-17T00:00:00+00:00,20581,20677,20529,20670,10977
2015-08-18T00:00:00+00:00,20670,20670,20441,20466,11360
2015-08-19T00:00:00+00:00,20466,20521,20081,20101,18038
2015-08-20T00:00:00+00:00,20101,20246,19586,19601,23772
2015-08-21T00:00:00+00:00,19601,19696,18906,18971,45188
2015-08-24T00:00:00+00:00,18971,19096,17158,17798,96116
2015-08-25T00:00:00+00:00,17798,18851,17653,17771,116698
2015-08-26T00:00:00+00:00,17771,18788,17666,18708,95452
2015-08-27T00:00:00+00:00,18708,19068,18473,19013,57289
2015-08-28T00:00:00+00:00,19013,19198,18933,19158,40647
2015-08-31T00:00:00+00:00,19158,19158,18738,18788,35024
2015-09-01T00:00:00+00:00,18788,18815,17738,17803,70135
2015-09-02T00:00:00+00:00,17803,18468,17800,18298,65644
2015-09-03T00:00:00+00:00,18298,18478,18163,18216,40362
2015-09-04T00:00:00+00:00,18216,18306,17498,17628,58691
2015-09-07T00:00:00+00:00,17628,18011,17463,17831,30725
2015-09-08T00:00:00+00:00,17831,18353,17366,18001,38733
2015-09-09T00:00:00+00:00,18001,18741,17973,18201,40596
2015-09-10T00:00:00+00:00,18201,18401,17948,18198,56468
2015-09-11T00:00:00+00:00,18198,18341,18008,18201,35009
2015-09-14T00:00:00+00:00,18201,18391,17860,17972,30693
2015-09-15T00:00:00+00:00,17972,18313,17798,18229,33858
2015-09-16T00:00:00+00:00,18229,18479,18071,18459,23851
2015-09-17T00:00:00+00:00,18459,18644,18229,18241,27944
2015-09-18T00:00:00+00:00,18241,18336,17760,17840,37227
2015-09-21T00:00:00+00:00,17840,18110,17745,18057,19809
2015-09-22T00:00:00+00:00,18057,18097,17500,17677,20182
2015-09-23T00:00:00+00:00,17677,17822,17432,17662,20061
2015-09-24T00:00:00+00:00,17662,17795,17150,17495,42960
2015-09-25T00:00:00+00:00,17495,18108,17453,17760,46421
2015-09-28T00:00:00+00:00,17760,17822,17270,17345,34646
2015-09-29T00:00:00+00:00,17345,17390,16890,17175,49340
2015-09-30T00:00:00+00:00,17175,17535,17160,17477,35723
2015-10-01T00:00:00+00:00,17477,17847,17385,17620,43473
2015-10-02T00:00:00+00:00,17620,17862,17237,17862,45248
2015-10-05T00:00:00+00:00,17862,18420,17855,18345,26558
2015-10-06T00:00:00+00:00,18345,18360,18045,18165,30263
2015-10-07T00:00:00+00:00,18165,18450,17985,18330,37611
2015-10-08T00:00:00+00:00,18330,18395,18013,18283,34174
2015-10-09T00:00:00+00:00,18283,18440,18173,18308,23965
2015-10-12T00:00:00+00:00,18308,18410,18198,18347,9079
2015-10-13T00:00:00+00:00,18347,18355,18078,18095,18086
2015-10-14T00:00:00+00:00,18095,18123,17653,17703,28571
2015-10-15T00:00:00+00:00,17703,18248,17703,18203,27796
2015-10-16T00:00:00+00:00,18203,18395,18203,18353,17957
2015-10-19T00:00:00+00:00,18353,18353,18073,18263,17429
2015-10-20T00:00:00+00:00,18263,18271,18143,18193,14336
2015-10-21T00:00:00+00:00,18193,18605,18156,18427,23290
2015-10-22T00:00:00+00:00,18427,18875,18365,18855,24444
2015-10-23T00:00:00+00:00,18855,19182,18752,19124,24989
2015-10-26T00:00:00+00:00,19124,19124,18877,18967,17859
2015-10-27T00:00:00+00:00,18967,19004,18757,18839,19106
2015-10-28T00:00:00+00:00,18839,19164,18812,19162,25680
2015-10-29T00:00:00+00:00,19162,19162,18805,18958,23086
2015-10-30T00:00:00+00:00,18958,19203,18705,18848,30269
2015-11-02T00:00:00+00:00,18848,19013,18633,18980,17897
2015-11-03T00:00:00+00:00,18980,19110,18913,19025,8808
2015-11-04T00:00:00+00:00,19025,19183,18870,19045,24584
2015-11-05T00:00:00+00:00,19045,19333,18988,19208,28776
2015-11-06T00:00:00+00:00,19208,19492,19158,19454,26774
2015-11-09T00:00:00+00:00,19454,19682,19327,19424,32705
2015-11-10T00:00:00+00:00,19424,19767,19424,19667,25915
2015-11-11T00:00:00+00:00,19667,19785,19599,19685,19899
2015-11-12T00:00:00+00:00,19685,19725,19430,19442,24252
2015-11-13T00:00:00+00:00,19442,19627,19380,19404,29585
2015-11-16T00:00:00+00:00,19404,19702,19234,19677,29218
2015-11-17T00:00:00+00:00,19677,19887,19624,19812,30880
2015-11-18T00:00:00+00:00,19812,19967,19653,19937,28240
2015-11-19T00:00:00+00:00,19937,19965,19758,19842,28030
2015-11-20T00:00:00+00:00,19842,19951,19713,19926,24028
2015-11-23T00:00:00+00:00,19926,20026,19778,19856,10274
2015-11-24T00:00:00+00:00,19856,19976,19757,19892,23697
2015-11-25T00:00:00+00:00,19892,19937,19787,19922,18265
2015-11-26T00:00:00+00:00,19922,20007,19922,19983,9019
2015-11-27T00:00:00+00:00,19983,19997,19787,19857,16159
2015-11-30T00:00:00+00:00,19857,19882,19708,19779,16855
2015-12-01T00:00:00+00:00,19779,20027,19779,19982,17113
2015-12-02T00:00:00+00:00,19982,19997,19782,19857,16099
2015-12-03T00:00:00+00:00,19857,19967,19419,19527,36843
2015-12-04T00:00:00+00:00,19527,19742,19384,19709,28619
2015-12-07T00:00:00+00:00,19709,19823,19618,19738,13373
2015-12-08T00:00:00+00:00,19738,19770,19233,19380,17250
2015-12-09T00:00:00+00:00,19380,19465,18863,18945,22953
2015-12-10T00:00:00+00:00,18945,19153,18945,19058,28998
2015-12-11T00:00:00+00:00,19058,19275,18603,18698,39944
2015-12-14T00:00:00+00:00,18698,18981,18536,18786,43200
2015-12-15T00:00:00+00:00,18786,18966,18531,18876,31138
2015-12-16T00:00:00+00:00,18876,19402,18871,19347,32020
2015-12-17T00:00:00+00:00,19347,19537,19247,19254,30596
2015-12-18T00:00:00+00:00,19254,19900,18762,18779,58736
2015-12-21T00:00:00+00:00,18779,18976,18641,18871,9672
2015-12-22T00:00:00+00:00,18871,18945,18698,18928,11501
2015-12-23T00:00:00+00:00,18928,19120,18855,19095,13849
2015-12-24T00:00:00+00:00,19095,19095,18730,18820,10839
2015-12-25T00:00:00+00:00,18820,18820,18820,18820,1
2015-12-28T00:00:00+00:00,18820,18940,18760,18865,14764
2015-12-29T00:00:00+00:00,18865,19145,18770,19102,11313
2015-12-30T00:00:00+00:00,19102,19102,18870,18907,12064
2015-12-31T00:00:00+00:00,18907,18920,18716,18831,8327
2016-01-01T00:00:00+00:00,18831,18831,18831,18831,1
2016-01-04T00:00:00+00:00,18831,18947,18086,18271,40966
2016-01-05T00:00:00+00:00,18271,18544,18139,18398,37843
2016-01-06T00:00:00+00:00,18398,18461,17891,18033,44694
2016-01-07T00:00:00+00:00,18033,18171,17476,17577,58745
2016-01-08T00:00:00+00:00,17577,17977,17237,17279,60009
2016-01-11T00:00:00+00:00,17279,17558,17132,17388,37924
2016-01-12T00:00:00+00:00,17388,17548,17098,17398,53351
2016-01-13T00:00:00+00:00,17398,17743,17168,17218,38996
2016-01-14T00:00:00+00:00,17218,17583,16928,17498,62733
2016-01-15T00:00:00+00:00,17498,17605,16568,16793,72027
2016-01-18T00:00:00+00:00,16793,17028,16643,16848,40876
2016-01-19T00:00:00+00:00,16848,17283,16758,17027,51598
2016-01-20T00:00:00+00:00,17027,17027,15938,16348,81747
2016-01-21T00:00:00+00:00,16348,16788,15798,16460,92266
2016-01-22T00:00:00+00:00,16460,17275,16458,17230,60011
2016-01-25T00:00:00+00:00,17230,17230,16797.5,16837.5,52790
2016-01-26T00:00:00+00:00,16837.5,17102.5,16542.5,17062.5,48131
2016-01-27T00:00:00+00:00,17062.5,17402.5,16962.5,17067.5,54790
2016-01-28T00:00:00+00:00,17067.5,17276.5,16932.5,17081.5,62365
2016-01-29T00:00:00+00:00,17081.5,17878,16745,17863,74195
2016-02-01T00:00:00+00:00,17863,17897.5,17602.5,17745,48007
2016-02-02T00:00:00+00:00,17745,17867.5,17360,17467.5,45041
2016-02-03T00:00:00+00:00,17467.5,17467.5,16617.5,17010,73620
2016-02-04T00:00:00+00:00,17010,17202.5,16697.5,16812.5,76664
2016-02-05T00:00:00+00:00,16812.5,16885,16477.5,16557.5,66072
2016-02-08T00:00:00+00:00,16557.5,17087.5,16207.5,16455,62048
2016-02-09T00:00:00+00:00,16455,16455,15832.5,16125,82134
2016-02-10T00:00:00+00:00,16125,16175,15420,15557.5,81828
2016-02-11T00:00:00+00:00,15557.5,15617.5,15022.5,15220,69744
2016-02-12T00:00:00+00:00,15220,15497.5,14770,15432.5,84278
2016-02-15T00:00:00+00:00,15432.5,16152.5,15432.5,15912.5,40329
2016-02-16T00:00:00+00:00,15912.5,16335,15735,15932.5,59877
2016-02-17T00:00:00+00:00,15932.5,16207.5,15612.5,16052.5,52107
2016-02-18T00:00:00+00:00,16052.5,16335,15917.5,15960,47637
2016-02-19T00:00:00+00:00,15960,16032.5,15737.5,15822.5,49829
2016-02-22T00:00:00+00:00,15822.5,16277.5,15795,16150,31902
2016-02-23T00:00:00+00:00,16150,16327.5,15826,15826,46655
2016-02-24T00:00:00+00:00,15826,16073.5,15523,15938,49856
2016-02-25T00:00:00+00:00,15938,16245.5,15920.5,16225.5,47940
2016-02-26T00:00:00+00:00,16225.5,16525.5,16185.5,16303,43191
2016-02-29T00:00:00+00:00,16303,16450.5,15890.5,15985.5,46364
2016-03-01T00:00:00+00:00,15985.5,16588.5,15848,16513.5,37344
2016-03-02T00:00:00+00:00,16513.5,16823.5,16468.5,16696,42674
2016-03-03T00:00:00+00:00,16696,16983.5,16686,16838.5,35560
2016-03-04T00:00:00+00:00,16838.5,17168.5,16838.5,17023.5,45574
2016-03-07T00:00:00+00:00,17023.5,17033.5,16757.5,16870,30684
2016-03-08T00:00:00+00:00,16870,16905.5,16565.5,16672.5,44250
2016-03-09T00:00:00+00:00,16672.5,16821.5,16490,16789,34517
2016-03-10T00:00:00+00:00,16789,17169,16461.5,16664,38681
2016-03-11T00:00:00+00:00,16664,17201.5,16531.5,17174,41500
2016-03-14T00:00:00+00:00,17174,17306.5,17141.5,17246.5,24891
2016-03-15T00:00:00+00:00,17246.5,17289,16871.5,16956.5,31588
2016-03-16T00:00:00+00:00,16956.5,17096.5,16875.5,16950.5,31265
2016-03-17T00:00:00+00:00,16950.5,17235.5,16555.5,16815.5,48536
2016-03-18T00:00:00+00:00,16815.5,16920.5,16560.5,16759,37771
2016-03-21T00:00:00+00:00,16759,16886.5,16626.5,16871.5,20401
2016-03-22T00:00:00+00:00,16871.5,17097.5,16776.5,17047.5,36417
2016-03-23T00:00:00+00:00,17047.5,17127.5,16870.5,16913,27901
2016-03-24T00:00:00+00:00,16913,17035.5,16710.5,16893,25801
2016-03-25T00:00:00+00:00,16893,16893,16893,16893,1
2016-03-28T00:00:00+00:00,16893,17160.5,16893,17070.5,7669
2016-03-29T00:00:00+00:00,17070.5,17123.5,16920,17014.5,12196
2016-03-30T00:00:00+00:00,17014.5,17089.5,16849.5,16971,23686
2016-03-31T00:00:00+00:00,16971,17026.5,16708.5,16763.5,26399
2016-04-01T00:00:00+00:00,16763.5,16793.5,16082.5,16147.5,46986
2016-04-04T00:00:00+00:00,16147.5,16222.5,16010,16087.5,32193
2016-04-05T00:00:00+00:00,16087.5,16087.5,15532.5,15607.5,40335
2016-04-06T00:00:00+00:00,15607.5,15811.5,15551.5,15741.5,32071
2016-04-07T00:00:00+00:00,15741.5,15856.5,15322.5,15437.5,43035
2016-04-08T00:00:00+00:00,15437.5,16022.5,15407.5,15770,41204
2016-04-11T00:00:00+00:00,15770,15892.5,15512.5,15697.5,36351
2016-04-12T00:00:00+00:00,15697.5,16127.5,15657.5,16055,29672
2016-04-13T00:00:00+00:00,16055,16657.5,16055,16597.5,24906
2016-04-14T00:00:00+00:00,16597.5,16912.5,16597.5,16792.5,28053
2016-04-15T00:00:00+00:00,16792.5,16925.5,16593,16605.5,24144
2016-04-18T00:00:00+00:00,16605.5,16678.5,16243.5,16638.5,15679
2016-04-19T00:00:00+00:00,16638.5,17145.5,16638.5,17023,12603
2016-04-20T00:00:00+00:00,17023,17320.5,16850.5,17240.5,13992
2016-04-21T00:00:00+00:00,17240.5,17411.5,17171.5,17228.5,16115
2016-04-22T00:00:00+00:00,17228.5,17769.5,17141,17744.5,19054
2016-04-25T00:00:00+00:00,17744.5,17744.5,17324.5,17444.5,15222
2016-04-26T00:00:00+00:00,17444.5,17509.5,17194.5,17484.5,14304
2016-04-27T00:00:00+00:00,17484.5,17504.5,17227,17494.5,14785
2016-04-28T00:00:00+00:00,17494.5,17574.5,16117,16269.5,26784
2016-04-29T00:00:00+00:00,16269.5,16348,15836.5,15869,14726
2016-05-02T00:00:00+00:00,15869,16179,15869,16123,15515
2016-05-03T00:00:00+00:00,16123,16130.5,15820.5,15927.5,12250
2016-05-04T00:00:00+00:00,15927.5,16082.5,15814.5,15887,11464
2016-05-05T00:00:00+00:00,15887,16122,15887,16042,10218
2016-05-06T00:00:00+00:00,16042,16259.5,15834.5,16064.5,16574
2016-05-09T00:00:00+00:00,16064.5,16417,16064.5,16272,22995
2016-05-10T00:00:00+00:00,16272,16794.5,16189.5,16774.5,27410
2016-05-11T00:00:00+00:00,16774.5,16809.5,16409.5,16419.5,28419
2016-05-12T00:00:00+00:00,16419.5,16784,16354.5,16626.5,34209
2016-05-13T00:00:00+00:00,16626.5,16808.5,16301.5,16385,44845
2016-05-16T00:00:00+00:00,16385,16671.5,16297.5,16606.5,12191
2016-05-17T00:00:00+00:00,16606.5,16781.5,16501.5,16548.5,16308
2016-05-18T00:00:00+00:00,16548.5,16791,16503.5,16715.5,19467
2016-05-19T00:00:00+00:00,16715.5,16840.5,16474.5,16589.5,17168
2016-05-20T00:00:00+00:00,16589.5,16806.5,16539.5,16716.5,12748
2016-05-23T00:00:00+00:00,16716.5,16721.5,16409,16509,14269
2016-05-24T00:00:00+00:00,16509,16796.5,16461.5,16759,10402
2016-05-25T00:00:00+00:00,16759,16986.5,16721.5,16926.5,10677
2016-05-26T00:00:00+00:00,16926.5,16961.5,16726.5,16869,11592
2016-05-27T00:00:00+00:00,16869,16924,16756.5,16911.5,8378
2016-05-30T00:00:00+00:00,16911.5,17091.5,16896.5,17056.5,5851
2016-05-31T00:00:00+00:00,17056.5,17246.5,16976.5,17069.5,10787
2016-06-01T00:00:00+00:00,17069.5,17144.5,16736.5,16846.5,15655
2016-06-02T00:00:00+00:00,16846.5,16856.5,16436.5,16599,15899
2016-06-03T00:00:00+00:00,16599,16701.5,16251.5,16321.5,17224
2016-06-06T00:00:00+00:00,16321.5,16676.5,16296.5,16651.5,11487
2016-06-07T00:00:00+00:00,16651.5,16834,16521.5,16701.5,10380
2016-06-08T00:00:00+00:00,16701.5,16844,16566.5,16806.5,10472
2016-06-09T00:00:00+00:00,16806.5,16806.5,16491.5,16621.5,7978
2016-06-10T00:00:00+00:00,16621.5,16677.5,16216.5,16326.5,11174
2016-06-13T00:00:00+00:00,16326.5,16326.5,15909.5,15939.5,18606
2016-06-14T00:00:00+00:00,15939.5,16064.5,15669.5,15809.5,18046
2016-06-15T00:00:00+00:00,15809.5,16010.5,15725.5,15900.5,17351
2016-06-16T00:00:00+00:00,15900.5,15928,15260.5,15603,29144
2016-06-17T00:00:00+00:00,15603,15765.5,15443.5,15573.5,39077
2016-06-20T00:00:00+00:00,15573.5,16082.5,15573.5,15842.5,26920
2016-06-21T00:00:00+00:00,15842.5,16278.5,15752.5,16141,30923
2016-06-22T00:00:00+00:00,16141,16168.5,15963.5,15971,25942
2016-06-23T00:00:00+00:00,15971,16542.5,15971,16527.5,40581
2016-06-24T00:00:00+00:00,16527.5,16527.5,14822.5,15160,89168
2016-06-27T00:00:00+00:00,15160,15397.5,15010,15152.5,42905
2016-06-28T00:00:00+00:00,15152.5,15567.5,14965,15560,30036
2016-06-29T00:00:00+00:00,15560,15749.5,15365,15744.5,30833
2016-06-30T00:00:00+00:00,15744.5,15794.5,15459.5,15748.5,34769
2016-07-01T00:00:00+00:00,15748.5,15748.5,15533.5,15563.5,24748
2016-07-04T00:00:00+00:00,15563.5,15801,15496,15693.5,11940
2016-07-05T00:00:00+00:00,15693.5,15693.5,15365,15447.5,19296
2016-07-06T00:00:00+00:00,15447.5,15447.5,15102.5,15377.5,35551
2016-07-07T00:00:00+00:00,15377.5,15407.5,15217.5,15290,25373
2016-07-08T00:00:00+00:00,15290,15389.5,15087.5,15344.5,27975
2016-07-11T00:00:00+00:00,15344.5,16148.5,15344.5,16081,27124
2016-07-12T00:00:00+00:00,16081,16578.5,16013.5,16536,27547
2016-07-13T00:00:00+00:00,16536,16536,16198.5,16348.5,33970
2016-07-14T00:00:00+00:00,16348.5,16633.5,16213.5,16548.5,35012
2016-07-15T00:00:00+00:00,16548.5,16613.5,16398.5,16493.5,28594
2016-07-18T00:00:00+00:00,16493.5,16656,16488.5,16616,9071
2016-07-19T00:00:00+00:00,16616,16723.5,16498.5,16613.5,20695
2016-07-20T00:00:00+00:00,16613.5,16872,16533.5,16864.5,16864
2016-07-21T00:00:00+00:00,16864.5,16929.5,16464.5,16564.5,28382
2016-07-22T00:00:00+00:00,16564.5,16694.5,16544.5,16604.5,21043
2016-07-25T00:00:00+00:00,16604.5,16759.5,16528.5,16571,15010
2016-07-26T00:00:00+00:00,16571,16576,16243.5,16399.5,26010
2016-07-27T00:00:00+00:00,16399.5,16837,16399.5,16594.5,34481
2016-07-28T00:00:00+00:00,16594.5,16619.5,16379.5,16582,23727
2016-07-29T00:00:00+00:00,16582,16742,16024.5,16322,48283
2016-08-01T00:00:00+00:00,16322,16657,16309.5,16444.5,22528
2016-08-02T00:00:00+00:00,16444.5,16519.5,15987.5,16100,24863
2016-08-03T00:00:00+00:00,16100,16257.5,15947.5,16068.5,25047
2016-08-04T00:00:00+00:00,16068.5,16251,15893.5,16223.5,20691
2016-08-05T00:00:00+00:00,16223.5,16479.5,16179.5,16412,17408
2016-08-08T00:00:00+00:00,16412,16719.5,16412,16629.5,6317
2016-08-09T00:00:00+00:00,16629.5,16754.5,16599.5,16676,5859
2016-08-10T00:00:00+00:00,16676,16813.5,16633.5,16688.5,7274
2016-08-11T00:00:00+00:00,16688.5,16914.5,16598.5,16867,3844
2016-08-12T00:00:00+00:00,16867,16934.5,16773.5,16811,8317
2016-08-15T00:00:00+00:00,16811,16928.5,16811,16873.5,5345
2016-08-16T00:00:00+00:00,16873.5,16883.5,16513.5,16563.5,9129
2016-08-17T00:00:00+00:00,16563.5,16751,16547.5,16665,8359
2016-08-18T00:00:00+00:00,16665,16727.5,16470,16542.5,9120
2016-08-19T00:00:00+00:00,16542.5,16602.5,16407.5,16477.5,8384
2016-08-22T00:00:00+00:00,16477.5,16626.5,16477.5,16544,10015
2016-08-23T00:00:00+00:00,16544,16646.5,16441.5,16546.5,8588
2016-08-24T00:00:00+00:00,16546.5,16636.5,16506.5,16546.5,10939
2016-08-25T00:00:00+00:00,16546.5,16651.5,16476.5,16501.5,13119
2016-08-26T00:00:00+00:00,16501.5,16588.5,16331.5,16586,22175
2016-08-29T00:00:00+00:00,16586,16773.5,16573.5,16703.5,10838
2016-08-30T00:00:00+00:00,16703.5,16873.5,16678.5,16846,9543
2016-08-31T00:00:00+00:00,16846,16913.5,16798.5,16908.5,11584
2016-09-01T00:00:00+00:00,16908.5,17063.5,16841,16948.5,14120
2016-09-02T00:00:00+00:00,16948.5,17158.5,16843.5,17123.5,18317
2016-09-05T00:00:00+00:00,17123.5,17153.5,16998.5,17018.5,10392
2016-09-06T00:00:00+00:00,17018.5,17099,16896.5,16941.5,11602
2016-09-07T00:00:00+00:00,16941.5,17016.5,16881.5,16964,11039
2016-09-08T00:00:00+00:00,16964,16997.5,16822.5,16990,15464
2016-09-09T00:00:00+00:00,16990,17022.5,16762.5,16765,19448
2016-09-12T00:00:00+00:00,16765,16785,16507.5,16772.5,24417
2016-09-13T00:00:00+00:00,16772.5,16835,16507.5,16642.5,23470
2016-09-14T00:00:00+00:00,16642.5,16702.5,16425.5,16470.5,19793
2016-09-15T00:00:00+00:00,16470.5,16510.5,16333,16495.5,19141
2016-09-16T00:00:00+00:00,16495.5,16503,16330.5,16350.5,15688
2016-09-19T00:00:00+00:00,16350.5,16450.5,16315.5,16355.5,5176
2016-09-20T00:00:00+00:00,16355.5,16565.5,16355.5,16445.5,8286
2016-09-21T00:00:00+00:00,16445.5,16837.5,16338,16597.5,16466
2016-09-22T00:00:00+00:00,16597.5,16917.5,16547.5,16857.5,5351
2016-09-23T00:00:00+00:00,16857.5,16875.5,16640.5,16675.5,7790
2016-09-26T00:00:00+00:00,16675.5,16688,16345.5,16378,7994
2016-09-27T00:00:00+00:00,16378,16664.5,16253,16562,12657
2016-09-28T00:00:00+00:00,16562,16562,16358,16528,10488
2016-09-29T00:00:00+00:00,16528,16735.5,16438,16515.5,12463
2016-09-30T00:00:00+00:00,16515.5,16585.5,16310.5,16550.5,13338
2016-10-03T00:00:00+00:00,16550.5,16630.5,16515.5,16609,6531
2016-10-04T00:00:00+00:00,16609,16851.5,16604,16736.5,16099
2016-10-05T00:00:00+00:00,16736.5,16969,16701.5,16941.5,12663
2016-10-06T00:00:00+00:00,16941.5,16956.5,16824,16936.5,11975
2016-10-07T00:00:00+00:00,16936.5,16936.5,16726.5,16776.5,20400
2016-10-10T00:00:00+00:00,16776.5,16986.5,16751.5,16946.5,4752
2016-10-11T00:00:00+00:00,16946.5,17061.5,16811.5,16876.5,16615
2016-10-12T00:00:00+00:00,16876.5,16986.5,16829,16964,13653
2016-10-13T00:00:00+00:00,16964,16974,16641.4,16771.4,19367
2016-10-14T00:00:00+00:00,16771.4,16961.4,16716.4,16873.9,15750
2016-10-17T00:00:00+00:00,16873.9,16936.4,16806.4,16841.4,7306
2016-10-18T00:00:00+00:00,16841.4,17001.4,16823.9,16933.9,6889
2016-10-19T00:00:00+00:00,16933.9,17003.9,16916.4,16981,8275
2016-10-20T00:00:00+00:00,16981,17283.5,16953.5,17273.5,12130
2016-10-21T00:00:00+00:00,17273.5,17293.5,17118.5,17238.5,10272
2016-10-24T00:00:00+00:00,17238.5,17358.5,17158.5,17333.5,8271
2016-10-25T00:00:00+00:00,17333.5,17423.5,17298.5,17343.5,8700
2016-10-26T00:00:00+00:00,17343.5,17378.5,17253.5,17353.5,11628
2016-10-27T00:00:00+00:00,17353.5,17486.5,17271,17444,15353
2016-10-28T00:00:00+00:00,17444,17486.5,17336.5,17399,19651
2016-10-31T00:00:00+00:00,17399,17451.5,17321.5,17391.5,11729
2016-11-01T00:00:00+00:00,17391.5,17481.5,17146.5,17241.5,15557
2016-11-02T00:00:00+00:00,17241.5,17279,16946.5,17014,19548
2016-11-03T00:00:00+00:00,17014,17121.5,16911.5,16966.5,11154
2016-11-04T00:00:00+00:00,16966.5,17001.5,16804,16851.5,19153
2016-11-07T00:00:00+00:00,16851.5,17311.5,16851.5,17309,11867
2016-11-08T00:00:00+00:00,17309,17376.5,17106.5,17314,12671
2016-11-09T00:00:00+00:00,17314,17433,16105.5,17210.5,68309
2016-11-10T00:00:00+00:00,17210.5,17561,17108,17496,41344
2016-11-11T00:00:00+00:00,17496,17613.5,17263.5,17418.5,23855
2016-11-14T00:00:00+00:00,17418.5,17733.5,17418.5,17698.5,24020
2016-11-15T00:00:00+00:00,17698.5,17899.5,17607,17899.5,15993
2016-11-16T00:00:00+00:00,17899.5,17944.5,17774.5,17779.5,15109
2016-11-17T00:00:00+00:00,17779.5,18107,17767,18099.5,15487
2016-11-18T00:00:00+00:00,18099.5,18099.5,17914.5,18019.5,16365
2016-11-21T00:00:00+00:00,18019.5,18159.5,17994.5,18019.5,12925
2016-11-22T00:00:00+00:00,18019.5,18241.5,18019.5,18209,10556
2016-11-23T00:00:00+00:00,18209,18441.5,18146.5,18426.5,9224
2016-11-24T00:00:00+00:00,18426.5,18461.5,18311.5,18421.5,8629
2016-11-25T00:00:00+00:00,18421.5,18481.5,18263.5,18373.5,12808
2016-11-28T00:00:00+00:00,18373.5,18373.5,18208.5,18273.5,17359
2016-11-29T00:00:00+00:00,18273.5,18443.5,18243.5,18348.5,13629
2016-11-30T00:00:00+00:00,18348.5,18656.5,18281.5,18611.5,18622
2016-12-01T00:00:00+00:00,18611.5,18741.5,18386.5,18436.5,22492
2016-12-02T00:00:00+00:00,18436.5,18466.5,18246.5,18361.5,18676
2016-12-05T00:00:00+00:00,18361.5,18556.5,18224,18394,12840
2016-12-06T00:00:00+00:00,18394,18483.5,18308.5,18448.5,8429
2016-12-07T00:00:00+00:00,18448.5,18661.5,18406,18621.5,7358
2016-12-08T00:00:00+00:00,18621.5,18908,18600.5,18843,14563
2016-12-09T00:00:00+00:00,18843,19220.5,18795.5,19210.5,11053
2016-12-12T00:00:00+00:00,19210.5,19271.5,19054,19101.5,17324
2016-12-13T00:00:00+00:00,19101.5,19346.5,19056.5,19316.5,15314
2016-12-14T00:00:00+00:00,19316.5,19456.5,19161.5,19379,16460
2016-12-15T00:00:00+00:00,19379,19541.5,19164,19474,19396
2016-12-16T00:00:00+00:00,19474,19474,19272.5,19337.5,10877
2016-12-19T00:00:00+00:00,19337.5,19452.5,19302.5,19420.5,13402
2016-12-20T00:00:00+00:00,19420.5,19652.5,19365,19582,11399
2016-12-21T00:00:00+00:00,19582,19599.5,19375.5,19445.5,12864
2016-12-22T00:00:00+00:00,19445.5,19445.5,19315.5,19415.5,9882
2016-12-23T00:00:00+00:00,19415.5,19478,19385.5,19430.5,2377
2016-12-27T00:00:00+00:00,19430.5,19480.5,19358,19425.5,6971
2016-12-28T00:00:00+00:00,19425.5,19478.5,19308.5,19336,8269
2016-12-29T00:00:00+00:00,19336,19336,18938.5,19036,14240
2016-12-30T00:00:00+00:00,19036,19180.5,18983.5,19055.5,14545
2017-01-03T00:00:00+00:00,19055.5,19430.5,19055.5,19328,9377
2017-01-04T00:00:00+00:00,19328,19670.5,19280.5,19630.5,13181
2017-01-05T00:00:00+00:00,19630.5,19630.5,19375,19432.5,20620
2017-01-06T00:00:00+00:00,19432.5,19625,19335,19592.5,15089
2017-01-09T00:00:00+00:00,19592.5,19697.5,19407.5,19432.5,8851
2017-01-10T00:00:00+00:00,19432.5,19477.5,19242.5,19327.5,20546
2017-01-11T00:00:00+00:00,19327.5,19512.5,19125,19352.5,24666
2017-01-12T00:00:00+00:00,19352.5,19352.5,18952.5,19177.5,26115
2017-01-13T00:00:00+00:00,19177.5,19377.5,19147.5,19300,16950
2017-01-16T00:00:00+00:00,19300,19300,19037.5,19052.5,11867
2017-01-17T00:00:00+00:00,19052.5,19057.5,18667.5,18727.5,26615
2017-01-18T00:00:00+00:00,18727.5,19027.5,18637.5,19017.5,19151
2017-01-19T00:00:00+00:00,19017.5,19182.5,18972.5,19057.5,22949
2017-01-20T00:00:00+00:00,19057.5,19277.5,19027.5,19147.5,26828
2017-01-23T00:00:00+00:00,19147.5,19147.5,18792.5,18897.5,22574
2017-01-24T00:00:00+00:00,18897.5,19077.5,18772.5,19042.5,15559
2017-01-25T00:00:00+00:00,19042.5,19285.5,18978,19218,14947
2017-01-26T00:00:00+00:00,19218,19565.5,19218,19510.5,15968
2017-01-27T00:00:00+00:00,19510.5,19555.5,19400.5,19470.5,15986
2017-01-30T00:00:00+00:00,19470.5,19470.5,19060.5,19175.5,15464
2017-01-31T00:00:00+00:00,19175.5,19185.5,18815.5,18988,28853
2017-02-01T00:00:00+00:00,18988,19285.5,18910.5,19165.5,25945
2017-02-02T00:00:00+00:00,19165.5,19165.5,18858,19050.5,23102
2017-02-03T00:00:00+00:00,19050.5,19111,18815.5,19060.5,28839
2017-02-06T00:00:00+00:00,19060.5,19088,18795.5,18850.5,22622
2017-02-07T00:00:00+00:00,18850.5,18972,18795.5,18948,22900
2017-02-08T00:00:00+00:00,18948,19045.5,18860.5,18930.5,18387
2017-02-09T00:00:00+00:00,18930.5,19212.5,18872.5,19167.5,14562
2017-02-10T00:00:00+00:00,19167.5,19462.5,19167.5,19345,18207
2017-02-13T00:00:00+00:00,19345,19535,19345,19515,12787
2017-02-14T00:00:00+00:00,19515,19515,19227.5,19477.5,19730
2017-02-15T00:00:00+00:00,19477.5,19495,19342.5,19420,13157
2017-02-16T00:00:00+00:00,19420,19422.5,19167.5,19270,19315
2017-02-17T00:00:00+00:00,19270,19270.5,19025.5,19138,17221
2017-02-20T00:00:00+00:00,19138,19276,19105.5,19271,8324
2017-02-21T00:00:00+00:00,19271,19480,19256,19452.5,14754
2017-02-22T00:00:00+00:00,19452.5,19452.5,19277.5,19337.5,19709
2017-02-23T00:00:00+00:00,19337.5,19377,19227,19287.5,19505
2017-02-24T00:00:00+00:00,19287.5,19388,19073,19148,18837
2017-02-27T00:00:00+00:00,19148,19213.5,18986,19191,18729
2017-02-28T00:00:00+00:00,19191,19258.5,19013.5,19176,18602
2017-03-01T00:00:00+00:00,19176,19613.5,19153.5,19553.5,33820
2017-03-02T00:00:00+00:00,19553.5,19668.5,19528.5,19546,20875
2017-03-03T00:00:00+00:00,19546,19580,19383.5,19448.5,22148
2017-03-06T00:00:00+00:00,19448.5,19448.5,19296.5,19361.5,14038
2017-03-07T00:00:00+00:00,19361.5,19386,19303.5,19331,11839
2017-03-08T00:00:00+00:00,19331,19407.5,19189.5,19315,13749
2017-03-09T00:00:00+00:00,19315,19415,19252.5,19410,16420
2017-03-10T00:00:00+00:00,19410,19654,19410,19574,18225
2017-03-13T00:00:00+00:00,19574,19666.5,19519,19664,10688
2017-03-14T00:00:00+00:00,19664,19704,19514,19554,9711
2017-03-15T00:00:00+00:00,19554,19591,19461,19487,13534
2017-03-16T00:00:00+00:00,19487,19642,19421,19462,14498
2017-03-17T00:00:00+00:00,19462,19539,19391,19427,9225
2017-03-20T00:00:00+00:00,19427,19521,19346,19401,4303
2017-03-21T00:00:00+00:00,19401,19477,19082,19116,17640
2017-03-22T00:00:00+00:00,19116,19167,18897,19041,21193
2017-03-23T00:00:00+00:00,19041,19122,18942,19047,20962
2017-03-24T00:00:00+00:00,19047,19293,19047,19222,23255
2017-03-27T00:00:00+00:00,19222,19222,18867,19116,18760
2017-03-28T00:00:00+00:00,19116,19341,19066,19317,12726
2017-03-29T00:00:00+00:00,19317,19317,19093,19153,13772
2017-03-30T00:00:00+00:00,19153,19208,19013,19173,14648
2017-03-31T00:00:00+00:00,19173,19201,18878,18948,12839
2017-04-03T00:00:00+00:00,18948,19063,18898,18983,12635
2017-04-04T00:00:00+00:00,18983,18983,18693,18903,18233
2017-04-05T00:00:00+00:00,18903,19024,18763,18778,14354
2017-04-06T00:00:00+00:00,18778,18783,18523,18718,18583
2017-04-07T00:00:00+00:00,18718,18844,18500,18778,38790
2017-04-10T00:00:00+00:00,18778,18847,18687,18747,12436
2017-04-11T00:00:00+00:00,18747,18758,18542,18637,15114
2017-04-12T00:00:00+00:00,18637,18637,18452,18462,20812
2017-04-13T00:00:00+00:00,18462,18462,18297,18342,17433
2017-04-17T00:00:00+00:00,18342,18469.5,18193,18467,7409
2017-04-18T00:00:00+00:00,18467,18532,18257,18317,12873
2017-04-19T00:00:00+00:00,18317,18498,18287,18377,11871
2017-04-20T00:00:00+00:00,18377,18613,18363,18569,13958
2017-04-21T00:00:00+00:00,18569,18658,18533,18603,13423
2017-04-24T00:00:00+00:00,18603,18998,18603,18854,19679
2017-04-25T00:00:00+00:00,18854,19229,18843,19188,12645
2017-04-26T00:00:00+00:00,19188,19319,19143,19169,16267
2017-04-27T00:00:00+00:00,19169,19296,19169,19225,6376
2017-04-28T00:00:00+00:00,19225,19258,19149,19195,5721
2017-05-01T00:00:00+00:00,19195,19362,19156,19341,4242
2017-05-02T00:00:00+00:00,19341,19505,19326,19452,5573
2017-05-03T00:00:00+00:00,19452,19620,19396,19585,1065
2017-05-04T00:00:00+00:00,19585,19661,19496,19571,1970
2017-05-05T00:00:00+00:00,19571,19709,19449,19698,4569
2017-05-08T00:00:00+00:00,19698,19928,19698,19903,8860
2017-05-09T00:00:00+00:00,19903,20019,19841,19964,6128
2017-05-10T00:00:00+00:00,19964,19964,19861,19935,5759
2017-05-11T00:00:00+00:00,19935,19994,19785,19864,6269
2017-05-12T00:00:00+00:00,19864,19938,19783,19804,3627
2017-05-15T00:00:00+00:00,19804,19948,19749,19943,2742
2017-05-16T00:00:00+00:00,19943,19991,19802,19847,3556
2017-05-17T00:00:00+00:00,19847,19847,19438,19458,7017
2017-05-18T00:00:00+00:00,19458,19647,19277,19596,7013
2017-05-19T00:00:00+00:00,19596,19741,19492,19680,3381
2017-05-22T00:00:00+00:00,19680,19716,19611,19681,4581
2017-05-23T00:00:00+00:00,19681,19768,19579,19763,7156
2017-05-24T00:00:00+00:00,19763,19786.5,19681,19718,4548
2017-05-25T00:00:00+00:00,19718,19847,19710,19807,3470
2017-05-26T00:00:00+00:00,19807,19807,19587,19697,2304
2017-05-29T00:00:00+00:00,19697,19730,19615,19677,2124
2017-05-30T00:00:00+00:00,19677,19708,19564,19618,4232
2017-05-31T00:00:00+00:00,19618,19709,19581,19661,2659
2017-06-01T00:00:00+00:00,19661,19919,19659,19916,4757
2017-06-02T00:00:00+00:00,19916,20230,19916,20159,6172
2017-06-05T00:00:00+00:00,20159,20215,20089,20145,3612
2017-06-06T00:00:00+00:00,20145,20150,19884,19929,5022
2017-06-07T00:00:00+00:00,19929,20012,19896,19982,3785
2017-06-08T00:00:00+00:00,19982,20069,19899,20029,4613
2017-06-09T00:00:00+00:00,20029,20109,19855,19943,7436
2017-06-12T00:00:00+00:00,19943,19954,19788.5,19847.5,6729
2017-06-13T00:00:00+00:00,19847.5,19968.5,19843.5,19949.5,2351
2017-06-14T00:00:00+00:00,19949.5,20005.5,19756.5,19870.5,5418
2017-06-15T00:00:00+00:00,19870.5,19970,19744,19902.5,11753
2017-06-16T00:00:00+00:00,19902.5,20007.5,19881.5,19948.5,4596
2017-06-19T00:00:00+00:00,19948.5,20161.5,19944,20151.5,4460
2017-06-20T00:00:00+00:00,20151.5,20319,20151.5,20191.5,4371
2017-06-21T00:00:00+00:00,20191.5,20204,20063.5,20129.5,4930
2017-06-22T00:00:00+00:00,20129.5,20184.5,20063.5,20125.5,4459
2017-06-23T00:00:00+00:00,20125.5,20154,20071.5,20112.5,3769
2017-06-26T00:00:00+00:00,20112.5,20223.5,20084,20207.5,2398
2017-06-27T00:00:00+00:00,20207.5,20236.5,20120.5,20164.5,3523
2017-06-28T00:00:00+00:00,20164.5,20211.5,20049.5,20202.5,3632
2017-06-29T00:00:00+00:00,20202.5,20273.5,19858.5,19974.5,5084
2017-06-30T00:00:00+00:00,19974.5,20098,19933.5,20073,6186
2017-07-03T00:00:00+00:00,20073,20186.5,20023,20181.5,2908
2017-07-04T00:00:00+00:00,20181.5,20191.5,19951.5,20058,1803
2017-07-05T00:00:00+00:00,20058,20128.5,19873.5,20071.5,4692
2017-07-06T00:00:00+00:00,20071.5,20072.5,19867.5,19890.5,2960
2017-07-07T00:00:00+00:00,19890.5,20050.5,19835.5,20024.5,2543
2017-07-10T00:00:00+00:00,20024.5,20121.5,20021.5,20054,3091
2017-07-11T00:00:00+00:00,20054,20181.5,20041.5,20115.5,2160
2017-07-12T00:00:00+00:00,20115.5,20157.5,20040.5,20137.5,2374
2017-07-13T00:00:00+00:00,20137.5,20167.5,20047.5,20110.5,2387
2017-07-14T00:00:00+00:00,20110.5,20145.5,20025.5,20046.5,1853
2017-07-17T00:00:00+00:00,20046.5,20119.5,19979.5,20027.5,724
2017-07-18T00:00:00+00:00,20027.5,20073.5,19903.5,19978.5,1772
2017-07-19T00:00:00+00:00,19978.5,20024.5,19943.5,20024.5,3253
2017-07-20T00:00:00+00:00,20024.5,20149.5,20018.5,20098.5,7747
2017-07-21T00:00:00+00:00,20098.5,20123.5,19962.5,19988.5,5191
2017-07-24T00:00:00+00:00,19988.5,19989.5,19868.5,19954.5,5830
2017-07-25T00:00:00+00:00,19954.5,20095.5,19930.5,20070.5,5742
2017-07-26T00:00:00+00:00,20070.5,20110.5,20005.5,20015.5,5068
2017-07-27T00:00:00+00:00,20015.5,20170.5,19961.5,20033.5,8587
2017-07-28T00:00:00+00:00,20033.5,20038.5,19923.5,19963.5,5997
2017-07-31T00:00:00+00:00,19963.5,19994.5,19903.5,19938.5,5924
2017-08-01T00:00:00+00:00,19938.5,20045.5,19924.5,20014.5,5071
2017-08-02T00:00:00+00:00,20014.5,20105.5,20014.5,20070.5,5362
2017-08-03T00:00:00+00:00,20070.5,20070.5,19965.5,19970.5,5429
2017-08-04T00:00:00+00:00,19970.5,20065.5,19935.5,20038.5,2768
2017-08-07T00:00:00+00:00,20038.5,20100.5,20035.5,20061.5,2140
2017-08-08T00:00:00+00:00,20061.5,20071.5,19940.5,19946.5,3077
2017-08-09T00:00:00+00:00,19946.5,19946.5,19653.5,19766.5,9326
2017-08-10T00:00:00+00:00,19766.5,19825.5,19365.5,19369.5,8811
2017-08-11T00:00:00+00:00,19369.5,19503.5,19307.5,19387.5,4533
2017-08-14T00:00:00+00:00,19387.5,19616.5,19387.5,19601.5,5670
2017-08-15T00:00:00+00:00,19601.5,19834.5,19601.5,19729.5,5685
2017-08-16T00:00:00+00:00,19729.5,19808.5,19691.5,19724.5,6244
2017-08-17T00:00:00+00:00,19724.5,19732.5,19483.5,19490.5,10085
2017-08-18T00:00:00+00:00,19490.5,19555.5,19324.5,19445.5,9051
2017-08-21T00:00:00+00:00,19445.5,19540,19268.5,19334.5,8018
2017-08-22T00:00:00+00:00,19334.5,19492.5,19334.5,19492.5,5313
2017-08-23T00:00:00+00:00,19492.5,19559.5,19355.5,19362.5,6686
2017-08-24T00:00:00+00:00,19362.5,19424.5,19316.5,19423.5,6713
2017-08-25T00:00:00+00:00,19423.5,19544.5,19380.5,19456.5,6234
2017-08-28T00:00:00+00:00,19456.5,19529,19405.5,19474.5,6661
2017-08-29T00:00:00+00:00,19474.5,19496.5,19143.5,19471.5,17079
2017-08-30T00:00:00+00:00,19471.5,19578.5,19429.5,19565.5,10551
2017-08-31T00:00:00+00:00,19565.5,19730.5,19555.5,19675.5,8926
2017-09-01T00:00:00+00:00,19675.5,19740.5,19614.5,19690.5,11662
2017-09-04T00:00:00+00:00,19690.5,19690.5,19420.5,19513.5,6931
2017-09-05T00:00:00+00:00,19513.5,19580.5,19263.5,19350.5,15127
2017-09-06T00:00:00+00:00,19350.5,19481.5,19255.5,19461.5,13731
2017-09-07T00:00:00+00:00,19461.5,19481.5,19353.5,19407.5,14342
2017-09-08T00:00:00+00:00,19407.5,19418.5,19229.5,19291.5,11446
2017-09-11T00:00:00+00:00,19291.5,19695.5,19291.5,19690.5,7879
2017-09-12T00:00:00+00:00,19690.5,19858.5,19648.5,19852.5,6443
2017-09-13T00:00:00+00:00,19852.5,19898.5,19791.5,19871.5,5613
2017-09-14T00:00:00+00:00,19871.5,19901.5,19780.5,19857.5,7862
2017-09-15T00:00:00+00:00,19857.5,20025.5,19765.5,19966.5,7822
2017-09-18T00:00:00+00:00,19966.5,20130.5,19966.5,20094.5,3050
2017-09-19T00:00:00+00:00,20094.5,20308.5,20094.5,20270.5,8431
2017-09-20T00:00:00+00:00,20270.5,20411.5,20247.5,20406.5,11604
2017-09-21T00:00:00+00:00,20406.5,20496.5,20308.5,20390.5,9776
2017-09-22T00:00:00+00:00,20390.5,20415.5,20249.5,20325.5,7812
2017-09-25T00:00:00+00:00,20325.5,20444,20228.5,20309.5,11783
2017-09-26T00:00:00+00:00,20309.5,20390.5,20275.5,20365.5,9205
2017-09-27T00:00:00+00:00,20365.5,20418.5,20202.5,20382.5,9208
2017-09-28T00:00:00+00:00,20382.5,20402.5,20288.5,20323.5,8664
2017-09-29T00:00:00+00:00,20323.5,20364.5,20271.5,20348.5,7230
2017-10-02T00:00:00+00:00,20348.5,20474.5,20348.5,20469.5,7991
2017-10-03T00:00:00+00:00,20469.5,20674.5,20433.5,20674.5,6995
2017-10-04T00:00:00+00:00,20674.5,20684.5,20582.5,20658.5,8820
2017-10-05T00:00:00+00:00,20658.5,20694.5,20593.5,20694.5,8049
2017-10-06T00:00:00+00:00,20694.5,20754.5,20632.5,20657.5,8850
2017-10-09T00:00:00+00:00,20657.5,20734.5,20634,20674.5,2109
2017-10-10T00:00:00+00:00,20674.5,20834.5,20653.5,20813.5,7782
2017-10-11T00:00:00+00:00,20813.5,20964.5,20778.5,20939.5,7100
2017-10-12T00:00:00+00:00,20939.5,21030.5,20913.5,20979.5,8228
2017-10-13T00:00:00+00:00,20979.5,21260.5,20923.5,21235.5,9744
2017-10-16T00:00:00+00:00,21235.5,21350.5,21194,21335.5,9766
2017-10-17T00:00:00+00:00,21335.5,21390.5,21223.5,21360.5,9775
2017-10-18T00:00:00+00:00,21360.5,21445.5,21308.5,21445.5,10027
2017-10-19T00:00:00+00:00,21445.5,21511.5,21205.5,21331.5,17666
2017-10-20T00:00:00+00:00,21331.5,21555.5,21306.5,21555.5,11380
2017-10-23T00:00:00+00:00,21555.5,21835.5,21555.5,21643.5,13013
2017-10-24T00:00:00+00:00,21643.5,21928.5,21627.5,21898.5,12665
2017-10-25T00:00:00+00:00,21898.5,21923.5,21587.5,21708.5,20797
2017-10-26T00:00:00+00:00,21708.5,21853.5,21692.5,21848.5,15574
2017-10-27T00:00:00+00:00,21848.5,22124.5,21815.5,22049.5,16044
2017-10-30T00:00:00+00:00,22049.5,22084,21846.5,21893.5,12324
2017-10-31T00:00:00+00:00,21893.5,22212.5,21841.5,22202.5,10941
2017-11-01T00:00:00+00:00,22202.5,22593.5,22157.5,22522.5,15912
2017-11-02T00:00:00+00:00,22522.5,22566.5,22359.5,22557.5,15446
2017-11-03T00:00:00+00:00,22557.5,22637.5,22496.5,22615,5220
2017-11-06T00:00:00+00:00,22615,22652.5,22422.5,22561.5,13321
2017-11-07T00:00:00+00:00,22561.5,22998.5,22515.5,22852.5,15073
2017-11-08T00:00:00+00:00,22852.5,22957.5,22738.5,22921.5,13029
2017-11-09T00:00:00+00:00,22921.5,23422.5,22314.5,22640,57138
2017-11-10T00:00:00+00:00,22640,22720.5,22326.5,22464,48564
2017-11-13T00:00:00+00:00,22464,22609,22105.5,22354,27434
2017-11-14T00:00:00+00:00,22354,22534.5,22251.5,22295.5,36027
2017-11-15T00:00:00+00:00,22295.5,22307.5,21825.5,22095.5,57318
2017-11-16T00:00:00+00:00,22095.5,22616.5,21974.5,22566.5,35443
2017-11-17T00:00:00+00:00,22566.5,22765.5,22272.5,22328.5,49903
2017-11-20T00:00:00+00:00,22328.5,22504.5,22162.5,22452.5,35705
2017-11-21T00:00:00+00:00,22452.5,22665.5,22399.5,22655.5,28535
2017-11-22T00:00:00+00:00,22655.5,22681.5,22335.5,22387.5,32061
2017-11-23T00:00:00+00:00,22387.5,22480.5,22307.5,22405.5,4458
2017-11-24T00:00:00+00:00,22405.5,22651.5,22370.5,22640.5,28573
2017-11-27T00:00:00+00:00,22640.5,22664.5,22411.5,22463.5,38034
2017-11-28T00:00:00+00:00,22463.5,22644.5,22361.5,22625.5,36633
2017-11-29T00:00:00+00:00,22625.5,22798.5,22507.5,22653.5,43667
2017-11-30T00:00:00+00:00,22653.5,22965.5,22509.5,22860.5,43084
2017-12-01T00:00:00+00:00,22860.5,22994.5,22367.5,22648.5,86939
2017-12-04T00:00:00+00:00,22648.5,22863.5,22479.5,22479.5,39930
2017-12-05T00:00:00+00:00,22479.5,22684.5,22445.5,22461.5,41363
2017-12-06T00:00:00+00:00,22461.5,22529.5,22047.5,22241.5,37248
2017-12-07T00:00:00+00:00,22241.5,22654.5,22241.5,22614.5,19412
2017-12-08T00:00:00+00:00,22614.5,22899.5,22557.5,22880.5,18064
2017-12-11T00:00:00+00:00,22880.5,22946.5,22790.5,22946.5,11915
2017-12-12T00:00:00+00:00,22946.5,22996.5,22815.5,22880.5,10401
2017-12-13T00:00:00+00:00,22880.5,22880.5,22672.5,22682.5,14091
2017-12-14T00:00:00+00:00,22682.5,22778.5,22538.5,22587.5,11601
2017-12-15T00:00:00+00:00,22587.5,22749.5,22471.5,22712.5,12791
2017-12-18T00:00:00+00:00,22712.5,23001.5,22712.5,22991.5,11534
2017-12-19T00:00:00+00:00,22991.5,22991.5,22786.5,22796.5,9129
2017-12-20T00:00:00+00:00,22796.5,22927.5,22796.5,22852.5,8687
2017-12-21T00:00:00+00:00,22852.5,22937.5,22716.5,22816.5,7804
2017-12-22T00:00:00+00:00,22816.5,22907.5,22802.5,22865.5,6072
2017-12-26T00:00:00+00:00,22865.5,22913.5,22865.5,22898.5,3083
2017-12-27T00:00:00+00:00,22898.5,22952.5,22867.5,22909.5,5496
2017-12-28T00:00:00+00:00,22909.5,22944.5,22717.5,22782.5,4677
2017-12-29T00:00:00+00:00,22782.5,22873.5,22649.5,22708,6586
2018-01-02T00:00:00+00:00,22708,22839.5,22618.5,22829.5,4977
2018-01-03T00:00:00+00:00,22829.5,23221.5,22816.5,23166.5,5945
2018-01-04T00:00:00+00:00,23166.5,23673.5,23136.5,23638.5,8945
2018-01-05T00:00:00+00:00,23638.5,23832.5,23513.5,23802.5,8211
2018-01-08T00:00:00+00:00,23802.5,23966.5,23802.5,23951.5,5813
2018-01-09T00:00:00+00:00,23951.5,23976.5,23761.5,23841.5,9300
2018-01-10T00:00:00+00:00,23841.5,23851.5,23551.5,23621.5,12738
2018-01-11T00:00:00+00:00,23621.5,23791.5,23591.5,23781.5,10848
2018-01-12T00:00:00+00:00,23781.5,23831.5,23571.5,23826.5,9898
2018-01-15T00:00:00+00:00,23826.5,23839,23671.5,23696.5,6724
2018-01-16T00:00:00+00:00,23696.5,23991.5,23641.5,23736.5,13179
2018-01-17T00:00:00+00:00,23736.5,24127.5,23721.5,24072.5,12941
2018-01-18T00:00:00+00:00,24072.5,24102.5,23690.5,23823.5,16975
2018-01-19T00:00:00+00:00,23823.5,23896.5,23719.5,23841.5,13284
2018-01-22T00:00:00+00:00,23841.5,23957.5,23671.5,23952.5,8266
2018-01-23T00:00:00+00:00,23952.5,24186.5,23907.5,24014.5,14995
2018-01-24T00:00:00+00:00,24014.5,24059.5,23600.5,23750.5,16307
2018-01-25T00:00:00+00:00,23750.5,23821.5,23449.5,23614.5,23185
2018-01-26T00:00:00+00:00,23614.5,23789.5,23544.5,23730.5,18062
2018-01-29T00:00:00+00:00,23730.5,23778.5,23478.5,23545.5,16980
2018-01-30T00:00:00+00:00,23545.5,23568.5,23097.5,23193.5,24881
2018-01-31T00:00:00+00:00,23193.5,23368.5,23073.5,23267.5,23205
2018-02-01T00:00:00+00:00,23267.5,23487.5,23217.5,23285.5,26071
2018-02-02T00:00:00+00:00,23285.5,23347.5,22939,22969,32747
2018-02-05T00:00:00+00:00,22969,22969,21370,21390,48934
2018-02-06T00:00:00+00:00,21390,22282.5,21057.5,22272.5,127872
2018-02-07T00:00:00+00:00,22272.5,22342.5,21458.5,21837.5,75194
2018-02-08T00:00:00+00:00,21837.5,21998.5,21082.5,21177.5,78626
2018-02-09T00:00:00+00:00,21177.5,21567.5,20537.5,21289,65862
2018-02-12T00:00:00+00:00,21289,21713.5,21279.5,21642.5,30009
2018-02-13T00:00:00+00:00,21642.5,21692.5,20912.5,21215.5,55564
2018-02-14T00:00:00+00:00,21215.5,21517.5,20923.5,21507.5,58990
2018-02-15T00:00:00+00:00,21507.5,21614.5,21293.5,21487.5,46173
2018-02-16T00:00:00+00:00,21487.5,21921.5,21487.5,21896.5,41039
2018-02-19T00:00:00+00:00,21896.5,22153.5,21841.5,21962.5,19103
2018-02-20T00:00:00+00:00,21962.5,22053.5,21800.5,21862.5,37130
2018-02-21T00:00:00+00:00,21862.5,22177.5,21806.5,21881.5,44276
2018-02-22T00:00:00+00:00,21881.5,21881.5,21606.5,21712.5,42341
2018-02-23T00:00:00+00:00,21712.5,22042.5,21712.5,22033.5,28567
2018-02-26T00:00:00+00:00,22033.5,22416.5,22033.5,22416.5,26441
2018-02-27T00:00:00+00:00,22416.5,22505.5,22165.5,22175.5,33962
2018-02-28T00:00:00+00:00,22175.5,22369.5,21876.5,21907.5,38604
2018-03-01T00:00:00+00:00,21907.5,21922.5,21019.5,21104.5,62944
2018-03-02T00:00:00+00:00,21104.5,21265.5,20679.5,21121.5,63802
2018-03-05T00:00:00+00:00,21121.5,21461.5,20841.5,21411.5,49768
2018-03-06T00:00:00+00:00,21411.5,21806.5,21384.5,21626.5,43182
2018-03-07T00:00:00+00:00,21626.5,21626.5,21185.5,21436.5,44670
2018-03-08T00:00:00+00:00,21436.5,21648.5,21289.5,21648.5,24463
2018-03-09T00:00:00+00:00,21648.5,21889.5,21348.5,21873.5,30029
2018-03-12T00:00:00+00:00,21873.5,21988.5,21682.5,21741.5,23281
2018-03-13T00:00:00+00:00,21741.5,22101.5,21701.5,21767.5,26287
2018-03-14T00:00:00+00:00,21767.5,21912.5,21598.5,21733.5,29478
2018-03-15T00:00:00+00:00,21733.5,21878.5,21543.5,21833.5,21808
2018-03-16T00:00:00+00:00,21833.5,21858.5,21513.5,21598.5,14964
2018-03-19T00:00:00+00:00,21598.5,21653.5,21054.5,21269.5,27875
2018-03-20T00:00:00+00:00,21269.5,21478.5,21174.5,21448.5,20130
2018-03-21T00:00:00+00:00,21448.5,21528.5,21284.5,21299.5,15072
2018-03-22T00:00:00+00:00,21299.5,21577.5,21026.5,21038.5,36247
2018-03-23T00:00:00+00:00,21038.5,21038.5,20318.5,20354.5,46116
2018-03-26T00:00:00+00:00,20354.5,20888.5,20334.5,20863.5,33688
2018-03-27T00:00:00+00:00,20863.5,21344.5,20767.5,20859,30871
2018-03-28T00:00:00+00:00,20859,21325.5,20666.5,21234.5,62615
2018-03-29T00:00:00+00:00,21234.5,21630.5,20983.5,21475.5,31712
2018-04-02T00:00:00+00:00,21475.5,21594.5,20924.5,21046.5,36242
2018-04-03T00:00:00+00:00,21046.5,21528.5,21039.5,21492.5,36991
2018-04-04T00:00:00+00:00,21492.5,21566.5,21031.5,21561.5,37767
2018-04-05T00:00:00+00:00,21561.5,21916.5,21456.5,21881.5,29964
2018-04-06T00:00:00+00:00,21881.5,21881.5,21311.5,21426.5,41165
2018-04-09T00:00:00+00:00,21426.5,21800.5,21426.5,21593.5,29668
2018-04-10T00:00:00+00:00,21593.5,21960.5,21533.5,21840.5,36804
2018-04-11T00:00:00+00:00,21840.5,21860.5,21566.5,21646.5,28564
2018-04-12T00:00:00+00:00,21646.5,21846.5,21591.5,21811.5,24747
2018-04-13T00:00:00+00:00,21811.5,21921.5,21696.5,21771.5,24206
2018-04-16T00:00:00+00:00,21771.5,21916.5,21761.5,21816.5,19852
2018-04-17T00:00:00+00:00,21816.5,21946.5,21771.5,21886.5,17321
2018-04-18T00:00:00+00:00,21886.5,22190.5,21886.5,22160.5,14396
2018-04-19T00:00:00+00:00,22160.5,22350.5,22050.5,22136.5,21026
2018-04-20T00:00:00+00:00,22136.5,22260.5,22045.5,22073.5,21002
2018-04-23T00:00:00+00:00,22073.5,22206.5,22021.5,22186.5,19925
2018-04-24T00:00:00+00:00,22186.5,22345.5,21960.5,22070.5,24678
2018-04-25T00:00:00+00:00,22070.5,22285.5,22070.5,22285.5,24517
2018-04-26T00:00:00+00:00,22285.5,22440.5,22260.5,22430.5,15545
2018-04-27T00:00:00+00:00,22430.5,22556.5,22357.5,22450.5,14666
2018-04-30T00:00:00+00:00,22450.5,22635.5,22418.5,22433.5,9561
2018-05-01T00:00:00+00:00,22433.5,22555.5,22419.5,22540.5,10542
2018-05-02T00:00:00+00:00,22540.5,22585.5,22420.5,22420.5,15109
2018-05-03T00:00:00+00:00,22420.5,22420.5,22089.5,22340.5,16488
2018-05-04T00:00:00+00:00,22340.5,22505.5,22160.5,22465.5,12751
2018-05-07T00:00:00+00:00,22465.5,22539.5,22344.5,22464.5,9351
2018-05-08T00:00:00+00:00,22464.5,22559.5,22409.5,22494.5,12527
2018-05-09T00:00:00+00:00,22494.5,22494.5,22359.5,22485.5,10163
2018-05-10T00:00:00+00:00,22485.5,22545.5,22420.5,22510.5,8064
2018-05-11T00:00:00+00:00,22510.5,22773.5,22505.5,22698.5,8296
2018-05-14T00:00:00+00:00,22698.5,22889.5,22698.5,22878.5,6103
2018-05-15T00:00:00+00:00,22878.5,22903.5,22713.5,22743.5,10747
2018-05-16T00:00:00+00:00,22743.5,22809.5,22688.5,22804.5,7312
2018-05-17T00:00:00+00:00,22804.5,22948.5,22794.5,22893.5,6915
2018-05-18T00:00:00+00:00,22893.5,22946.5,22814.5,22833.5,7193
2018-05-21T00:00:00+00:00,22833.5,23043.5,22833.5,23019.5,5804
2018-05-22T00:00:00+00:00,23019.5,23019.5,22909.5,22929.5,4704
2018-05-23T00:00:00+00:00,22929.5,22944.5,22474.5,22619.5,12191
2018-05-24T00:00:00+00:00,22619.5,22634.5,22070.5,22310.5,11852
2018-05-25T00:00:00+00:00,22310.5,22511.5,22255.5,22345.5,12601
2018-05-28T00:00:00+00:00,22345.5,22540.5,22345.5,22414.5,6623
2018-05-29T00:00:00+00:00,22414.5,22449.5,21915.5,22035.5,21622
2018-05-30T00:00:00+00:00,22035.5,22266.5,21920.5,22256.5,15706
2018-05-31T00:00:00+00:00,22256.5,22265.5,22011.5,22101.5,16281
2018-06-01T00:00:00+00:00,22101.5,22373.5,22081.5,22360.5,12406
2018-06-04T00:00:00+00:00,22360.5,22565.5,22305.5,22554.5,8924
2018-06-05T00:00:00+00:00,22554.5,22594.5,22440.5,22510.5,11845
2018-06-06T00:00:00+00:00,22510.5,22749.5,22500.5,22749.5,8665
2018-06-07T00:00:00+00:00,22749.5,22871.5,22630.5,22711.5,13692
2018-06-08T00:00:00+00:00,22711.5,22871.5,22515.5,22681.5,14791
2018-06-11T00:00:00+00:00,22681.5,22989.5,22635.5,22964.5,9883
2018-06-12T00:00:00+00:00,22964.5,23010.5,22782.5,22844.5,11880
2018-06-13T00:00:00+00:00,22844.5,22978.5,22828.5,22828.5,8769
2018-06-14T00:00:00+00:00,22828.5,22911.5,22703.5,22881.5,12041
2018-06-15T00:00:00+00:00,22881.5,22906.5,22679.5,22809.5,14409
2018-06-18T00:00:00+00:00,22809.5,22834.5,22585.5,22706.5,8244
2018-06-19T00:00:00+00:00,22706.5,22721.5,22115.5,22261.5,18382
2018-06-20T00:00:00+00:00,22261.5,22581.5,22169.5,22527.5,14992
2018-06-21T00:00:00+00:00,22527.5,22772.5,22419.5,22444.5,20777
2018-06-22T00:00:00+00:00,22444.5,22644.5,22419.5,22559.5,15462
2018-06-25T00:00:00+00:00,22559.5,22579.5,22047.5,22207.5,25305
2018-06-26T00:00:00+00:00,22207.5,22420.5,22116.5,22354.5,24219
2018-06-27T00:00:00+00:00,22354.5,22425.5,22117.5,22150.5,34158
2018-06-28T00:00:00+00:00,22150.5,22332.5,22049.5,22302.5,32100
2018-06-29T00:00:00+00:00,22302.5,22354.5,22154.5,22242.5,21255
2018-07-02T00:00:00+00:00,22242.5,22306.5,21691.5,21856.5,22076
2018-07-03T00:00:00+00:00,21856.5,21916.5,21556.5,21713.5,22803
2018-07-04T00:00:00+00:00,21713.5,21768.5,21588.5,21692.5,11794
2018-07-05T00:00:00+00:00,21692.5,21733.5,21452.5,21698.5,22664
2018-07-06T00:00:00+00:00,21698.5,21872.5,21628.5,21807.5,21178
2018-07-09T00:00:00+00:00,21807.5,22197.5,21807.5,22197.5,12883
2018-07-10T00:00:00+00:00,22197.5,22307.5,22167.5,22246.5,12984
2018-07-11T00:00:00+00:00,22246.5,22246.5,21745.5,22012.5,25145
2018-07-12T00:00:00+00:00,22012.5,22341.5,21982.5,22332.5,17092
2018-07-13T00:00:00+00:00,22332.5,22678.5,22332.5,22573.5,16914
2018-07-16T00:00:00+00:00,22573.5,22723.5,22539.5,22559.5,4170
2018-07-17T00:00:00+00:00,22559.5,22860.5,22494.5,22854.5,16730
2018-07-18T00:00:00+00:00,22854.5,22939.5,22768.5,22870.5,13581
2018-07-19T00:00:00+00:00,22870.5,22910.5,22676.5,22716.5,15522
2018-07-20T00:00:00+00:00,22716.5,22866.5,22497.5,22537.5,23116
2018-07-23T00:00:00+00:00,22537.5,22547.5,22332.5,22477.5,20487
2018-07-24T00:00:00+00:00,22477.5,22618.5,22407.5,22567.5,17161
2018-07-25T00:00:00+00:00,22567.5,22662.5,22507.5,22622.5,17120
2018-07-26T00:00:00+00:00,22622.5,22672.5,22527.5,22632.5,17907
2018-07-27T00:00:00+00:00,22632.5,22746.5,22570.5,22630.5,14848
2018-07-30T00:00:00+00:00,22630.5,22630.5,22467.5,22484.5,17051
2018-07-31T00:00:00+00:00,22484.5,22704.5,22345,22669,25500
2018-08-01T00:00:00+00:00,22669,22821.5,22564.5,22643.5,15284
2018-08-02T00:00:00+00:00,22643.5,22748.5,22383.5,22588.5,17441
2018-08-03T00:00:00+00:00,22588.5,22628.5,22443.5,22573.5,13945
2018-08-06T00:00:00+00:00,22573.5,22618.5,22453.5,22553.5,10590
2018-08-07T00:00:00+00:00,22553.5,22693.5,22528.5,22663,8209
2018-08-08T00:00:00+00:00,22663,22792.5,22552.5,22555,9419
2018-08-09T00:00:00+00:00,22555,22633.5,22499.5,22573.5,8807
2018-08-10T00:00:00+00:00,22573.5,22613.5,22078.5,22193.5,19455
2018-08-13T00:00:00+00:00,22193.5,22193.5,21838.5,22052.5,23249
2018-08-14T00:00:00+00:00,22052.5,22381.5,22027.5,22326.5,18447
2018-08-15T00:00:00+00:00,22326.5,22361.5,21853.5,22008.5,23304
2018-08-16T00:00:00+00:00,22008.5,22352.5,21872.5,22292.5,22848
2018-08-17T00:00:00+00:00,22292.5,22337.5,22087.5,22267.5,18902
2018-08-20T00:00:00+00:00,22267.5,22277.5,22142.5,22182.5,14689
2018-08-21T00:00:00+00:00,22182.5,22372.5,22047.5,22311.5,12035
2018-08-22T00:00:00+00:00,22311.5,22457.5,22147.5,22377.5,13603
2018-08-23T00:00:00+00:00,22377.5,22527.5,22367.5,22497.5,14490
2018-08-24T00:00:00+00:00,22497.5,22641.5,22452.5,22621.5,10823
2018-08-27T00:00:00+00:00,22621.5,22898.5,22621.5,22892.5,7700
2018-08-28T00:00:00+00:00,22892.5,22991.5,22773.5,22808.5,10761
2018-08-29T00:00:00+00:00,22808.5,22979.5,22794.5,22968.5,11467
2018-08-30T00:00:00+00:00,22968.5,23083.5,22660.5,22735.5,19127
2018-08-31T00:00:00+00:00,22735.5,22890.5,22675.5,22820.5,19344
2018-09-03T00:00:00+00:00,22820.5,22850.5,22689.5,22757.5,8913
2018-09-04T00:00:00+00:00,22757.5,22799.5,22593.5,22703.5,20738
2018-09-05T00:00:00+00:00,22703.5,22703.5,22478.5,22528.5,23434
2018-09-06T00:00:00+00:00,22528.5,22558.5,22358.5,22398.5,23065
2018-09-07T00:00:00+00:00,22398.5,22437.5,22168.5,22337.5,26304
2018-09-10T00:00:00+00:00,22337.5,22492.5,22238.5,22447.5,20599
2018-09-11T00:00:00+00:00,22447.5,22711.5,22447.5,22708.5,16607
2018-09-12T00:00:00+00:00,22708.5,22723.5,22523.5,22638.5,20240
2018-09-13T00:00:00+00:00,22638.5,23001.5,22623.5,22966.5,15785
2018-09-14T00:00:00+00:00,22966.5,23249.5,22941.5,23216.5,16812
2018-09-17T00:00:00+00:00,23216.5,23358.5,23126.5,23171.5,7748
2018-09-18T00:00:00+00:00,23171.5,23888.5,23026.5,23833.5,19553
2018-09-19T00:00:00+00:00,23833.5,23844.5,23660.5,23740.5,15605
2018-09-20T00:00:00+00:00,23740.5,23856.5,23576.5,23835.5,15581
2018-09-21T00:00:00+00:00,23835.5,23973.5,23772.5,23880.5,14690
2018-09-24T00:00:00+00:00,23880.5,23880.5,23740.5,23850.5,6715
2018-09-25T00:00:00+00:00,23850.5,24025.5,23805.5,23964.5,12101
2018-09-26T00:00:00+00:00,23964.5,24025.5,23825.5,23874.5,17052
2018-09-27T00:00:00+00:00,23874.5,24125.5,23770.5,24024.5,21009
2018-09-28T00:00:00+00:00,24024.5,24288.5,24000.5,24153.5,26020
2018-10-01T00:00:00+00:00,24153.5,24474.5,24135.5,24414.5,18559
2018-10-02T00:00:00+00:00,24414.5,24442.5,24088.5,24232.5,26358
2018-10-03T00:00:00+00:00,24232.5,24359.5,24041.5,24282.5,21290
2018-10-04T00:00:00+00:00,24282.5,24292.5,23621.5,23753.5,35455
2018-10-05T00:00:00+00:00,23753.5,23939.5,23556.5,23658.5,35852
2018-10-08T00:00:00+00:00,23658.5,23808.5,23366.5,23626.5,25613
2018-10-09T00:00:00+00:00,23626.5,23626.5,23326.5,23528.5,36250
2018-10-10T00:00:00+00:00,23528.5,23593.5,22801.5,22803.5,48375
2018-10-11T00:00:00+00:00,22803.5,22904.5,22242.5,22474.5,100993
2018-10-12T00:00:00+00:00,22474.5,22752.5,22217.5,22548.5,63906
2018-10-15T00:00:00+00:00,22548.5,22553.5,22032.5,22267.5,50624
2018-10-16T00:00:00+00:00,22267.5,22868.5,22203.5,22865.5,35804
2018-10-17T00:00:00+00:00,22865.5,22950.5,22634.5,22865.5,38921
2018-10-18T00:00:00+00:00,22865.5,22902.5,22150.5,22310.5,50717
2018-10-19T00:00:00+00:00,22310.5,22680.5,22206.5,22442.5,52562
2018-10-22T00:00:00+00:00,22442.5,22702.5,22258.5,22469.5,57583
2018-10-23T00:00:00+00:00,22469.5,22479.5,21631.5,22174.5,74124
2018-10-24T00:00:00+00:00,22174.5,22207.5,21344.5,21410.5,86749
2018-10-25T00:00:00+00:00,21410.5,21787.5,21198.5,21552.5,80487
2018-10-26T00:00:00+00:00,21552.5,21552.5,20796.5,21248.5,112941
2018-10-29T00:00:00+00:00,21248.5,21501.5,20800.5,21018.5,69648
2018-10-30T00:00:00+00:00,21018.5,21633.5,20986.5,21623.5,74845
2018-10-31T00:00:00+00:00,21623.5,21938.5,21563.5,21770.5,48729
2018-11-01T00:00:00+00:00,21770.5,21863.5,21508.5,21758.5,42677
2018-11-02T00:00:00+00:00,21758.5,22312.5,21651.5,22001.5,73587
2018-11-05T00:00:00+00:00,22001.5,22084.5,21859.5,21998.5,50764
2018-11-06T00:00:00+00:00,21998.5,22257.5,21989.5,22242.5,42406
2018-11-07T00:00:00+00:00,22242.5,22559.5,21984.5,22559.5,54197
2018-11-08T00:00:00+00:00,22559.5,22574.5,22354.5,22458.5,36197
2018-11-09T00:00:00+00:00,22458.5,22477.5,21999.5,22119.5,45181
2018-11-12T00:00:00+00:00,22119.5,22313.5,21722.5,21777.5,47489
2018-11-13T00:00:00+00:00,21777.5,21964.5,21464.5,21765.5,63943
2018-11-14T00:00:00+00:00,21765.5,21980.5,21544.5,21656.5,68869
2018-11-15T00:00:00+00:00,21656.5,21939.5,21529.5,21939.5,68877
2018-11-16T00:00:00+00:00,21939.5,21939.5,21484.5,21738.5,56863
2018-11-19T00:00:00+00:00,21738.5,21913.5,21519.5,21584.5,53706
2018-11-20T00:00:00+00:00,21584.5,21684.5,21169.5,21221.5,66609
2018-11-21T00:00:00+00:00,21221.5,21741.5,21214.5,21634.5,43735
2018-11-22T00:00:00+00:00,21634.5,21737.5,21464.5,21561.5,21980
2018-11-23T00:00:00+00:00,21561.5,21681.5,21439.5,21476.5,29209
2018-11-26T00:00:00+00:00,21476.5,22077.5,21476.5,22032.5,37736
2018-11-27T00:00:00+00:00,22032.5,22189.5,21804.5,22075,45238
2018-11-28T00:00:00+00:00,22075,22407.5,22029.5,22382.5,33904
2018-11-29T00:00:00+00:00,22382.5,22422.5,22179.5,22277.5,35930
2018-11-30T00:00:00+00:00,22277.5,22411.5,22219.5,22406.5,28544
2018-12-03T00:00:00+00:00,22406.5,22706.5,22406.5,22621.5,38916
2018-12-04T00:00:00+00:00,22621.5,22621.5,21574.5,21599.5,54546
2018-12-05T00:00:00+00:00,21599.5,21973.5,21599.5,21892.5,20436
2018-12-06T00:00:00+00:00,21892.5,21892.5,21069.5,21576.5,92029
2018-12-07T00:00:00+00:00,21576.5,21725.5,21244.5,21336.5,70878
2018-12-10T00:00:00+00:00,21336.5,21385.5,20934.5,21320.5,69600
2018-12-11T00:00:00+00:00,21320.5,21525.5,21059.5,21344.5,55717
2018-12-12T00:00:00+00:00,21344.5,21808.5,21313.5,21620.5,63564
2018-12-13T00:00:00+00:00,21620.5,21903.5,21620.5,21683.5,49267
2018-12-14T00:00:00+00:00,21683.5,21738.5,21234.5,21288.5,50278
2018-12-17T00:00:00+00:00,21288.5,21554.5,20964.5,21141.5,54118
2018-12-18T00:00:00+00:00,21141.5,21321.5,21004.5,21025.5,55922
2018-12-19T00:00:00+00:00,21025.5,21180.5,20564.5,20686.5,66922
2018-12-20T00:00:00+00:00,20686.5,20831.5,20074.5,20397.5,91341
2018-12-21T00:00:00+00:00,20397.5,20397.5,19774.5,19849.5,87670
2018-12-24T00:00:00+00:00,19849.5,19958.5,19319.5,19342.5,49355
2018-12-26T00:00:00+00:00,19342.5,20089.5,19044.5,20035.5,61817
2018-12-27T00:00:00+00:00,20035.5,20200.5,19514.5,20039.5,85344
2018-12-28T00:00:00+00:00,20039.5,20067.5,19724.5,19939.5,69198
2018-12-31T00:00:00+00:00,19939.5,20054.5,19749.5,19848.5,22442
2019-01-02T00:00:00+00:00,19848.5,19931.5,19284.5,19823.5,55424
2019-01-03T00:00:00+00:00,19823.5,19823.5,19294.5,19384.5,70426
2019-01-04T00:00:00+00:00,19384.5,20197.5,19219.5,20099.5,80585
2019-01-07T00:00:00+00:00,20099.5,20308.5,19964.5,20178.5,61632
2019-01-08T00:00:00+00:00,20178.5,20410.5,20089.5,20308.5,54723
2019-01-09T00:00:00+00:00,20308.5,20483.5,20169.5,20259.5,52123
2019-01-10T00:00:00+00:00,20259.5,20381.5,20029.5,20346.5,49824
2019-01-11T00:00:00+00:00,20346.5,20382.5,20184.5,20286.5,38011
2019-01-14T00:00:00+00:00,20286.5,20286.5,19979.5,20109.5,29362
2019-01-15T00:00:00+00:00,20109.5,20574.5,20109.5,20505.5,45138
2019-01-16T00:00:00+00:00,20505.5,20592.5,20317.5,20492.5,31761
2019-01-17T00:00:00+00:00,20492.5,20622.5,20199.5,20512.5,41438
2019-01-18T00:00:00+00:00,20512.5,20948.5,20449.5,20933.5,36615
2019-01-21T00:00:00+00:00,20933.5,20933.5,20664.5,20746.5,15804
2019-01-22T00:00:00+00:00,20746.5,20801.5,20334.5,20434.5,40278
2019-01-23T00:00:00+00:00,20434.5,20721.5,20414.5,20547.5,41588
2019-01-24T00:00:00+00:00,20547.5,20642.5,20429.5,20580.5,40131
2019-01-25T00:00:00+00:00,20580.5,20899.5,20580.5,20811.5,30312
2019-01-28T00:00:00+00:00,20811.5,20811.5,20469.5,20590.5,29710
2019-01-29T00:00:00+00:00,20590.5,20753.5,20404.5,20637.5,32355
2019-01-30T00:00:00+00:00,20637.5,20849.5,20514.5,20805.5,31537
2019-01-31T00:00:00+00:00,20805.5,20880.5,20634.5,20832.5,35013
2019-02-01T00:00:00+00:00,20832.5,20924.5,20724.5,20820.5,34203
2019-02-04T00:00:00+00:00,20820.5,20919.5,20804.5,20899.5,22125
2019-02-05T00:00:00+00:00,20899.5,20972.5,20818.5,20942.5,17627
2019-02-06T00:00:00+00:00,20942.5,20957.5,20824.5,20884.5,19587
2019-02-07T00:00:00+00:00,20884.5,20909.5,20464.5,20562.5,34954
2019-02-08T00:00:00+00:00,20562.5,20562.5,20184.5,20324.5,29661
2019-02-11T00:00:00+00:00,20324.5,20492.5,20224.5,20469.5,22412
2019-02-12T00:00:00+00:00,20469.5,20969.5,20424.5,20934.5,20091
2019-02-13T00:00:00+00:00,20934.5,21210.5,20934.5,21118.5,20885
2019-02-14T00:00:00+00:00,21118.5,21252.5,20954.5,21009.5,35422
2019-02-15T00:00:00+00:00,21009.5,21234.5,20829.5,21233.5,31676
2019-02-18T00:00:00+00:00,21233.5,21317.5,21184.5,21251.5,13566
2019-02-19T00:00:00+00:00,21251.5,21407.5,21204.5,21327.5,20796
2019-02-20T00:00:00+00:00,21327.5,21488.5,21299.5,21414.5,25682
2019-02-21T00:00:00+00:00,21414.5,21548.5,21304.5,21367.5,30899
2019-02-22T00:00:00+00:00,21367.5,21498.5,21337.5,21432.5,21335
2019-02-25T00:00:00+00:00,21432.5,21629.5,21432.5,21573.5,20244
2019-02-26T00:00:00+00:00,21573.5,21598.5,21364.5,21517.5,21263
2019-02-27T00:00:00+00:00,21517.5,21592.5,21444.5,21552.5,17961
2019-02-28T00:00:00+00:00,21552.5,21552.5,21274.5,21480.5,22826
2019-03-01T00:00:00+00:00,21480.5,21752.5,21469.5,21747.5,17186
2019-03-04T00:00:00+00:00,21747.5,21857.5,21589.5,21676.5,26749
2019-03-05T00:00:00+00:00,21676.5,21825.5,21649.5,21685.5,26793
2019-03-06T00:00:00+00:00,21685.5,21685.5,21529.5,21530.5,22135
2019-03-07T00:00:00+00:00,21530.5,21530.5,21194.5,21261.5,28025
2019-03-08T00:00:00+00:00,21261.5,21306.5,20829.5,21076.5,28952
2019-03-11T00:00:00+00:00,21076.5,21307.5,20914.5,21307.5,20706
2019-03-12T00:00:00+00:00,21307.5,21546.5,21307.5,21396.5,18698
2019-03-13T00:00:00+00:00,21396.5,21507.5,21149.5,21459.5,20830
2019-03-14T00:00:00+00:00,21459.5,21513.5,21259.5,21340.5,22358
2019-03-15T00:00:00+00:00,21340.5,21533.5,21319.5,21507.5,20530
2019-03-18T00:00:00+00:00,21507.5,21630.5,21479.5,21579.5,12995
2019-03-19T00:00:00+00:00,21579.5,21670.5,21419.5,21564.5,15583
2019-03-20T00:00:00+00:00,21564.5,21644.5,21434.5,21444.5,19117
2019-03-21T00:00:00+00:00,21444.5,21600.5,21313.5,21595.5,19609
2019-03-22T00:00:00+00:00,21595.5,21660.5,21104.5,21163.5,38180
2019-03-25T00:00:00+00:00,21163.5,21230.5,20859.5,21121.5,40730
2019-03-26T00:00:00+00:00,21121.5,21519.5,21119.5,21449.5,27830
2019-03-27T00:00:00+00:00,21449.5,21449.5,21054.5,21173.1,42804
2019-03-28T00:00:00+00:00,21173.1,21232.14,20968.21,21219.63,76973
2019-03-29T00:00:00+00:00,21219.63,21288.97,21148.1,21264.46,59919
2019-04-01T00:00:00+00:00,21264.46,21678.88,21264.46,21631.54,59811
2019-04-02T00:00:00+00:00,21631.54,21744.94,21464.26,21509.44,37615
2019-04-03T00:00:00+00:00,21509.44,21832.81,21479.29,21773.78,56293
2019-04-04T00:00:00+00:00,21773.78,21786.62,21664.25,21776.61,52414
2019-04-05T00:00:00+00:00,21776.61,21855.5,21728.76,21854.83,40237
2019-04-08T00:00:00+00:00,21854.83,21966.51,21715.55,21798.05,44873
2019-04-09T00:00:00+00:00,21798.05,21814.31,21588.94,21623.85,42668
2019-04-10T00:00:00+00:00,21623.85,21736.79,21545.48,21661.26,42350
2019-04-11T00:00:00+00:00,21661.26,21741.47,21619.5,21716.8,45457
2019-04-12T00:00:00+00:00,21716.8,22078.5,21690.58,22059.89,50205
2019-04-15T00:00:00+00:00,22059.89,22232.5,22044.5,22143.88,29754
2019-04-16T00:00:00+00:00,22143.88,22319.5,22125.22,22239.34,40881
2019-04-17T00:00:00+00:00,22239.34,22345.5,22183.5,22251.11,47589
2019-04-18T00:00:00+00:00,22251.11,22297.66,22048.72,22264.45,55468
2019-04-19T00:00:00+00:00,22264.45,22264.45,22154.1,22176.57,7655
2019-04-22T00:00:00+00:00,22176.57,22284.03,22086.8,22269.02,33265
2019-04-23T00:00:00+00:00,22269.02,22355.89,22114.86,22350.89,38362
2019-04-24T00:00:00+00:00,22350.89,22372.48,22123.57,22169.04,48599
2019-04-25T00:00:00+00:00,22169.04,22356.44,22145.42,22185.05,51357
2019-04-26T00:00:00+00:00,22185.05,22337.5,22063.5,22332.4,59609
2019-04-29T00:00:00+00:00,22332.4,22451.5,22331.5,22402.5,24528
2019-04-30T00:00:00+00:00,22402.5,22419.42,22261.5,22409.42,23726
2019-05-01T00:00:00+00:00,22409.42,22476.5,22165.52,22178.02,20306
2019-05-02T00:00:00+00:00,22178.02,22366.5,22170.44,22296.66,43662
2019-05-03T00:00:00+00:00,22296.66,22485.5,22211.5,22473.81,25036
2019-05-06T00:00:00+00:00,22473.81,22473.81,21916.5,22206.5,39988
2019-05-07T00:00:00+00:00,22206.5,22206.5,21504.5,21646.5,44852
2019-05-08T00:00:00+00:00,21646.5,21659.5,21414.97,21504.99,74109
2019-05-09T00:00:00+00:00,21504.99,21547.37,21063.81,21311.95,113582
2019-05-10T00:00:00+00:00,21311.95,21582.5,21066.39,21486.83,151173
2019-05-13T00:00:00+00:00,21486.83,21486.83,20764.5,20797.06,121476
2019-05-14T00:00:00+00:00,20797.06,21181.5,20749.5,21146.04,82520
2019-05-15T00:00:00+00:00,21146.04,21194.17,20879.5,21186.67,90869
2019-05-16T00:00:00+00:00,21186.67,21340.56,20944.68,21251.04,84556
2019-05-17T00:00:00+00:00,21251.04,21391.46,21139.54,21223.05,112367
2019-05-20T00:00:00+00:00,21223.05,21434.5,21049.5,21159.71,108330
2019-05-21T00:00:00+00:00,21159.71,21383.66,21151.17,21366.15,68047
2019-05-22T00:00:00+00:00,21366.15,21403.76,21186.03,21215.94,69203
2019-05-23T00:00:00+00:00,21215.94,21215.94,20811.5,20871.49,102682
2019-05-24T00:00:00+00:00,20871.49,21190.5,20822.5,21124.46,72972
2019-05-27T00:00:00+00:00,21124.46,21259.11,21104.82,21208.5,36893
2019-05-28T00:00:00+00:00,21208.5,21294.2,20984.95,20999.95,78781
2019-05-29T00:00:00+00:00,20999.95,21062.25,20724.5,20888.77,103054
2019-05-30T00:00:00+00:00,20888.77,20988.5,20802.31,20950.38,75825
2019-05-31T00:00:00+00:00,20950.38,20959.5,20379.5,20424.53,109964
2019-06-03T00:00:00+00:00,20424.53,20530.5,20294.5,20474.49,112589
2019-06-04T00:00:00+00:00,20474.49,20732.5,20284.5,20727.71,81619
2019-06-05T00:00:00+00:00,20727.71,20871.5,20639.5,20786.77,82714
2019-06-06T00:00:00+00:00,20786.77,20914.5,20688.5,20841.88,72169
2019-06-07T00:00:00+00:00,20841.88,21057.5,20814.5,21033.88,60913
2019-06-10T00:00:00+00:00,21033.88,21244.5,21033.88,21121.37,53818
2019-06-11T00:00:00+00:00,21121.37,21328.5,21069.5,21176.24,62313
2019-06-12T00:00:00+00:00,21176.24,21259.39,21022.16,21044.67,56988
2019-06-13T00:00:00+00:00,21044.67,21130.5,20929.5,21060.52,78833
2019-06-14T00:00:00+00:00,21060.52,21115.5,20974.5,21041.79,61298
2019-06-17T00:00:00+00:00,21041.79,21187.83,21039.5,21137.78,40434
2019-06-18T00:00:00+00:00,21137.78,21261.77,20901.34,21256.77,72823
2019-06-19T00:00:00+00:00,21256.77,21373.99,21253.9,21341.45,59191
2019-06-20T00:00:00+00:00,21341.45,21631.72,21341.45,21498.29,68550
2019-06-21T00:00:00+00:00,21498.29,21517.01,21212.5,21236.06,75864
2019-06-24T00:00:00+00:00,21236.06,21332.4,21181.86,21227.24,47090
2019-06-25T00:00:00+00:00,21227.24,21312.11,21077.49,21104.99,62142
2019-06-26T00:00:00+00:00,21104.99,21257.5,21029.88,21114.78,54809
2019-06-27T00:00:00+00:00,21114.78,21333.85,21099.5,21239.6,60843
2019-06-28T00:00:00+00:00,21239.6,21338.44,21188.67,21338.44,42732
2019-07-01T00:00:00+00:00,21338.44,21847.55,21338.44,21710.71,60013
2019-07-02T00:00:00+00:00,21710.71,21789.08,21629.5,21717.33,46964
2019-07-03T00:00:00+00:00,21717.33,21728.5,21562.4,21728.5,40775
2019-07-04T00:00:00+00:00,21728.5,21753.5,21670.4,21693.5,21041
2019-07-05T00:00:00+00:00,21693.5,21737.5,21589.5,21679.08,51854
2019-07-08T00:00:00+00:00,21679.08,21717.5,21495.99,21608.41,45761
2019-07-09T00:00:00+00:00,21608.41,21687.5,21479.5,21531.82,38295
2019-07-10T00:00:00+00:00,21531.82,21644.5,21489.5,21552.97,52616
2019-07-11T00:00:00+00:00,21552.97,21659.5,21534.5,21629.48,49486
2019-07-12T00:00:00+00:00,21629.48,21713.5,21584.5,21601.96,39142
2019-07-15T00:00:00+00:00,21601.96,21707.5,21534.5,21609.6,18756
2019-07-16T00:00:00+00:00,21609.6,21652.5,21464.5,21488.77,39074
2019-07-17T00:00:00+00:00,21488.77,21492.5,21309.81,21312.31,38370
2019-07-18T00:00:00+00:00,21312.31,21346.29,20990.98,21189.48,54974
2019-07-19T00:00:00+00:00,21189.48,21476.5,21116.37,21294.43,68351
2019-07-22T00:00:00+00:00,21294.43,21446.5,21294.43,21426.08,54074
2019-07-23T00:00:00+00:00,21426.08,21724.5,21399.5,21699.48,49568
2019-07-24T00:00:00+00:00,21699.48,21774.5,21627.13,21756.48,45228
2019-07-25T00:00:00+00:00,21756.48,21824.5,21613.84,21618.84,55788
2019-07-26T00:00:00+00:00,21618.84,21705,21586.59,21673.46,39494
2019-07-29T00:00:00+00:00,21673.46,21673.46,21514.5,21652.94,37068
2019-07-30T00:00:00+00:00,21652.94,21793.5,21477.53,21524.76,58033
2019-07-31T00:00:00+00:00,21524.76,21591.32,21267.7,21352.73,77027
2019-08-01T00:00:00+00:00,21352.73,21592.5,21034.77,21034.77,122644
2019-08-02T00:00:00+00:00,21034.77,21173.5,20779.5,20902.51,142559
2019-08-05T00:00:00+00:00,20902.51,20939.5,20191.01,20206.02,161680
2019-08-06T00:00:00+00:00,20206.02,20669.5,19986.72,20648.5,108174
2019-08-07T00:00:00+00:00,20648.5,20666.5,20234.5,20622.5,72651
2019-08-08T00:00:00+00:00,20622.5,20806.5,20449.5,20791.5,42908
2019-08-09T00:00:00+00:00,20791.5,20791.5,20374.5,20501.5,40564
2019-08-12T00:00:00+00:00,20501.5,20596.5,20229.5,20281.5,38277
2019-08-13T00:00:00+00:00,20281.5,20772.5,20224.5,20741.5,48093
2019-08-14T00:00:00+00:00,20741.5,20781.5,20109.5,20137.5,51923
2019-08-15T00:00:00+00:00,20137.5,20512.5,20094.5,20332.5,73454
2019-08-16T00:00:00+00:00,20332.5,20605.5,20289.5,20584.5,32954
2019-08-19T00:00:00+00:00,20584.5,20689.5,20489.5,20649.5,21986
2019-08-20T00:00:00+00:00,20649.5,20674.5,20474.5,20494.5,25699
2019-08-21T00:00:00+00:00,20494.5,20734.5,20469.5,20697.5,18465
2019-08-22T00:00:00+00:00,20697.5,20754.5,20539.5,20609.5,25302
2019-08-23T00:00:00+00:00,20609.5,20734.5,20139.5,20199.5,48943
2019-08-26T00:00:00+00:00,20199.5,20610.5,19984.5,20550.5,59905
2019-08-27T00:00:00+00:00,20550.5,20574.5,20379.5,20425.5,33892
2019-08-28T00:00:00+00:00,20425.5,20530.5,20324.5,20529.5,29411
2019-08-29T00:00:00+00:00,20529.5,20719.5,20349.5,20699.5,24446
2019-08-30T00:00:00+00:00,20699.5,20784.5,20614.5,20654.5,19716
2019-09-02T00:00:00+00:00,20654.5,20659.5,20509.5,20549.5,12548
2019-09-03T00:00:00+00:00,20549.5,20669.5,20509.5,20589.5,30297
2019-09-04T00:00:00+00:00,20589.5,20809.5,20544.5,20809.5,16139
2019-09-05T00:00:00+00:00,20809.5,21259.5,20774.5,21149.5,24332
2019-09-06T00:00:00+00:00,21149.5,21237.5,21124.5,21214.5,21104
2019-09-09T00:00:00+00:00,21214.5,21371.5,21174.5,21343.5,14976
2019-09-10T00:00:00+00:00,21343.5,21452.5,21284.5,21447.5,22784
2019-09-11T00:00:00+00:00,21447.5,21657.5,21434.5,21657.5,20489
2019-09-12T00:00:00+00:00,21657.5,21872.5,21657.5,21837.5,33177
2019-09-13T00:00:00+00:00,21837.5,22093.5,21814.5,22044.5,20523
2019-09-16T00:00:00+00:00,22044.5,22044.5,21789.5,21918.5,18308
2019-09-17T00:00:00+00:00,21918.5,22033.5,21869.5,22023.5,22572
2019-09-18T00:00:00+00:00,22023.5,22086.5,21919.5,22083.5,18031
2019-09-19T00:00:00+00:00,22083.5,22258.5,21994.5,22123.5,28855
2019-09-20T00:00:00+00:00,22123.5,22198.5,21949.5,21968.5,25492
2019-09-23T00:00:00+00:00,21968.5,22117.5,21844.5,21946.5,16102
2019-09-24T00:00:00+00:00,21946.5,22156.5,21814.5,21870.5,32159
2019-09-25T00:00:00+00:00,21870.5,22060.5,21814.5,22045.5,30915
2019-09-26T00:00:00+00:00,22045.5,22170.5,21974.5,22126.5,26111
2019-09-27T00:00:00+00:00,22126.5,22126.5,21669.5,21706.5,34918
2019-09-30T00:00:00+00:00,21706.5,21863.5,21649.5,21863.5,24995
2019-10-01T00:00:00+00:00,21863.5,22021.5,21649.5,21674.5,28777
2019-10-02T00:00:00+00:00,21674.5,21780.5,21274.5,21339.5,37861
2019-10-03T00:00:00+00:00,21339.5,21455.5,21039.5,21357.5,42636
2019-10-04T00:00:00+00:00,21357.5,21542.5,21259.5,21532.5,28476
2019-10-07T00:00:00+00:00,21532.5,21601.5,21319.5,21481.5,26806
2019-10-08T00:00:00+00:00,21481.5,21626.5,21319.5,21336.5,38723
2019-10-09T00:00:00+00:00,21336.5,21608.5,21314.5,21571.5,27858
2019-10-10T00:00:00+00:00,21571.5,21736.5,21299.5,21676.5,42181
2019-10-11T00:00:00+00:00,21676.5,22240.5,21664.5,22035.5,35070
2019-10-14T00:00:00+00:00,22035.5,22108.5,21874.5,21987.5,20080
2019-10-15T00:00:00+00:00,21987.5,22559.5,21987.5,22525.5,22780
2019-10-16T00:00:00+00:00,22525.5,22610.5,22419.5,22515.5,25037
2019-10-17T00:00:00+00:00,22515.5,22686.5,22414.5,22518.5,21546
2019-10-18T00:00:00+00:00,22518.5,22646.5,22399.5,22484.5,21930
2019-10-21T00:00:00+00:00,22484.5,22690.5,22439.5,22685.5,14399
2019-10-22T00:00:00+00:00,22685.5,22799.5,22614.5,22681.5,15359
2019-10-23T00:00:00+00:00,22681.5,22795.5,22474.5,22795.5,19768
2019-10-24T00:00:00+00:00,22795.5,22864.5,22724.5,22811.5,16996
2019-10-25T00:00:00+00:00,22811.5,22846.5,22704.5,22821.5,13354
2019-10-28T00:00:00+00:00,22821.5,22973.5,22814.5,22958.5,12232
2019-10-29T00:00:00+00:00,22958.5,22988.5,22884.5,22918.5,13683
2019-10-30T00:00:00+00:00,22918.5,22938.5,22744.5,22923.5,18359
2019-10-31T00:00:00+00:00,22923.5,22978.5,22644.5,22712.5,24361
2019-11-01T00:00:00+00:00,22712.5,22982.5,22679.5,22937.5,19610
2019-11-04T00:00:00+00:00,22937.5,23173.5,22937.5,23128.5,9950
2019-11-05T00:00:00+00:00,23128.5,23374.5,23128.5,23329.5,18343
2019-11-06T00:00:00+00:00,23329.5,23368.5,23239.5,23303.5,15478
2019-11-07T00:00:00+00:00,23303.5,23642.5,23244.5,23532.5,21047
2019-11-08T00:00:00+00:00,23532.5,23592.5,23294.5,23467.5,24236
2019-11-11T00:00:00+00:00,23467.5,23467.5,23214.5,23367.5,14195
2019-11-12T00:00:00+00:00,23367.5,23572.5,23299.5,23462.5,17101
2019-11-13T00:00:00+00:00,23462.5,23462.5,23154.5,23327.5,21870
2019-11-14T00:00:00+00:00,23327.5,23357.5,22999.5,23147.5,26334
2019-11-15T00:00:00+00:00,23147.5,23392.5,23109.5,23362.5,19177
2019-11-18T00:00:00+00:00,23362.5,23487.5,23259.5,23392.5,18773
2019-11-19T00:00:00+00:00,23392.5,23426.5,23199.5,23236.5,18681
2019-11-20T00:00:00+00:00,23236.5,23291.5,23004.5,23126.5,29251
2019-11-21T00:00:00+00:00,23126.5,23151.5,22714.5,23071.5,33961
2019-11-22T00:00:00+00:00,23071.5,23201.5,23019.5,23156.5,21282
2019-11-25T00:00:00+00:00,23156.5,23426.5,23156.5,23419.5,10731
2019-11-26T00:00:00+00:00,23419.5,23611.5,23304.5,23436.5,17650
2019-11-27T00:00:00+00:00,23436.5,23586.5,23409.5,23581.5,11006
2019-11-28T00:00:00+00:00,23581.5,23581.5,23364.5,23471.5,8172
2019-11-29T00:00:00+00:00,23471.5,23486.5,23269.5,23326.5,11893
2019-12-02T00:00:00+00:00,23326.5,23585.5,23059.5,23205.5,29164
2019-12-03T00:00:00+00:00,23205.5,23380.5,22889.5,23125.5,37227
2019-12-04T00:00:00+00:00,23125.5,23370.5,22959.5,23335.5,31619
2019-12-05T00:00:00+00:00,23335.5,23435.5,23239.5,23320.5,26943
2019-12-06T00:00:00+00:00,23320.5,23550.5,23309.5,23520.5,18224
2019-12-09T00:00:00+00:00,23520.5,23535.5,23344.5,23360.5,13023
2019-12-10T00:00:00+00:00,23360.5,23474.5,23254.5,23439.5,29508
2019-12-11T00:00:00+00:00,23439.5,23459.5,23314.5,23435.5,20017
2019-12-12T00:00:00+00:00,23435.5,23784.5,23359.5,23764.5,80302
2019-12-13T00:00:00+00:00,23764.5,24098.5,23764.5,23963.5,57206
2019-12-16T00:00:00+00:00,23963.5,24168.5,23939.5,24133.5,18435
2019-12-17T00:00:00+00:00,24133.5,24133.5,23984.5,24058.5,16062
2019-12-18T00:00:00+00:00,24058.5,24058.5,23859.5,23933.5,14230
2019-12-19T00:00:00+00:00,23933.5,23937.5,23789.5,23847.5,13975
2019-12-20T00:00:00+00:00,23847.5,23900.5,23734.5,23867.5,16472
2019-12-23T00:00:00+00:00,23867.5,23907.5,23784.5,23862.5,9135
2019-12-24T00:00:00+00:00,23862.5,23862.5,23784.5,23822.5,4271
2019-12-26T00:00:00+00:00,23822.5,23989.5,23822.5,23987.5,3815
2019-12-27T00:00:00+00:00,23987.5,23987.5,23759.5,23788.5,13580
2019-12-30T00:00:00+00:00,23788.5,23788.5,23399.5,23418.5,27828
2019-12-31T00:00:00+00:00,23418.5,23443.5,23299.5,23423.5,10089
2020-01-02T00:00:00+00:00,23423.5,23783.5,23423.5,23708.5,12191
2020-01-03T00:00:00+00:00,23708.5,23708.5,23154.5,23308.5,36581
2020-01-06T00:00:00+00:00,23308.5,23363.5,23044.5,23338.5,34496
2020-01-07T00:00:00+00:00,23338.5,23568.5,23279.5,23368.5,29167
2020-01-08T00:00:00+00:00,23368.5,23602.5,22929.5,23537.5,56543
2020-01-09T00:00:00+00:00,23537.5,23797.5,23534.5,23772.5,20409
2020-01-10T00:00:00+00:00,23772.5,23897.5,23654.5,23697.5,18732
2020-01-13T00:00:00+00:00,23697.5,23961.5,23697.5,23957.5,13581
2020-01-14T00:00:00+00:00,23957.5,24047.5,23854.5,24002.5,24447
2020-01-15T00:00:00+00:00,24002.5,24002.5,23864.5,23952.5,19688
2020-01-16T00:00:00+00:00,23952.5,24082.5,23894.5,24072.5,14848
2020-01-17T00:00:00+00:00,24072.5,24117.5,24004.5,24052.5,11749
2020-01-20T00:00:00+00:00,24052.5,24101.5,24024.5,24056.5,4923
2020-01-21T00:00:00+00:00,24056.5,24056.5,23764.5,23768.5,30165
2020-01-22T00:00:00+00:00,23768.5,24038.5,23768.5,23853.5,22070
2020-01-23T00:00:00+00:00,23853.5,23902.5,23619.5,23812.5,32545
2020-01-24T00:00:00+00:00,23812.5,23907.5,23559.5,23647.5,37354
2020-01-27T00:00:00+00:00,23647.5,23647.5,23044.5,23047.5,46562
2020-01-28T00:00:00+00:00,23047.5,23367.5,23004.5,23347.5,38055
2020-01-29T00:00:00+00:00,23347.5,23407.5,23199.5,23247.5,32413
2020-01-30T00:00:00+00:00,23247.5,23301.5,22829.5,23211.5,59415
2020-01-31T00:00:00+00:00,23211.5,23411.5,22624.5,22726.5,63780
2020-02-03T00:00:00+00:00,22726.5,23026.5,22726.5,22876.5,57559
2020-02-04T00:00:00+00:00,22876.5,23410.5,22834.5,23380.5,39462
2020-02-05T00:00:00+00:00,23380.5,23710.5,23219.5,23695.5,51986
2020-02-06T00:00:00+00:00,23695.5,23990.5,23639.5,23960.5,42862
2020-02-07T00:00:00+00:00,23960.5,23965.5,23669.5,23680.5,44081
2020-02-10T00:00:00+00:00,23680.5,23810.5,23564.5,23695.5,36558
2020-02-11T00:00:00+00:00,23695.5,24025.5,23684.5,23895.5,21984
2020-02-12T00:00:00+00:00,23895.5,23985.5,23719.5,23955.5,27558
2020-02-13T00:00:00+00:00,23955.5,23955.5,23569.5,23725.5,41659
2020-02-14T00:00:00+00:00,23725.5,23775.5,23479.5,23545.5,26809
2020-02-17T00:00:00+00:00,23545.5,23570.5,23329.5,23510.5,13282
2020-02-18T00:00:00+00:00,23510.5,23510.5,23094.5,23205.5,32065
2020-02-19T00:00:00+00:00,23205.5,23675.5,23205.5,23590.5,27822
2020-02-20T00:00:00+00:00,23590.5,23799.5,23329.5,23534.5,53058
2020-02-21T00:00:00+00:00,23534.5,23579.5,23099.5,23204.5,48938
2020-02-24T00:00:00+00:00,23204.5,23204.5,22079.5,22184.5,67303
2020-02-25T00:00:00+00:00,22184.5,22739.5,21899.5,22079.5,105304
2020-02-26T00:00:00+00:00,22079.5,22510.5,21999.5,22214.5,127230
2020-02-27T00:00:00+00:00,22214.5,22263.5,21204.5,21214.5,140433
2020-02-28T00:00:00+00:00,21214.5,21449.5,20454.5,21084.5,199137
2020-03-02T00:00:00+00:00,21084.5,21669.5,20774.5,21514.5,174872
2020-03-03T00:00:00+00:00,21514.5,21824.5,20749.5,20935.5,175542
2020-03-04T00:00:00+00:00,20935.5,21505.5,20935.5,21460.5,117927
2020-03-05T00:00:00+00:00,21460.5,21484.5,20809.5,20865.5,110971
2020-03-06T00:00:00+00:00,20865.5,21134.5,20279.5,20495.5,152723
2020-03-09T00:00:00+00:00,20495.5,20495.5,18574.5,18945.5,214848
2020-03-10T00:00:00+00:00,18945.5,20265.5,18945.5,20050.5,226379
2020-03-11T00:00:00+00:00,20050.5,20050.5,18999.5,19239.5,184665
2020-03-12T00:00:00+00:00,19239.5,19375.5,16909.5,17119.5,282069
2020-03-13T00:00:00+00:00,17119.5,18497.5,16739.5,18194.5,275205
2020-03-16T00:00:00+00:00,18194.5,18194.5,16318.42,16718.17,306121
2020-03-17T00:00:00+00:00,16718.17,17818.2,16659.05,17574.8,391183
2020-03-18T00:00:00+00:00,17574.8,17584.5,16457.870000000003,16989.73,267576
2020-03-19T00:00:00+00:00,16989.73,18063.22,16522.75,17717.39,361157
2020-03-20T00:00:00+00:00,17717.39,18475,17425,17630,60055
2020-03-23T00:00:00+00:00,17630,18464.27,16461.39,18037.21,372979
2020-03-24T00:00:00+00:00,18037.21,19504.5,17986,19469.5,209615
2020-03-25T00:00:00+00:00,19469.5,19735,18815,19389.5,98977
2020-03-26T00:00:00+00:00,19389.5,19434.33,18579.5,19400,235788
2020-03-27T00:00:00+00:00,19400,19487.67,18754.5,18785,220192
2020-03-30T00:00:00+00:00,18785,19256,18624.5,19249.5,157626
2020-03-31T00:00:00+00:00,19249.5,19565,18661.71,18774.5,246564
2020-04-01T00:00:00+00:00,18774.5,18884.46,17694,17724.33,222384
2020-04-02T00:00:00+00:00,17724.33,18244,17634.5,18192.67,303664
2020-04-03T00:00:00+00:00,18192.67,18241,17669.5,17774.5,244597
2020-04-06T00:00:00+00:00,17774.5,19040.71,17749.5,18988,356084
2020-04-07T00:00:00+00:00,18988,19935.44,18586.91,19040.5,508371
2020-04-08T00:00:00+00:00,19040.5,19503.78,18767.67,19207.67,538434
2020-04-09T00:00:00+00:00,19207.67,19674.46,19194.5,19514.75,556295
2020-04-13T00:00:00+00:00,19514.75,19514.75,18986.77,19136.95,315112
2020-04-14T00:00:00+00:00,19136.95,19739.57,19119.5,19538.5,403762
2020-04-15T00:00:00+00:00,19538.5,19641.19,19179.57,19315,447022
2020-04-16T00:00:00+00:00,19315,19380.41,19001.77,19218.5,378453
2020-04-17T00:00:00+00:00,19218.5,19915,19218.5,19603.73,334850
2020-04-20T00:00:00+00:00,19603.73,19765,19291.42,19305.29,392293
2020-04-21T00:00:00+00:00,19305.29,19513.5,18961.59,19028.35,528060
2020-04-22T00:00:00+00:00,19028.35,19320,18820.44,19253.78,372822
2020-04-23T00:00:00+00:00,19253.78,19636.22,19177.25,19339,389437
2020-04-24T00:00:00+00:00,19339,19442,19122.67,19405.67,331271
2020-04-27T00:00:00+00:00,19405.67,19805.44,19342,19764.18,236951
2020-04-28T00:00:00+00:00,19764.18,20111.26,19587.25,19936.36,295821
2020-04-29T00:00:00+00:00,19936.36,20473.62,19872.43,20364.33,178781
2020-04-30T00:00:00+00:00,20364.33,20364.33,19771.53,19943.96,444669
2020-05-01T00:00:00+00:00,19943.96,19943.96,19389.75,19452.11,275921
2020-05-04T00:00:00+00:00,19452.11,19452.11,19002.15,19342.25,258800
2020-05-05T00:00:00+00:00,19342.25,19686.71,19315.64,19486.63,251474
2020-05-06T00:00:00+00:00,19486.63,19692.67,19299.5,19304.33,261922
2020-05-07T00:00:00+00:00,19304.33,19782.3,19252.67,19721.45,345554
2020-05-08T00:00:00+00:00,19721.45,20160.44,19721.45,20157.5,293436
2020-05-11T00:00:00+00:00,20157.5,20556.08,20157.5,20446.36,343807
2020-05-12T00:00:00+00:00,20446.36,20451.63,20081.37,20086.56,381860
2020-05-13T00:00:00+00:00,20086.56,20355.19,19977.88,20103.5,581983
2020-05-14T00:00:00+00:00,20103.5,20164.75,19542.04,20003.64,624789
2020-05-15T00:00:00+00:00,20003.64,20116.33,19756.53,19954.85,535329
2020-05-18T00:00:00+00:00,19954.85,20615.55,19926.31,20579.33,367201
2020-05-19T00:00:00+00:00,20579.33,20621.36,20296.31,20320.75,474138
2020-05-20T00:00:00+00:00,20320.75,20741.32,20320.75,20653.11,376299
2020-05-21T00:00:00+00:00,20653.11,20665.62,20376.45,20388,397002
2020-05-22T00:00:00+00:00,20388,20537.76,20156.29,20474.13,404389
2020-05-25T00:00:00+00:00,20474.13,20907.67,20474.13,20864.5,151427
2020-05-26T00:00:00+00:00,20864.5,21281.74,20848.14,21197.19,347808
2020-05-27T00:00:00+00:00,21197.19,21642.52,21059.2,21561.83,529474
2020-05-28T00:00:00+00:00,21561.83,22021.91,21495.62,21830.38,599113
2020-05-29T00:00:00+00:00,21830.38,21876.15,21576.91,21870.71,665392
2020-06-01T00:00:00+00:00,21870.71,22156.14,21699.5,22144.56,443892
2020-06-02T00:00:00+00:00,22144.56,22621.12,22028.27,22567.03,398362
2020-06-03T00:00:00+00:00,22567.03,22871.71,22381.42,22831.45,479305
2020-06-04T00:00:00+00:00,22831.45,22909.33,22412.07,22641.63,562730
2020-06-05T00:00:00+00:00,22641.63,23221.39,22476.28,23049.61,589086
2020-06-08T00:00:00+00:00,23049.61,23191.71,22878.9,23128.5,451894
2020-06-09T00:00:00+00:00,23128.5,23137.54,22618.5,22802.67,586247
2020-06-10T00:00:00+00:00,22802.67,23090.77,22656.56,22775.09,555427
2020-06-11T00:00:00+00:00,22775.09,22904.13,21583.26,21670,795709
2020-06-12T00:00:00+00:00,21670,22480,21670,22205,73578
2020-06-15T00:00:00+00:00,22205,22274.13,21394.5,21995.55,757827
2020-06-16T00:00:00+00:00,21995.55,22667.96,21995.55,22437.25,741721
2020-06-17T00:00:00+00:00,22437.25,22838.24,22309.89,22581.63,535992
2020-06-18T00:00:00+00:00,22581.63,22636,22209.53,22496.63,523146
2020-06-19T00:00:00+00:00,22496.63,22845.32,22463.55,22469.07,481708
2020-06-22T00:00:00+00:00,22469.07,22747.43,22374.93,22742.43,35007
2020-06-23T00:00:00+00:00,22742.43,22948.02,22363.02,22690.52,48019
2020-06-24T00:00:00+00:00,22690.52,22785.68,22218.18,22410.68,47749
2020-06-25T00:00:00+00:00,22410.68,22664.17,22189.17,22626.67,48874
2020-06-26T00:00:00+00:00,22626.67,22704.31,22366.81,22421.81,37836
2020-06-29T00:00:00+00:00,22421.81,22542.12,22102.12,22504.62,38517
2020-06-30T00:00:00+00:00,22504.62,22589.62,22286.59,22424.09,32086
2020-07-01T00:00:00+00:00,22424.09,22509.31,22086.81,22319.31,29587
2020-07-02T00:00:00+00:00,22319.31,22561.68,22176.68,22446.68,30104
2020-07-03T00:00:00+00:00,22446.68,22484.75,22247.25,22323.25,14054
2020-07-06T00:00:00+00:00,22323.25,22877.07,22323.25,22772.07,23233
2020-07-07T00:00:00+00:00,22772.07,22834.81,22527.31,22542.31,26574
2020-07-08T00:00:00+00:00,22542.31,22762.15,22443.45,22618.45,23546
2020-07-09T00:00:00+00:00,22618.45,22788.6,22384.45,22506.95,33236
2020-07-10T00:00:00+00:00,22506.95,22727.07,22344.56,22722.07,30527
2020-07-13T00:00:00+00:00,22722.07,22967.83,22620.33,22655.33,28303
2020-07-14T00:00:00+00:00,22655.33,22847.63,22597.68,22820.55,45279
2020-07-15T00:00:00+00:00,22820.55,23132.84,22820.55,23010.89,32538
2020-07-16T00:00:00+00:00,23010.89,23050.51,22765.13,22853.1,29415
2020-07-17T00:00:00+00:00,22853.1,22953.02,22722.45,22790.21,18692
2020-07-20T00:00:00+00:00,22790.21,22923.05,22667.96,22903.05,21691
2020-07-21T00:00:00+00:00,22903.05,23042.96,22812.82,22832.82,21427
2020-07-22T00:00:00+00:00,22832.82,22947.57,22740.26,22867.83,22269
2020-07-23T00:00:00+00:00,22867.83,23000.31,22578.15,22645.65,20854
2020-07-24T00:00:00+00:00,22645.65,22732.78,22362.76,22447.76,23127
2020-07-27T00:00:00+00:00,22447.76,22827.74,22428.63,22775.12,22618
2020-07-28T00:00:00+00:00,22775.12,22925.12,22592.64,22622.34,22676
2020-07-29T00:00:00+00:00,22622.34,22654.77,22447.23,22635.1,17327
2020-07-30T00:00:00+00:00,22635.1,22637.42,22051.12,22333.83,31005
2020-07-31T00:00:00+00:00,22333.83,22424.02,21786.46,22025.95,42330
2020-08-03T00:00:00+00:00,22025.95,22500.9,21973.44,22488.4,24985
2020-08-04T00:00:00+00:00,22488.4,22741.2,22463.58,22598.35,24597
2020-08-05T00:00:00+00:00,22598.35,22723.25,22440.86,22565.8,22796
2020-08-06T00:00:00+00:00,22565.8,22673.16,22355.66,22510.8,27816
2020-08-07T00:00:00+00:00,22510.8,22535.8,22288.18,22530.8,27963
2020-08-10T00:00:00+00:00,22530.8,22620.48,22425.48,22595.48,10715
2020-08-11T00:00:00+00:00,22595.48,23046.01,22552.96,22780.97,27040
2020-08-12T00:00:00+00:00,22780.97,23341.55,22750.97,23286.55,26335
2020-08-13T00:00:00+00:00,23286.55,23398.18,23223.99,23288.02,22260
2020-08-14T00:00:00+00:00,23288.02,23438.11,23143.14,23233.21,21577
2020-08-17T00:00:00+00:00,23233.21,23337.25,23143.76,23242.97,187010
2020-08-18T00:00:00+00:00,23242.97,23252.32,23021.01,23156.91,179094
2020-08-19T00:00:00+00:00,23156.91,23289.79,23042.93,23203.74,177207
2020-08-20T00:00:00+00:00,23203.74,23203.74,22927.25,23063.49,203276
2020-08-21T00:00:00+00:00,23063.49,23223.72,22794.16,22985.14,231599
2020-08-24T00:00:00+00:00,22985.14,23262.58,22932.16,23259.25,172694
2020-08-25T00:00:00+00:00,23259.25,23515.91,23234.35,23388.75,183574
2020-08-26T00:00:00+00:00,23388.75,23428.39,23239.79,23374.27,159296
2020-08-27T00:00:00+00:00,23374.27,23434.09,23223.54,23302.92,241118
2020-08-28T00:00:00+00:00,23302.92,23464.09,22635.82,23011.86,310413
2020-08-31T00:00:00+00:00,23011.86,23449.56,23011.86,23179.03,296115
2020-09-01T00:00:00+00:00,23179.03,23287.81,23081.07,23269.15,339718
2020-09-02T00:00:00+00:00,23269.15,23582.23,23235.96,23576.11,354399
2020-09-03T00:00:00+00:00,23576.11,23705.98,23044.84,23162.73,780132
2020-09-04T00:00:00+00:00,23162.73,23391.35,22901.54,23246.87,57975
2020-09-07T00:00:00+00:00,23246.87,23291.62,23105.61,23259.6,285742
2020-09-08T00:00:00+00:00,23259.6,23382.12,22991.38,23100.78,42145
2020-09-09T00:00:00+00:00,23100.78,23310.69,22950.91,23257.03,34969
2020-09-10T00:00:00+00:00,23257.03,23401.15,23178.8,23214.23,33785
2020-09-11T00:00:00+00:00,23214.23,23544.7,23214.23,23471.46,30484
2020-09-14T00:00:00+00:00,23471.46,23729.54,23471.46,23579.78,17794
2020-09-15T00:00:00+00:00,23579.78,23640.07,23473.65,23604.62,15521
2020-09-16T00:00:00+00:00,23604.62,23640.31,23512.51,23575.79,15258
2020-09-17T00:00:00+00:00,23575.79,23595.15,23336.12,23477.65,24845
2020-09-18T00:00:00+00:00,23477.65,23528.07,23302.21,23367.88,20757
2020-09-21T00:00:00+00:00,23367.88,23503.75,22731.79,23075.56,24743
2020-09-22T00:00:00+00:00,23075.56,23197.24,22837.5,23156.12,19733
2020-09-23T00:00:00+00:00,23156.12,23518.08,23149.3,23342.01,25877
2020-09-24T00:00:00+00:00,23342.01,23364.95,23129.49,23286.42,34031
2020-09-25T00:00:00+00:00,23286.42,23431.86,23106.81,23426.12,25832
2020-09-28T00:00:00+00:00,23426.12,23647.19,23415.48,23646.47,16239
2020-09-29T00:00:00+00:00,23646.47,23722.24,23453.02,23568.48,18639
2020-09-30T00:00:00+00:00,23568.48,23633.23,23240.2,23383.14,28902
2020-10-01T00:00:00+00:00,23383.14,23479.23,23329.22,23449.91,20131
2020-10-02T00:00:00+00:00,23449.91,23458.66,23056.86,23288.67,31493
2020-10-05T00:00:00+00:00,23288.67,23529.4,23288.67,23518.17,18484
2020-10-06T00:00:00+00:00,23518.17,23544.59,23328.72,23387.68,23931
2020-10-07T00:00:00+00:00,23387.68,23613.44,23340.77,23608.27,20022
2020-10-08T00:00:00+00:00,23608.27,23802.98,23572.3,23731.64,18670
2020-10-09T00:00:00+00:00,23731.64,23837.6,23650.9,23672.21,15666
2020-10-12T00:00:00+00:00,23672.21,23743.73,23591.46,23713.68,15618
2020-10-13T00:00:00+00:00,23713.68,23747.02,23573.24,23613.3,17449
2020-10-14T00:00:00+00:00,23613.3,23743.61,23603.37,23645.49,17396
2020-10-15T00:00:00+00:00,23645.49,23670.43,23453.36,23594.25,20067
2020-10-16T00:00:00+00:00,23594.25,23651.37,23467.53,23608.2,17199
2020-10-19T00:00:00+00:00,23608.2,23814.01,23583.41,23595.07,16505
2020-10-20T00:00:00+00:00,23595.07,23753.15,23595.07,23682.73,19589
2020-10-21T00:00:00+00:00,23682.73,23773.66,23608.41,23644.22,21113
2020-10-22T00:00:00+00:00,23644.22,23689.4,23498.83,23672.47,19078
2020-10-23T00:00:00+00:00,23672.47,23674.64,23542.7,23639.4,15888
2020-10-26T00:00:00+00:00,23639.4,23645.85,23441.09,23493.47,19403
2020-10-27T00:00:00+00:00,23493.47,23606.53,23316.53,23490.53,17842
2020-10-28T00:00:00+00:00,23490.53,23525.39,23145.39,23155.4,25356
2020-10-29T00:00:00+00:00,23155.4,23476.72,23155.4,23375.72,27030
2020-10-30T00:00:00+00:00,23375.72,23385.51,22956.51,23246.51,30577
2020-11-02T00:00:00+00:00,23246.51,23530.64,23171.64,23495.65,25289
2020-11-03T00:00:00+00:00,23495.65,24001.45,23495.65,23901.45,13952
2020-11-04T00:00:00+00:00,23901.45,24151.39,23576.39,24040.4,49854
2020-11-05T00:00:00+00:00,24040.4,24456.4,23941.4,24350.4,31391
2020-11-06T00:00:00+00:00,24350.4,24541.9,24160.9,24410.9,26454
2020-11-09T00:00:00+00:00,24410.9,25979.58,24410.9,25549.58,49454
2020-11-10T00:00:00+00:00,25549.58,25549.58,24910.6,25364.6,43102
2020-11-11T00:00:00+00:00,25364.6,25790.73,25231.73,25673.23,29119
2020-11-12T00:00:00+00:00,25673.23,25675.3,25305.3,25431.3,26458
2020-11-13T00:00:00+00:00,25431.3,25755.25,25295.25,25705.25,24422
2020-11-16T00:00:00+00:00,25705.25,26295.05,25705.25,26257.55,28351
2020-11-17T00:00:00+00:00,26257.55,26257.55,25940,26062.5,20712
2020-11-18T00:00:00+00:00,26062.5,26062.5,25699.94,25704.94,20783
2020-11-19T00:00:00+00:00,25704.94,25734.59,25484.59,25655.59,22268
2020-11-20T00:00:00+00:00,25655.59,25839.63,25504.63,25754.63,16923
2020-11-23T00:00:00+00:00,25754.63,26134.55,25754.63,26052.05,11796
2020-11-24T00:00:00+00:00,26052.05,26589.51,26034.51,26557.01,21892
2020-11-25T00:00:00+00:00,26557.01,26789.46,26259.46,26391.96,29998
2020-11-26T00:00:00+00:00,26391.96,26664.53,26325.53,26545.53,19780
2020-11-27T00:00:00+00:00,26545.53,26885.32,26485.32,26865.32,17098
2020-11-30T00:00:00+00:00,26865.32,26944.21,26379.21,26499.21,31852
2020-12-01T00:00:00+00:00,26499.21,27044.15,26499.21,26955.15,28097
2020-12-02T00:00:00+00:00,26955.15,26969.07,26760.07,26911.57,22189
2020-12-03T00:00:00+00:00,26911.57,26995.02,26765.02,26836.53,18467
2020-12-04T00:00:00+00:00,26836.53,26944.95,26719.95,26919.95,15870
2020-12-07T00:00:00+00:00,26919.95,26958.74,26393.74,26496.25,23024
2020-12-08T00:00:00+00:00,26496.25,26644.66,26389.66,26603.66,19626
2020-12-09T00:00:00+00:00,26603.66,26983.58,26583.58,26723.58,20207
2020-12-10T00:00:00+00:00,26723.58,26946.27,26722.27,26801.27,19482
2020-12-11T00:00:00+00:00,26801.27,26920.56,26531.56,26705.56,20881
2020-12-14T00:00:00+00:00,26705.56,26961.06,26705.56,26780.06,15270
2020-12-15T00:00:00+00:00,26780.06,26935.02,26695.02,26900.02,14161
2020-12-16T00:00:00+00:00,26900.02,26965,26810,26906,12415
2020-12-17T00:00:00+00:00,26906,26959.76,26769.76,26893.76,11134
2020-12-18T00:00:00+00:00,26893.76,26979.92,26795.92,26925.92,11499
2020-12-21T00:00:00+00:00,26925.92,26988.93,26315.96,26641.4,34441
2020-12-22T00:00:00+00:00,26641.4,26743.36,26463.7,26684.03,22915
2020-12-23T00:00:00+00:00,26684.03,26850.91,26512.65,26783.46,18321
2020-12-24T00:00:00+00:00,26783.46,26845.81,26691.38,26755.13,10986
2020-12-28T00:00:00+00:00,26755.13,27081.96,26753.81,27049.23,13851
2020-12-29T00:00:00+00:00,27049.23,27799.09,27019.26,27619.18,22586
2020-12-30T00:00:00+00:00,27619.18,27714.01,27438.4,27540,20237
2020-12-31T00:00:00+00:00,27540,27644.41,27539.27,27578.56,7651
2021-01-04T00:00:00+00:00,27578.56,27717.06,27131.16,27216,37968
2021-01-05T00:00:00+00:00,27216,27365.52,27053.66,27250.71,31197
2021-01-06T00:00:00+00:00,27250.71,27571.24,27042.92,27458.99,46448
2021-01-07T00:00:00+00:00,27458.99,27758.38,27458.99,27721.9,26498
2021-01-08T00:00:00+00:00,27721.9,28441.35,27721.9,28438.22,33380
2021-01-11T00:00:00+00:00,28438.22,28438.22,28051.34,28184.73,21308
2021-01-12T00:00:00+00:00,28184.73,28381.88,28055.68,28278.85,29247
2021-01-13T00:00:00+00:00,28278.85,28612.62,28225.89,28575.17,25667
2021-01-14T00:00:00+00:00,28575.17,29079.19,28500.52,28953.11,33380
2021-01-15T00:00:00+00:00,28953.11,28981.79,28252.86,28394.53,39806
2021-01-18T00:00:00+00:00,28394.53,28449.38,28200.06,28430.06,24065
2021-01-19T00:00:00+00:00,28430.06,28885.91,28430.06,28835.07,30737
2021-01-20T00:00:00+00:00,28835.07,28916.02,28488.79,28763.36,25081
2021-01-21T00:00:00+00:00,28763.36,28941.05,28610.09,28737.93,23512
2021-01-22T00:00:00+00:00,28737.93,28788.07,28497.23,28718.77,24265
2021-01-25T00:00:00+00:00,28718.77,28947.43,28567.87,28926.13,33265
2021-01-26T00:00:00+00:00,28926.13,28926.13,28605.15,28836.55,24614
2021-01-27T00:00:00+00:00,28836.55,28842.11,28180.69,28205.77,41161
2021-01-28T00:00:00+00:00,28205.77,28622.56,27913.15,28480.86,54791
2021-01-29T00:00:00+00:00,28480.86,28480.86,27664.03,27802.03,76827
2021-02-01T00:00:00+00:00,27802.03,28399.23,27699.19,28372.71,46351
2021-02-02T00:00:00+00:00,28372.71,28604.9,28162.29,28554.64,30942
2021-02-03T00:00:00+00:00,28554.64,28811.16,28490.23,28698.19,26053
2021-02-04T00:00:00+00:00,28698.19,28754.8,28381.19,28747.63,23979
2021-02-05T00:00:00+00:00,28747.63,28984.91,28623.09,28877.1,25623
2021-02-08T00:00:00+00:00,28877.1,29619.57,28877.1,29568.31,26328
2021-02-09T00:00:00+00:00,29568.31,29674.42,29430.74,29512.69,21537
2021-02-10T00:00:00+00:00,29512.69,29650.58,29261.28,29383.58,27768
2021-02-11T00:00:00+00:00,29383.58,29575.33,29322.62,29554.79,13454
2021-02-12T00:00:00+00:00,29554.79,29759.37,29394.27,29727.87,18412
2021-02-15T00:00:00+00:00,29727.87,30371.96,29727.87,30321.4,18071
2021-02-16T00:00:00+00:00,30321.4,30803,30267.79,30505.01,32572
2021-02-17T00:00:00+00:00,30505.01,30524.86,30234.56,30442.93,34370
2021-02-18T00:00:00+00:00,30442.93,30655,29979.49,30218.66,36946
2021-02-19T00:00:00+00:00,30218.66,30404.66,29835.24,30263.03,34247
2021-02-22T00:00:00+00:00,30263.03,30544.06,30059.93,30095.74,38317
2021-02-23T00:00:00+00:00,30095.74,30229.24,29737.33,30088.7,25080
2021-02-24T00:00:00+00:00,30088.7,30205.9,29702.55,30160.39,41963
2021-02-25T00:00:00+00:00,30160.39,30305.24,29577.2,29695.41,89584
2021-02-26T00:00:00+00:00,29695.41,29711.45,29055.22,29316.51,70693
2021-03-01T00:00:00+00:00,29316.51,30003.96,29316.51,29969.76,29982
2021-03-02T00:00:00+00:00,29969.76,30081.49,29386.94,29590.4,38753
2021-03-03T00:00:00+00:00,29590.4,29836.04,29341.7,29354.41,35541
2021-03-04T00:00:00+00:00,29354.41,29367.09,28782.82,29028.82,57056
2021-03-05T00:00:00+00:00,29028.82,29265.53,28376.33,29256.28,70652
2021-03-08T00:00:00+00:00,29256.28,29407.62,28636.04,28922.84,63799
2021-03-09T00:00:00+00:00,28922.84,29359.54,28679.65,29271.39,50215
2021-03-10T00:00:00+00:00,29271.39,29314.08,29034.08,29167.83,38288
2021-03-11T00:00:00+00:00,29167.83,29491.45,29113.39,29389.39,29059
2021-03-12T00:00:00+00:00,29389.39,29875.32,29313.11,29805.57,36981
2021-03-15T00:00:00+00:00,29805.57,29996.42,29695.57,29921.46,32899
2021-03-16T00:00:00+00:00,29921.46,30140.91,29850.02,29983.15,28039
2021-03-17T00:00:00+00:00,29983.15,30132.93,29898.2,30114.49,29245
2021-03-18T00:00:00+00:00,30114.49,30599.22,30005.3,30045.25,40474
2021-03-19T00:00:00+00:00,30045.25,30156.41,29196.95,29607.07,40056
2021-03-22T00:00:00+00:00,29607.07,29607.07,29003.51,29389.98,35109
2021-03-23T00:00:00+00:00,29389.98,29596.38,28896.09,28952.9,33565
2021-03-24T00:00:00+00:00,28952.9,28960.83,28384.54,28553.19,44431
2021-03-25T00:00:00+00:00,28553.19,29181.25,28509.73,29169.98,46355
2021-03-26T00:00:00+00:00,29169.98,29737.91,29053.95,29728.49,32287
2021-03-29T00:00:00+00:00,29728.49,29728.49,29284.38,29628.88,43852
2021-03-30T00:00:00+00:00,29628.88,29634,29379.53,29464.28,30869
2021-03-31T00:00:00+00:00,29464.28,29532.7,29232.69,29459.47,28507
2021-04-01T00:00:00+00:00,29459.47,29815.55,29407.47,29811.43,26504
2021-04-02T00:00:00+00:00,29811.43,30192.83,29752.36,30107.36,12497
2021-04-05T00:00:00+00:00,30107.36,30318.18,30096.18,30302.95,19272
2021-04-06T00:00:00+00:00,30302.95,30372.79,29708.97,29766.13,29699
2021-04-07T00:00:00+00:00,29766.13,29961.61,29614.63,29794.56,25220
2021-04-08T00:00:00+00:00,29794.56,29841.38,29608.46,29817.47,22461
2021-04-09T00:00:00+00:00,29817.47,30168.11,29817.47,30010.05,25376
2021-04-12T00:00:00+00:00,30010.05,30083.72,29629.99,29711.28,24155
2021-04-13T00:00:00+00:00,29711.28,29994.51,29654.08,29924.7,24836
2021-04-14T00:00:00+00:00,29924.7,29929.03,29657.03,29721.31,21276
2021-04-15T00:00:00+00:00,29721.31,29885.9,29620.1,29851.6,17191
2021-04-16T00:00:00+00:00,29851.6,29925.06,29707.06,29873.06,17792
2021-04-19T00:00:00+00:00,29873.06,29904.01,29283.93,29449.88,22689
2021-04-20T00:00:00+00:00,29449.88,29499.31,28615.12,28720.7,29072
2021-04-21T00:00:00+00:00,28720.7,28989.28,28502.09,28976.09,29548
2021-04-22T00:00:00+00:00,28976.09,29302.62,28887.16,29007.58,29657
2021-04-23T00:00:00+00:00,29007.58,29403.31,28852.31,29301.31,25975
2021-04-26T00:00:00+00:00,29301.31,29368.91,28982.1,29318.39,22510
2021-04-27T00:00:00+00:00,29318.39,29366.44,28923.76,29128.16,22487
2021-04-28T00:00:00+00:00,29128.16,29229.12,28961.94,29021.44,21866
2021-04-29T00:00:00+00:00,29021.44,29280.78,28947.11,29142.48,13002
2021-04-30T00:00:00+00:00,29142.48,29142.48,28851.79,28933.3,24445
2021-05-03T00:00:00+00:00,28933.3,29218.5,28921.35,29159.19,12481
2021-05-04T00:00:00+00:00,29159.19,29231.78,28668.76,28790.82,17970
2021-05-05T00:00:00+00:00,28790.82,29262.59,28766.3,29156.5,13732
2021-05-06T00:00:00+00:00,29156.5,29527.75,29051.24,29444.02,31961
2021-05-07T00:00:00+00:00,29444.02,29545.23,29321.38,29497.65,24899
2021-05-10T00:00:00+00:00,29497.65,29780.18,29316.63,29341.16,27971
2021-05-11T00:00:00+00:00,29341.16,29392.72,28343.03,28686.29,50498
2021-05-12T00:00:00+00:00,28686.29,28923.9,27738.03,27789.94,64845
2021-05-13T00:00:00+00:00,27789.94,27892.06,27213.53,27782.04,67579
2021-05-14T00:00:00+00:00,27782.04,28404.93,27782.04,28385.12,38039
2021-05-17T00:00:00+00:00,28385.12,28427.64,27701.05,27875.05,41693
2021-05-18T00:00:00+00:00,27875.05,28567.84,27850.98,28185.49,29971
2021-05-19T00:00:00+00:00,28185.49,28298.39,27675.67,28042.63,57471
2021-05-20T00:00:00+00:00,28042.63,28400.66,27860.87,28315.87,38037
2021-05-21T00:00:00+00:00,28315.87,28555.36,28260.85,28475,32805
2021-05-24T00:00:00+00:00,28475,28669.36,28280.69,28571.57,25958
2021-05-25T00:00:00+00:00,28571.57,28700.23,28428.36,28470.57,23177
2021-05-26T00:00:00+00:00,28470.57,28794.57,28462.52,28683.66,22032
2021-05-27T00:00:00+00:00,28683.66,28952.3,28433.06,28950.13,24222
2021-05-28T00:00:00+00:00,28950.13,29269.76,28950.13,29097.12,23420
2021-05-31T00:00:00+00:00,29097.12,29230.15,28869.67,28983.98,17478
2021-06-01T00:00:00+00:00,28983.98,29164.19,28673.72,28824.44,26423
2021-06-02T00:00:00+00:00,28824.44,29091.3,28633.61,28954.18,26197
2021-06-03T00:00:00+00:00,28954.18,29228.58,28910.38,29057.4,29804
2021-06-04T00:00:00+00:00,29057.4,29231.7,28833.41,29196.52,25510
2021-06-07T00:00:00+00:00,29196.52,29347.72,29017.72,29203.45,25442
2021-06-08T00:00:00+00:00,29203.45,29280.59,29019.98,29063.17,28979
2021-06-09T00:00:00+00:00,29063.17,29078.92,28832.95,28900.88,21594
2021-06-10T00:00:00+00:00,28900.88,29252.05,28894.93,29114.18,22044
2021-06-11T00:00:00+00:00,29114.18,29191.58,28935.13,29164.28,20219
2021-06-14T00:00:00+00:00,29164.28,29411.68,29126.74,29402.05,15539
2021-06-15T00:00:00+00:00,29402.05,29591.9,29351.43,29450.51,19551
2021-06-16T00:00:00+00:00,29450.51,29536.69,29265.39,29472.94,23507
2021-06-17T00:00:00+00:00,29472.94,29472.94,28964.28,29280.92,28327
2021-06-18T00:00:00+00:00,29280.92,29346.74,28625.52,28644.57,29872
2021-06-21T00:00:00+00:00,28644.57,28848.15,27863.49,28825.76,43172
2021-06-22T00:00:00+00:00,28825.76,29005.12,28638.36,28935.52,23908
2021-06-23T00:00:00+00:00,28935.52,29106.57,28805.51,28861.14,21871
2021-06-24T00:00:00+00:00,28861.14,29134.05,28848.72,29124.72,20876
2021-06-25T00:00:00+00:00,29124.72,29263.46,29086.39,29148.17,17702
2021-06-28T00:00:00+00:00,29148.17,29219.52,29000.74,29054.6,18833
2021-06-29T00:00:00+00:00,29054.6,29054.6,28805.47,28961.92,18205
2021-06-30T00:00:00+00:00,28961.92,29112.55,28633.44,28894,23118
2021-07-01T00:00:00+00:00,28894,28968.36,28668.57,28855.58,22155
2021-07-02T00:00:00+00:00,28855.58,28942.38,28776.21,28863.7,19515
2021-07-05T00:00:00+00:00,28863.7,28863.98,28594.55,28722.98,16093
2021-07-06T00:00:00+00:00,28722.98,28844.68,28354.87,28470.8,24100
2021-07-07T00:00:00+00:00,28470.8,28578.18,28218.48,28438.48,27781
2021-07-08T00:00:00+00:00,28438.48,28462.82,27596.06,27842.68,42204
2021-07-09T00:00:00+00:00,27842.68,28660.46,27497.26,28637.26,38330
2021-07-12T00:00:00+00:00,28637.26,28795.44,28480.86,28774.94,27294
2021-07-13T00:00:00+00:00,28774.94,28946.18,28585.27,28593.4,23514
2021-07-14T00:00:00+00:00,28593.4,28782.63,28553.59,28642.6,23992
2021-07-15T00:00:00+00:00,28642.6,28659.8,28088.19,28126.55,33317
2021-07-16T00:00:00+00:00,28126.55,28289.36,27793.47,27823.47,31976
2021-07-19T00:00:00+00:00,27823.47,27875.75,27160.91,27379.97,58041
2021-07-20T00:00:00+00:00,27379.97,27903.38,27368.25,27849.67,40531
2021-07-21T00:00:00+00:00,27849.67,28082.92,27521.13,28032.78,33516
2021-07-22T00:00:00+00:00,28032.78,28164.46,27966.89,28096.39,13171
2021-07-23T00:00:00+00:00,28096.39,28339.01,28096.39,28293.22,10646
2021-07-26T00:00:00+00:00,28293.22,28340.04,27749.34,28060.7,26996
2021-07-27T00:00:00+00:00,28060.7,28125.51,27469.86,27608.43,35975
2021-07-28T00:00:00+00:00,27608.43,27991.76,27548.9,27852.9,34398
2021-07-29T00:00:00+00:00,27852.9,28033.67,27727.07,27843.24,23812
2021-07-30T00:00:00+00:00,27843.24,27843.24,27356.55,27579.8,35647
2021-08-02T00:00:00+00:00,27579.8,27926.1,27531.59,27656.59,28609
2021-08-03T00:00:00+00:00,27656.59,27811.45,27509.45,27699.45,26798
2021-08-04T00:00:00+00:00,27699.45,27733.62,27537.74,27605.82,22951
2021-08-05T00:00:00+00:00,27605.82,27950.43,27576.76,27940.76,18812
2021-08-06T00:00:00+00:00,27940.76,28053.14,27794.18,27979.72,18744
2021-08-09T00:00:00+00:00,27979.72,28021.54,27776.53,28000.53,10441
2021-08-10T00:00:00+00:00,28000.53,28215.34,27887.02,28081.02,19354
2021-08-11T00:00:00+00:00,28081.02,28338.93,28031.4,28322.29,20993
2021-08-12T00:00:00+00:00,28322.29,28362.57,28008.95,28182.85,18025
2021-08-13T00:00:00+00:00,28182.85,28211.82,27926.07,27936.66,16151
2021-08-16T00:00:00+00:00,27936.66,27963.36,27486.1,27750.1,25776
2021-08-17T00:00:00+00:00,27750.1,27832.32,27323.71,27521.42,32230
2021-08-18T00:00:00+00:00,27521.42,27762.1,27423.62,27462.64,27506
2021-08-19T00:00:00+00:00,27462.64,27587.53,27046.33,27351.91,47126
2021-08-20T00:00:00+00:00,27351.91,27397.68,26942.61,27324.91,36419
2021-08-23T00:00:00+00:00,27324.91,27720.69,27278.64,27696.94,24197
2021-08-24T00:00:00+00:00,27696.94,27929.56,27696.94,27861.06,20305
2021-08-25T00:00:00+00:00,27861.06,27973.12,27733.86,27852.46,18541
2021-08-26T00:00:00+00:00,27852.46,27899.68,27688.03,27749.16,23497
2021-08-27T00:00:00+00:00,27749.16,27955.57,27547.55,27946.07,19917
2021-08-30T00:00:00+00:00,27946.07,27999.21,27723.31,27784.96,16780
2021-08-31T00:00:00+00:00,27784.96,28273.73,27668.39,28178.13,26910
2021-09-01T00:00:00+00:00,28178.13,28730.55,28147.66,28629.44,23714
2021-09-02T00:00:00+00:00,28629.44,28805.48,28488.38,28722.88,20520
2021-09-03T00:00:00+00:00,28722.88,29710.6,28667.66,29658.38,34705
2021-09-06T00:00:00+00:00,29658.38,30275.38,29543.23,30167.73,21422
2021-09-07T00:00:00+00:00,30167.73,30168.19,29690.58,29998.19,28112
2021-09-08T00:00:00+00:00,29998.19,30330.36,29885.69,30032.13,44566
2021-09-09T00:00:00+00:00,30032.13,30378.74,29969.07,30212.57,33826
2021-09-10T00:00:00+00:00,30212.57,30644.7,30137.45,30244.74,36130
2021-09-13T00:00:00+00:00,30244.74,30857.23,30231.06,30735.06,38066
2021-09-14T00:00:00+00:00,30735.06,30914.49,30406.12,30459.83,36731
2021-09-15T00:00:00+00:00,30459.83,30741.38,30432.61,30735.37,30741
2021-09-16T00:00:00+00:00,30735.37,30759.02,30315.35,30585.19,32730
2021-09-17T00:00:00+00:00,30585.19,30704.71,30355.84,30358.84,26863
2021-09-20T00:00:00+00:00,30358.84,30488.39,29562.18,29808.72,35932
2021-09-21T00:00:00+00:00,29808.72,30328.81,29789.84,30038.51,46959
2021-09-22T00:00:00+00:00,30038.51,30217.89,29730.5,30107,35257
2021-09-23T00:00:00+00:00,30107,30436.99,30079.82,30419.32,19474
2021-09-24T00:00:00+00:00,30419.32,30473.29,30181.46,30356.13,31153
2021-09-27T00:00:00+00:00,30356.13,30534.94,30265.81,30351.66,28958
2021-09-28T00:00:00+00:00,30351.66,30368.85,29768.85,29843.35,46868
2021-09-29T00:00:00+00:00,29843.35,29959.53,29462.32,29855.32,46297
2021-09-30T00:00:00+00:00,29855.32,29906.15,29377.97,29420.15,48255
2021-10-01T00:00:00+00:00,29420.15,29522.3,28799.32,29156.41,57474
2021-10-04T00:00:00+00:00,29156.41,29309.02,27741.3,27984.97,65782
2021-10-05T00:00:00+00:00,27984.97,28393.46,27562.39,28288.26,53104
2021-10-06T00:00:00+00:00,28288.26,28347.6,27091.35,27781.85,73690
2021-10-07T00:00:00+00:00,27781.85,28252.06,27676.23,28162.23,43676
2021-10-08T00:00:00+00:00,28162.23,28422.59,28081.7,28136.7,38190
2021-10-11T00:00:00+00:00,28136.7,28878.04,27990.01,28565.34,42948
2021-10-12T00:00:00+00:00,28565.34,28595.42,28060.14,28213.3,49014
2021-10-13T00:00:00+00:00,28213.3,28472.4,28085.05,28295.01,40334
2021-10-14T00:00:00+00:00,28295.01,28908.78,28282.16,28907.42,31614
2021-10-15T00:00:00+00:00,28907.42,29348.91,28822.46,29274.92,29776
2021-10-18T00:00:00+00:00,29274.92,29378.19,28952.97,29162.97,31775
2021-10-19T00:00:00+00:00,29162.97,29498.37,29096.34,29441.61,26762
2021-10-20T00:00:00+00:00,29441.61,29582.56,29295.97,29352.41,26515
2021-10-21T00:00:00+00:00,29352.41,29383.42,28515.28,28628.42,38199
2021-10-22T00:00:00+00:00,28628.42,29084.45,28513.16,28793.16,40196
2021-10-25T00:00:00+00:00,28793.16,28977.59,28458.26,28898.26,30780
2021-10-26T00:00:00+00:00,28898.26,29342.32,28873.45,29048.45,28470
2021-10-27T00:00:00+00:00,29048.45,29229.78,28720.68,28787.49,35196
2021-10-28T00:00:00+00:00,28787.49,29013.53,28753.19,28975.19,28195
2021-10-29T00:00:00+00:00,28975.19,29140.1,28556.18,29127.01,34116
2021-11-01T00:00:00+00:00,29127.01,29751.14,29127.01,29642.6,29671
2021-11-02T00:00:00+00:00,29642.6,29684.05,29495.64,29597.76,22396
2021-11-03T00:00:00+00:00,29597.76,29867.22,29501.62,29865.95,13407
2021-11-04T00:00:00+00:00,29865.95,30040.87,29678.39,29808.41,23874
2021-11-05T00:00:00+00:00,29808.41,29916.24,29586.51,29762.93,25317
2021-11-08T00:00:00+00:00,29762.93,29924.92,29526.68,29762.58,23111
2021-11-09T00:00:00+00:00,29762.58,29894.44,29270.72,29358.44,28576
2021-11-10T00:00:00+00:00,29358.44,29465.15,29080.76,29131.88,29330
2021-11-11T00:00:00+00:00,29131.88,29555.76,29057.17,29502.49,23565
2021-11-12T00:00:00+00:00,29502.49,29839.8,29453.38,29821.39,19758
2021-11-15T00:00:00+00:00,29821.39,29935.12,29724.56,29802.64,20472
2021-11-16T00:00:00+00:00,29802.64,30049.9,29763.19,29912.69,18756
2021-11-17T00:00:00+00:00,29912.69,30003.99,29564.33,29644.99,22785
2021-11-18T00:00:00+00:00,29644.99,29800.84,29460.48,29682.28,25964
2021-11-19T00:00:00+00:00,29682.28,29865.04,29555.12,29715.82,31669
2021-11-22T00:00:00+00:00,29715.82,29994.41,29615,29785.25,28964
2021-11-23T00:00:00+00:00,29785.25,29864.92,29585.09,29789.71,25386
2021-11-24T00:00:00+00:00,29789.71,29824.74,29282.11,29535.33,39059
2021-11-25T00:00:00+00:00,29535.33,29657.07,29507.36,29568.25,14522
2021-11-26T00:00:00+00:00,29568.25,29568.25,28098.19,28098.19,73697
2021-11-29T00:00:00+00:00,28098.19,28860.49,28098.19,28482.49,68020
2021-11-30T00:00:00+00:00,28482.49,28790.7,27448.42,27778.42,70710
2021-12-01T00:00:00+00:00,27778.42,28309.7,27478.15,27528.15,86596
2021-12-02T00:00:00+00:00,27528.15,28132.73,27528.15,28110.9,80791
2021-12-03T00:00:00+00:00,28110.9,28254.34,27649.88,27828.59,84260
2021-12-06T00:00:00+00:00,27828.59,28228.07,27753.15,28170.37,62310
2021-12-07T00:00:00+00:00,28170.37,28931.12,28029.87,28927.12,49736
2021-12-08T00:00:00+00:00,28927.12,29011.33,28678.08,28983.08,39334
2021-12-09T00:00:00+00:00,28983.08,29118.01,28755.99,28788.85,33314
2021-12-10T00:00:00+00:00,28788.85,28859.36,28553.11,28792.49,35635
2021-12-13T00:00:00+00:00,28792.49,28949.33,28600.17,28671.45,33268
2021-12-14T00:00:00+00:00,28671.45,28826.82,28326.82,28473.56,39452
2021-12-15T00:00:00+00:00,28473.56,29074.94,28408.47,29038.47,29610
2021-12-16T00:00:00+00:00,29038.47,29336.5,28868.9,28943.56,36441
2021-12-17T00:00:00+00:00,28943.56,29040.19,28528.53,28638.53,37957
2021-12-20T00:00:00+00:00,28638.53,28638.53,27928.41,28368.41,59255
2021-12-21T00:00:00+00:00,28368.41,28844.1,28348.3,28818.3,32133
2021-12-22T00:00:00+00:00,28818.3,28864.93,28579.59,28827.73,24315
2021-12-23T00:00:00+00:00,28827.73,29064.05,28758.11,28991.28,17921
2021-12-27T00:00:00+00:00,28991.28,29176.33,28777.9,29144.9,14425
2021-12-28T00:00:00+00:00,29144.9,29249.85,28997.85,29132.85,17469
2021-12-29T00:00:00+00:00,29132.85,29219.66,28833.76,28952.16,24945
2021-12-30T00:00:00+00:00,28952.16,29079.8,28690.29,28981.3,22168
2021-12-31T00:00:00+00:00,28981.3,29117.44,28840.17,29117.44,10711
2022-01-03T00:00:00+00:00,29117.44,29282.34,28941.81,29082.99,18594
2022-01-04T00:00:00+00:00,29082.99,29496.63,29049.95,29414.95,28370
2022-01-05T00:00:00+00:00,29414.95,29511.05,29094.95,29124.95,29158
2022-01-06T00:00:00+00:00,29124.95,29227.85,28591.61,28835.84,45568
2022-01-07T00:00:00+00:00,28835.84,28922.16,28288.97,28521.49,38364
2022-01-10T00:00:00+00:00,28521.49,28682.6,27983.26,28293,38016
2022-01-11T00:00:00+00:00,28293,28584.53,28184.36,28536.52,44497
2022-01-12T00:00:00+00:00,28536.52,28911.29,28528.98,28742.23,38649
2022-01-13T00:00:00+00:00,28742.23,28785.21,28356.81,28374.79,31652
2022-01-14T00:00:00+00:00,28374.79,28438.02,27974.29,28410.52,50104
2022-01-17T00:00:00+00:00,28410.52,28549.01,28366.51,28491.51,21764
2022-01-18T00:00:00+00:00,28491.51,28837.62,28048.24,28111.52,59088
2022-01-19T00:00:00+00:00,28111.52,28140.98,27396.48,27641.48,62612
2022-01-20T00:00:00+00:00,27641.48,28053.25,27300.92,27441.53,59683
2022-01-21T00:00:00+00:00,27441.53,27793.01,27216.56,27275.23,91448
2022-01-24T00:00:00+00:00,27275.23,27710.31,26793.5,27480.64,123704
2022-01-25T00:00:00+00:00,27480.64,27563.66,26948.33,27061.16,108302
2022-01-26T00:00:00+00:00,27061.16,27508.73,26889.51,27021.6,66596
2022-01-27T00:00:00+00:00,27021.6,27286.11,26126.61,26711.61,96121
2022-01-28T00:00:00+00:00,26711.61,26880.32,26329.03,26786.65,77423
2022-01-31T00:00:00+00:00,26786.65,27429.86,26615.08,27423.51,50512
2022-02-01T00:00:00+00:00,27423.51,27495.85,27071.99,27285.09,45360
2022-02-02T00:00:00+00:00,27285.09,27662.55,27270.12,27473.37,36190
2022-02-03T00:00:00+00:00,27473.37,27487.13,27037.58,27241.51,43231
2022-02-04T00:00:00+00:00,27241.51,27540.8,27152.72,27334.17,47609
2022-02-07T00:00:00+00:00,27334.17,27448.49,27165.12,27325.12,48941
2022-02-08T00:00:00+00:00,27325.12,27548.17,27287.34,27498.17,35668
2022-02-09T00:00:00+00:00,27498.17,27965.17,27475.17,27963.34,27879
2022-02-10T00:00:00+00:00,27963.34,27987.73,27430.17,27464.68,50389
2022-02-11T00:00:00+00:00,27464.68,27541.08,26937.78,27100.15,52208
2022-02-14T00:00:00+00:00,27100.15,27261.32,26927.15,27115.32,89801
2022-02-15T00:00:00+00:00,27115.32,27547.55,26790.37,27495.94,56344
2022-02-16T00:00:00+00:00,27495.94,27637.58,27352.06,27525.4,51350
2022-02-17T00:00:00+00:00,27525.4,27606.59,26957.23,26991.92,62905
2022-02-18T00:00:00+00:00,26991.92,27302.04,26867.25,26955.45,55633
2022-02-21T00:00:00+00:00,26955.45,27107.99,26625.53,26680.53,48860
2022-02-22T00:00:00+00:00,26680.53,27002.24,26322.21,26773.99,92769
2022-02-23T00:00:00+00:00,26773.99,26978.75,26368.17,26390.64,41894
2022-02-24T00:00:00+00:00,26390.64,26425.68,25630.68,26285.18,150538
2022-02-25T00:00:00+00:00,26285.18,27080.18,26190.68,27045.68,87148
2022-02-28T00:00:00+00:00,27045.68,27045.68,26327.67,26789.22,75768
2022-03-01T00:00:00+00:00,26789.22,27090.7,26405.23,26492.69,65876
2022-03-02T00:00:00+00:00,26492.69,26776.04,26265.84,26702.72,60988
2022-03-03T00:00:00+00:00,26702.72,26802.77,26355.22,26472.76,48258
2022-03-04T00:00:00+00:00,26472.76,26510.35,25790.2,25902.79,71292
2022-03-07T00:00:00+00:00,25902.79,25902.79,24992.88,24992.88,97719
2022-03-08T00:00:00+00:00,24992.88,25374.92,24572.91,24776.59,88617
2022-03-09T00:00:00+00:00,24776.59,25520.15,24742.94,25447.94,69173
2022-03-10T00:00:00+00:00,25447.94,25895.79,25327.57,25474.79,70409
2022-03-11T00:00:00+00:00,25474.79,25876.55,25080.65,25255.65,62562
2022-03-14T00:00:00+00:00,25255.65,25756.47,25255.65,25416.72,56558
2022-03-15T00:00:00+00:00,25416.72,25836.62,25197.33,25800.73,52286
2022-03-16T00:00:00+00:00,25800.73,26501.58,25576.24,26466.24,58068
2022-03-17T00:00:00+00:00,26466.24,26893.34,26395.66,26808.17,47870
2022-03-18T00:00:00+00:00,26808.17,27471.54,26695.79,27465.79,37572
2022-03-21T00:00:00+00:00,27465.79,27494.97,27268.95,27429.26,26925
2022-03-22T00:00:00+00:00,27429.26,27846.58,27234.39,27791.39,30766
2022-03-23T00:00:00+00:00,27791.39,28220.95,27710.12,27769.62,33861
2022-03-24T00:00:00+00:00,27769.62,28488.27,27685.02,28467.03,35144
2022-03-25T00:00:00+00:00,28467.03,28467.03,28064.97,28388.4,36167
2022-03-28T00:00:00+00:00,28388.4,28400.98,27925.01,28323.89,37693
2022-03-29T00:00:00+00:00,28323.89,28761.44,28154.37,28629.37,40710
2022-03-30T00:00:00+00:00,28629.37,28629.37,27788.38,27903.98,36926
2022-03-31T00:00:00+00:00,27903.98,28208.67,27635.96,27673.33,34155
2022-04-01T00:00:00+00:00,27673.33,27980.56,27503.38,27860.39,34995
2022-04-04T00:00:00+00:00,27860.39,28139.97,27683.42,28058.42,23311
2022-04-05T00:00:00+00:00,28058.42,28089.14,27550.11,27657.89,23758
2022-04-06T00:00:00+00:00,27657.89,27674.8,27100.1,27185.39,29404
2022-04-07T00:00:00+00:00,27185.39,27326.28,26896.56,27143.06,28106
2022-04-08T00:00:00+00:00,27143.06,27295.55,26868.55,27112.43,25608
2022-04-11T00:00:00+00:00,27112.43,27148.04,26808.54,26827.33,26473
2022-04-12T00:00:00+00:00,26827.33,26850.53,26352.8,26420.53,31087
2022-04-13T00:00:00+00:00,26420.53,27090.12,26408.57,27023.57,30649
2022-04-14T00:00:00+00:00,27023.57,27415.83,26962.49,27025.82,31043
2022-04-18T00:00:00+00:00,27025.82,27130.45,26663.95,27023.45,29040
2022-04-19T00:00:00+00:00,27023.45,27375.27,26873.44,27328.43,37196
2022-04-20T00:00:00+00:00,27328.43,27494.26,27158.93,27315.93,36929
2022-04-21T00:00:00+00:00,27315.93,27856.12,27228.42,27235.92,43056
2022-04-22T00:00:00+00:00,27235.92,27326.09,26793.9,26798.9,49432
2022-04-25T00:00:00+00:00,26798.9,26943.44,26501.27,26919.29,71867
2022-04-26T00:00:00+00:00,26919.29,26982.88,26063.73,26098.73,53440
2022-04-27T00:00:00+00:00,26098.73,26681.33,26098.73,26560.75,70098
2022-04-28T00:00:00+00:00,26560.75,27485.95,26423.71,27320.71,65977
2022-04-29T00:00:00+00:00,27320.71,27570.98,26798.7,26868.7,35062
2022-05-02T00:00:00+00:00,26868.7,27047,26649.5,26999.83,59868
2022-05-03T00:00:00+00:00,26999.83,27210.89,26858.65,27153.15,39610
2022-05-04T00:00:00+00:00,27153.15,27579.53,26880.41,27515.64,26958
2022-05-05T00:00:00+00:00,27515.64,27566.34,26681.34,26833.62,48127
2022-05-06T00:00:00+00:00,26833.62,27216.55,26633.6,26936.61,90487
2022-05-09T00:00:00+00:00,26936.61,26936.61,26020.36,26113.29,80435
2022-05-10T00:00:00+00:00,26113.29,26425.2,25858.52,26158.86,79255
2022-05-11T00:00:00+00:00,26158.86,26475.74,25905.58,25992.17,68017
2022-05-12T00:00:00+00:00,25992.17,26114.35,25624.58,25789.63,95693
2022-05-13T00:00:00+00:00,25789.63,26770.53,25789.63,26748.33,56162
2022-05-16T00:00:00+00:00,26748.33,26958.74,26514.5,26562.91,46246
2022-05-17T00:00:00+00:00,26562.91,26957.06,26526.39,26924.77,48726
2022-05-18T00:00:00+00:00,26924.77,27145.66,26313.39,26360.39,52865
2022-05-19T00:00:00+00:00,26360.39,26639.93,26160.23,26462.37,73049
2022-05-20T00:00:00+00:00,26462.37,27025.57,26443.35,26823.45,68801
2022-05-23T00:00:00+00:00,26823.45,27229.76,26823.45,27190.32,55707
2022-05-24T00:00:00+00:00,27190.32,27190.32,26595.13,26772.8,57131
2022-05-25T00:00:00+00:00,26772.8,26960.98,26575.05,26840.26,52744
2022-05-26T00:00:00+00:00,26840.26,27107.74,26675.1,27017.73,43526
2022-05-27T00:00:00+00:00,27017.73,27245.48,26809.59,27233.55,37255
2022-05-30T00:00:00+00:00,27233.55,27494.69,27134.96,27413.16,22844
2022-05-31T00:00:00+00:00,27413.16,27550.66,27212.33,27302.67,54740
2022-06-01T00:00:00+00:00,27302.67,27691.64,27258.15,27542.65,47085
2022-06-02T00:00:00+00:00,27542.65,27854.74,27334.53,27815.99,40542
2022-06-03T00:00:00+00:00,27815.99,27885.96,27599.77,27646.16,38561
2022-06-06T00:00:00+00:00,27646.16,28190.27,27591.36,28118.44,34209
2022-06-07T00:00:00+00:00,28118.44,28291.82,27933.08,28223.08,33155
2022-06-08T00:00:00+00:00,28223.08,28355.9,28153.06,28222.56,33406
2022-06-09T00:00:00+00:00,28222.56,28536.59,28092.05,28172.21,39265
2022-06-10T00:00:00+00:00,28172.21,28240.89,27441.45,27559.16,42091
2022-06-13T00:00:00+00:00,27559.16,27559.16,26510.31,26606.36,59820
2022-06-14T00:00:00+00:00,26606.36,26869.4,26443.84,26606.14,55257
2022-06-15T00:00:00+00:00,26606.14,26815.31,26320.46,26712.6,52674
2022-06-16T00:00:00+00:00,26712.6,27081.55,25734.9,25860.64,115864
2022-06-17T00:00:00+00:00,25860.64,26270.76,25787.09,26166.1,62488
2022-06-20T00:00:00+00:00,26166.1,26353.36,25643.36,26177.36,24408
2022-06-21T00:00:00+00:00,26177.36,26667.95,26118.45,26665.46,27967
2022-06-22T00:00:00+00:00,26665.46,26666.8,26125.17,26358.89,40472
2022-06-23T00:00:00+00:00,26358.89,26535.97,26153.48,26313.58,50621
2022-06-24T00:00:00+00:00,26313.58,27050.75,26258.57,27012.58,31021
2022-06-27T00:00:00+00:00,27012.58,27126.84,26791.46,26870.51,33408
2022-06-28T00:00:00+00:00,26870.51,27396.15,26838.18,26938.82,39044
2022-06-29T00:00:00+00:00,26938.82,26987.86,26739.35,26845.68,40337
2022-06-30T00:00:00+00:00,26845.68,26861.8,26257.39,26500.01,53356
2022-07-01T00:00:00+00:00,26500.01,26634.81,25897.86,26433.48,52623
2022-07-04T00:00:00+00:00,26433.48,26475.36,26050.36,26375.36,23543
2022-07-05T00:00:00+00:00,26375.36,26650.94,26027.21,26354.86,46974
2022-07-06T00:00:00+00:00,26354.86,26457.23,26100.17,26382.86,50538
2022-07-07T00:00:00+00:00,26382.86,26806.62,26229.87,26752.71,32885
2022-07-08T00:00:00+00:00,26752.71,26981.95,26519.61,26922.11,45765
2022-07-11T00:00:00+00:00,26922.11,27165.73,26700.31,26719.56,30582
2022-07-12T00:00:00+00:00,26719.56,26810.51,26365.84,26534.75,26378
2022-07-13T00:00:00+00:00,26534.75,26666.63,26329.51,26594.85,51107
2022-07-14T00:00:00+00:00,26594.85,26881.22,26409.61,26821.61,37682
2022-07-15T00:00:00+00:00,26821.61,27109.1,26666.57,27100.86,28145
2022-07-18T00:00:00+00:00,27100.86,27340.22,27003.32,27068.55,18078
2022-07-19T00:00:00+00:00,27068.55,27515.77,26881.54,27502.3,29479
2022-07-20T00:00:00+00:00,27502.3,27858.75,27465.51,27669.48,35766
2022-07-21T00:00:00+00:00,27669.48,28003.02,27631.5,27973.51,35911
2022-07-22T00:00:00+00:00,27973.51,28070.98,27683.64,27804.31,33608
2022-07-25T00:00:00+00:00,27804.31,27947.66,27741.42,27843.42,29914
2022-07-26T00:00:00+00:00,27843.42,27843.42,27523.12,27583.46,27997
2022-07-27T00:00:00+00:00,27583.46,28163.53,27551.37,28115.87,29939
2022-07-28T00:00:00+00:00,28115.87,28126.17,27707.43,28050.81,31000
2022-07-29T00:00:00+00:00,28050.81,28106.74,27817.37,28081.74,26060
2022-08-01T00:00:00+00:00,28081.74,28166.25,27834.59,28006.6,30468
2022-08-02T00:00:00+00:00,28006.6,28016.63,27617.13,27844.07,33919
2022-08-03T00:00:00+00:00,27844.07,28120.2,27714.62,28104.62,28270
2022-08-04T00:00:00+00:00,28104.62,28171.71,27916.89,27969.83,28442
2022-08-05T00:00:00+00:00,27969.83,28321.68,27918.19,28211.52,30814
2022-08-08T00:00:00+00:00,28211.52,28421.7,28114.49,28259.49,29468
2022-08-09T00:00:00+00:00,28259.49,28290.68,27885.45,27962.23,26112
2022-08-10T00:00:00+00:00,27962.23,28226.2,27814.44,28206.44,26996
2022-08-11T00:00:00+00:00,28206.44,28331.54,28131.21,28233.89,17066
2022-08-12T00:00:00+00:00,28233.89,28861.59,28199.39,28854.56,27782
2022-08-15T00:00:00+00:00,28854.56,28996.62,28721.66,28976.36,21056
2022-08-16T00:00:00+00:00,28976.36,29101.45,28838.36,29054.35,21975
2022-08-17T00:00:00+00:00,29054.35,29321.03,28991.6,29108.85,26108
2022-08-18T00:00:00+00:00,29108.85,29227.93,28929.33,29183.84,24638
2022-08-19T00:00:00+00:00,29183.84,29226.61,28762.34,28828.52,22929
2022-08-22T00:00:00+00:00,28828.52,28922.2,28517.7,28573.7,32288
2022-08-23T00:00:00+00:00,28573.7,28669.68,28434.68,28552.18,44155
2022-08-24T00:00:00+00:00,28552.18,28618.73,28337.73,28547.73,38512
2022-08-25T00:00:00+00:00,28547.73,28779.75,28436.25,28750.24,36858
2022-08-26T00:00:00+00:00,28750.24,28879.78,28235.28,28243.78,48953
2022-08-29T00:00:00+00:00,28243.78,28244.76,27852.76,28122.26,55050
2022-08-30T00:00:00+00:00,28122.26,28413.75,27922.76,28002.74,53773
2022-08-31T00:00:00+00:00,28002.74,28192.74,27882.72,27927.74,45817
2022-09-01T00:00:00+00:00,27927.74,27950.22,27617.72,27862.71,43757
2022-09-02T00:00:00+00:00,27862.71,27975.22,27530.2,27622.72,45867
2022-09-05T00:00:00+00:00,27622.72,27787.64,27478.11,27765.14,22141
2022-09-06T00:00:00+00:00,27765.14,27885.12,27587.6,27630.11,58680
2022-09-07T00:00:00+00:00,27630.11,27812.58,27330.06,27795.07,53184
2022-09-08T00:00:00+00:00,27795.07,28242.75,27795.07,28225.25,59855
2022-09-09T00:00:00+00:00,28225.25,28542.82,28193.3,28535.3,43479
2022-09-12T00:00:00+00:00,28535.3,28772.77,28528.26,28690.25,42284
2022-09-13T00:00:00+00:00,28690.25,28795.26,27940.24,27970.25,52983
2022-09-14T00:00:00+00:00,27970.25,28147.84,27856,28087.82,46041
2022-09-15T00:00:00+00:00,28087.82,28117.7,27747.68,27752.7,34414
2022-09-16T00:00:00+00:00,27752.7,27752.7,27515.35,27652.85,33261
2022-09-19T00:00:00+00:00,27652.85,27847.43,27437.41,27829.92,13740
2022-09-20T00:00:00+00:00,27829.92,27997.4,27412.39,27547.41,29029
2022-09-21T00:00:00+00:00,27547.41,27753.66,27158.64,27178.65,40335
2022-09-22T00:00:00+00:00,27178.65,27481.13,26998.61,27126.11,54360
2022-09-23T00:00:00+00:00,27126.11,27166.23,26558.71,26723.72,50126
2022-09-26T00:00:00+00:00,26723.72,26821.77,26499.25,26636.76,69033
2022-09-27T00:00:00+00:00,26636.76,26759.16,26349.14,26516.64,65011
2022-09-28T00:00:00+00:00,26516.64,26849.42,25991.9,26771.9,68281
2022-09-29T00:00:00+00:00,26771.9,26771.9,26109.87,26247.39,64935
2022-09-30T00:00:00+00:00,26247.39,26349.7,25877.19,25957.21,67798
2022-10-03T00:00:00+00:00,25957.21,26789.86,25685.34,26682.35,47714
2022-10-04T00:00:00+00:00,26682.35,27272.25,26599.73,27267.23,48801
2022-10-05T00:00:00+00:00,27267.23,27267.46,26917.45,27149.94,43099
2022-10-06T00:00:00+00:00,27149.94,27477.38,27069.87,27087.39,51661
2022-10-07T00:00:00+00:00,27087.39,27269.5,26724.48,26801.98,47511
2022-10-10T00:00:00+00:00,26801.98,26824.09,26556.57,26736.58,45464
2022-10-11T00:00:00+00:00,26736.58,26799.04,26351.54,26451.56,63084
2022-10-12T00:00:00+00:00,26451.56,26563.91,26361.39,26436.41,59219
2022-10-13T00:00:00+00:00,26436.41,26893.93,25921.42,26876.42,73688
2022-10-14T00:00:00+00:00,26876.42,27239.04,26644.04,26644.04,79220
2022-10-17T00:00:00+00:00,26644.04,27181.59,26614.57,27179.08,44650
2022-10-18T00:00:00+00:00,27179.08,27374.1,26971.58,27236.59,55232
2022-10-19T00:00:00+00:00,27236.59,27434.19,26966.67,27134.18,57409
2022-10-20T00:00:00+00:00,27134.18,27167.18,26737.18,26892.18,55121
2022-10-21T00:00:00+00:00,26892.18,27206.58,26817.49,27204.09,57507
2022-10-24T00:00:00+00:00,27204.09,27438.87,26923.87,27226.36,42801
2022-10-25T00:00:00+00:00,27226.36,27633.68,27153.67,27591.17,36936
2022-10-26T00:00:00+00:00,27591.17,27708.85,27449.33,27518.83,44596
2022-10-27T00:00:00+00:00,27518.83,27558.86,27009.37,27124.35,50372
2022-10-28T00:00:00+00:00,27124.35,27603.88,27048.88,27596.36,39561
2022-10-31T00:00:00+00:00,27596.36,27663.88,27474.39,27636.38,46275
2022-11-01T00:00:00+00:00,27636.38,27851.36,27583.84,27643.85,50415
2022-11-02T00:00:00+00:00,27643.85,27816.42,27358.9,27391.42,53336
2022-11-03T00:00:00+00:00,27391.42,27478.89,27243.88,27359.37,48831
2022-11-04T00:00:00+00:00,27359.37,27603.84,27093.83,27581.34,74532
2022-11-07T00:00:00+00:00,27581.34,27793.64,27426.13,27711.14,43835
2022-11-08T00:00:00+00:00,27711.14,28078.68,27699.16,27919.17,43120
2022-11-09T00:00:00+00:00,27919.17,28018.66,27588.64,27621.15,48127
2022-11-10T00:00:00+00:00,27621.15,28058.69,27429.16,28056.17,48318
2022-11-11T00:00:00+00:00,28056.17,28401.15,28043.65,28166.15,56599
2022-11-14T00:00:00+00:00,28166.15,28296.11,28013.61,28071.1,40917
2022-11-15T00:00:00+00:00,28071.1,28288.58,27959.07,28056.06,57618
2022-11-16T00:00:00+00:00,28056.06,28183.55,27804.02,28018.55,40170
2022-11-17T00:00:00+00:00,28018.55,28101.05,27851.03,28041.03,39557
2022-11-18T00:00:00+00:00,28041.03,28123.51,27930.99,28025.99,36130
2022-11-21T00:00:00+00:00,28025.99,28163.36,27913.35,28120.86,28682
2022-11-22T00:00:00+00:00,28120.86,28423.34,28085.83,28418.33,38380
2022-11-23T00:00:00+00:00,28418.33,28493.32,28365.8,28420.8,28209
2022-11-24T00:00:00+00:00,28420.8,28573.26,28403.24,28438.76,11519
2022-11-25T00:00:00+00:00,28438.76,28480.77,28323.27,28420.77,14967
2022-11-28T00:00:00+00:00,28420.77,28420.77,28113.11,28180.6,31264
2022-11-29T00:00:00+00:00,28180.6,28193.07,27968.05,28050.57,30426
2022-11-30T00:00:00+00:00,28050.57,28500.51,27878,28500.51,31076
2022-12-01T00:00:00+00:00,28500.51,28565.47,28002.95,28070.46,38487
2022-12-02T00:00:00+00:00,28070.46,28127.92,27568.41,27732.92,34985
2022-12-05T00:00:00+00:00,27732.92,27940.25,27688.22,27760.23,30145
2022-12-06T00:00:00+00:00,27760.23,28012.68,27617.67,27735.18,34237
2022-12-07T00:00:00+00:00,27735.18,27847.62,27622.6,27648.12,37491
2022-12-08T00:00:00+00:00,27648.12,27862.35,27512.33,27819.84,28750
2022-12-09T00:00:00+00:00,27819.84,28092.28,27742.78,27869.78,28722
2022-12-12T00:00:00+00:00,27869.78,28162.07,27797.06,28129.56,23511
2022-12-13T00:00:00+00:00,28129.56,28412.09,27992.07,28119.57,45700
2022-12-14T00:00:00+00:00,28119.57,28302.12,27972.6,28109.6,41283
2022-12-15T00:00:00+00:00,28109.6,28259.7,27722.19,27764.69,36262
2022-12-16T00:00:00+00:00,27764.69,27789.56,27282.05,27404.55,36856
2022-12-19T00:00:00+00:00,27404.55,27471.84,27229.35,27319.35,29928
2022-12-20T00:00:00+00:00,27319.35,27426.76,26227.26,26489.27,36903
2022-12-21T00:00:00+00:00,26489.27,26713.83,26356.81,26633.82,27118
2022-12-22T00:00:00+00:00,26633.82,26728.33,26058.32,26238.32,24538
2022-12-23T00:00:00+00:00,26238.32,26448.48,26186.45,26385.98,33322
2022-12-27T00:00:00+00:00,26385.98,26715.77,26310.76,26386.28,27305
2022-12-28T00:00:00+00:00,26386.28,26460.6,26185.58,26220.59,31349
2022-12-29T00:00:00+00:00,26220.59,26447.86,26007.85,26367.86,17825
2022-12-30T00:00:00+00:00,26367.86,26389.89,25742.37,25904.89,25731
2023-01-03T00:00:00+00:00,25904.89,26064.89,25689.88,25927.38,38438
2023-01-04T00:00:00+00:00,25927.38,26032.12,25717.12,25959.62,36735
2023-01-05T00:00:00+00:00,25959.62,26046.97,25791.95,25826.96,36041
2023-01-06T00:00:00+00:00,25826.96,26306.65,25801.65,26264.15,35740
2023-01-09T00:00:00+00:00,26264.15,26556.43,26256.41,26316.43,17132
2023-01-10T00:00:00+00:00,26316.43,26408.89,26186.39,26373.9,34216
2023-01-11T00:00:00+00:00,26373.9,26641.07,26361.55,26623.57,19735
2023-01-12T00:00:00+00:00,26623.57,26636.06,26051.06,26313.55,38971
2023-01-13T00:00:00+00:00,26313.55,26472.57,25785.06,25912.56,26546
2023-01-16T00:00:00+00:00,25912.56,26027.6,25820.59,25982.59,12140
2023-01-17T00:00:00+00:00,25982.59,26520.28,25950.79,26400.29,21120
2023-01-18T00:00:00+00:00,26400.29,27061.11,26338.13,26593.14,30089
2023-01-19T00:00:00+00:00,26593.14,26700.8,26361.28,26483.31,29626
2023-01-20T00:00:00+00:00,26483.31,27040.87,26406.35,27018.35,26878
2023-01-23T00:00:00+00:00,27018.35,27333.17,26885.68,27278.18,21353
2023-01-24T00:00:00+00:00,27278.18,27485.7,27200.68,27321.17,24219
2023-01-25T00:00:00+00:00,27321.17,27578.26,27245.76,27523.26,26389
2023-01-26T00:00:00+00:00,27523.26,27645.64,27385.63,27596.14,28901
2023-01-27T00:00:00+00:00,27596.14,27605.68,27410.67,27568.16,22447
2023-01-30T00:00:00+00:00,27568.16,27696.33,27436.31,27536.3,24137
2023-01-31T00:00:00+00:00,27536.3,27613.84,27308.82,27591.33,23312
2023-02-01T00:00:00+00:00,27591.33,27638.83,27249.31,27584.33,31212
2023-02-02T00:00:00+00:00,27584.33,27706.41,27431.4,27586.42,30180
2023-02-03T00:00:00+00:00,27586.42,27843.85,27516.33,27726.33,33413
2023-02-06T00:00:00+00:00,27726.33,27948.89,27638.88,27776.37,27166
2023-02-07T00:00:00+00:00,27776.37,27898.87,27461.35,27738.87,30299
2023-02-08T00:00:00+00:00,27738.87,27753.83,27468.82,27528.83,22060
2023-02-09T00:00:00+00:00,27528.83,27793.91,27504.41,27623.89,26987
2023-02-10T00:00:00+00:00,27623.89,27888.86,27494.34,27686.35,28547
2023-02-13T00:00:00+00:00,27686.35,27821.27,27343.75,27796.27,18214
2023-02-14T00:00:00+00:00,27796.27,27868.85,27613.84,27823.84,31253
2023-02-15T00:00:00+00:00,27823.84,27838.8,27521.29,27731.29,20629
2023-02-16T00:00:00+00:00,27731.29,27821.29,27578.77,27586.29,21501
2023-02-17T00:00:00+00:00,27586.29,27683.76,27468.74,27588.74,21156
2023-02-20T00:00:00+00:00,27588.74,27613.62,27496.1,27539.1,7755
2023-02-21T00:00:00+00:00,27539.1,27611.09,27343.58,27363.58,21215
2023-02-22T00:00:00+00:00,27363.58,27374.14,27033.64,27153.64,24844
2023-02-23T00:00:00+00:00,27153.64,27333.62,27093.6,27296.1,18329
2023-02-24T00:00:00+00:00,27296.1,27538.59,27219.09,27438.6,20314
2023-02-27T00:00:00+00:00,27438.6,27632.61,27367.59,27607.59,17079
2023-02-28T00:00:00+00:00,27607.59,27657.59,27447.58,27452.59,16726
2023-03-01T00:00:00+00:00,27452.59,27632.59,27375.07,27592.57,20120
2023-03-02T00:00:00+00:00,27592.57,27812.58,27470.06,27787.56,19847
2023-03-03T00:00:00+00:00,27787.56,28302.57,27712.55,28267.57,17380
2023-03-06T00:00:00+00:00,28267.57,28392.54,28232.53,28310.05,16717
2023-03-07T00:00:00+00:00,28310.05,28527.54,28242.52,28260.04,21113
2023-03-08T00:00:00+00:00,28260.04,28712.53,28223.02,28693.02,20471
2023-03-09T00:00:00+00:00,28693.02,28882.16,28342.14,28422.14,21283
2023-03-10T00:00:00+00:00,28422.14,28597.43,27889.44,27896.93,44399
2023-03-13T00:00:00+00:00,27896.93,28114.68,27404.68,27637.17,71685
2023-03-14T00:00:00+00:00,27637.17,27695.18,27263.16,27590.17,40865
2023-03-15T00:00:00+00:00,27590.17,27645.54,26605.53,26895.53,56636
2023-03-16T00:00:00+00:00,26895.53,27462.71,26773.21,27442.73,44127
2023-03-17T00:00:00+00:00,27442.73,27567.89,27050.4,27120.39,40434
2023-03-20T00:00:00+00:00,27120.39,27522.11,26797.09,27259.6,55939
2023-03-21T00:00:00+00:00,27259.6,27552.21,27217.19,27522.2,22246
2023-03-22T00:00:00+00:00,27522.2,27769.7,27352.19,27399.68,31439
2023-03-23T00:00:00+00:00,27399.68,27764.66,27307.65,27492.14,36737
2023-03-24T00:00:00+00:00,27492.14,27622.37,27242.35,27524.85,46259
2023-03-27T00:00:00+00:00,27524.85,27752.32,27492.82,27739.81,24121
2023-03-28T00:00:00+00:00,27739.81,27762.32,27537.3,27642.31,18773
2023-03-29T00:00:00+00:00,27642.31,28217.28,27617.76,28202.27,17591
2023-03-30T00:00:00+00:00,28202.27,28202.27,27761.41,28083.92,18324
2023-03-31T00:00:00+00:00,28083.92,28363.24,28048.72,28360.73,17603
2023-04-03T00:00:00+00:00,28360.73,28410.79,28178.27,28348.27,18128
2023-04-04T00:00:00+00:00,28348.27,28468.29,28140.8,28240.79,17945
2023-04-05T00:00:00+00:00,28240.79,28280.81,27705.79,27820.79,20442
2023-04-06T00:00:00+00:00,27820.79,27843.29,27563.27,27745.78,17271
2023-04-07T00:00:00+00:00,27745.78,27785.53,27583.01,27778.02,6347
2023-04-10T00:00:00+00:00,27778.02,28005.49,27720.47,27995.48,13003
2023-04-11T00:00:00+00:00,27995.48,28215.49,27963.46,28160.47,15624
2023-04-12T00:00:00+00:00,28160.47,28357.97,28022.96,28032.96,21559
2023-04-13T00:00:00+00:00,28032.96,28547.96,27977.94,28492.95,18379
2023-04-14T00:00:00+00:00,28492.95,28695.4,28432.9,28642.88,21404
2023-04-17T00:00:00+00:00,28642.88,28712.91,28517.89,28695.41,16556
2023-04-18T00:00:00+00:00,28695.41,28862.91,28623.4,28765.41,17559
2023-04-19T00:00:00+00:00,28765.41,28780.38,28502.87,28647.87,14909
2023-04-20T00:00:00+00:00,28647.87,28797.88,28542.86,28710.38,17420
2023-04-21T00:00:00+00:00,28710.38,28877.89,28582.87,28757.87,19498
2023-04-24T00:00:00+00:00,28757.87,28837.86,28650.34,28785.36,15350
2023-04-25T00:00:00+00:00,28785.36,28897.82,28457.82,28535.34,21263
2023-04-26T00:00:00+00:00,28535.34,28650.31,28347.8,28412.8,23786
2023-04-27T00:00:00+00:00,28412.8,28852.86,28340.34,28827.84,17345
2023-04-28T00:00:00+00:00,28827.84,29188.12,28583.61,29150.61,26545
2023-05-01T00:00:00+00:00,29150.61,29448.28,29105.77,29360.78,14912
2023-05-02T00:00:00+00:00,29360.78,29385.87,28750.86,28875.86,27929
2023-05-03T00:00:00+00:00,28875.86,29033.51,28723.52,28761.01,34124
2023-05-04T00:00:00+00:00,28761.01,28870.98,28628.47,28698.46,35137
2023-05-05T00:00:00+00:00,28698.46,29238.44,28693.92,29178.44,17895
2023-05-08T00:00:00+00:00,29178.44,29233.3,29018.29,29125.81,19375
2023-05-09T00:00:00+00:00,29125.81,29360.8,29093.82,29298.3,19063
2023-05-10T00:00:00+00:00,29298.3,29333.31,28978.29,29143.29,26112
2023-05-11T00:00:00+00:00,29143.29,29278.38,29040.86,29205.87,26162
2023-05-12T00:00:00+00:00,29205.87,29668.37,29183.36,29648.35,24185
2023-05-15T00:00:00+00:00,29648.35,29988.14,29555.64,29945.62,20944
2023-05-16T00:00:00+00:00,29945.62,30078.21,29860.69,29968.19,21048
2023-05-17T00:00:00+00:00,29968.19,30630.63,29948.12,30600.62,21231
2023-05-18T00:00:00+00:00,30600.62,31020.64,30468.12,30985.62,28509
2023-05-19T00:00:00+00:00,30985.62,31073.09,30760.6,30943.11,28718
2023-05-22T00:00:00+00:00,30943.11,31388.03,30780.51,31298.01,28158
2023-05-23T00:00:00+00:00,31298.01,31452.99,30655.5,30788,34774
2023-05-24T00:00:00+00:00,30788,30967.96,30507.94,30705.46,25857
2023-05-25T00:00:00+00:00,30705.46,31218.04,30613.53,31170.54,32359
2023-05-26T00:00:00+00:00,31170.54,31660.52,30988.53,31618.03,23279
2023-05-29T00:00:00+00:00,31618.03,31742.99,31240.48,31353.47,16193
2023-05-30T00:00:00+00:00,31353.47,31527.96,31145.46,31207.97,31327
2023-05-31T00:00:00+00:00,31207.97,31225.44,30717.92,30850.42,32959
2023-06-01T00:00:00+00:00,30850.42,31512.89,30843.38,31475.37,28535
2023-06-02T00:00:00+00:00,31475.37,32087.87,31347.86,32022.85,28930
2023-06-05T00:00:00+00:00,32022.85,32642.72,31883.2,32207.7,31345
2023-06-06T00:00:00+00:00,32207.7,32777.67,32002.67,32700.17,30192
2023-06-07T00:00:00+00:00,32700.17,32787.59,31837.6,31923.11,42869
2023-06-08T00:00:00+00:00,31923.11,32239.9,31602.4,32065.41,30077
2023-06-09T00:00:00+00:00,32065.41,32724.77,32055.26,32539.75,36396
2023-06-12T00:00:00+00:00,32539.75,32909.71,32430.19,32879.7,29932
2023-06-13T00:00:00+00:00,32879.7,33749.7,32804.68,33610.18,44151
2023-06-14T00:00:00+00:00,33610.18,33979.97,33369.96,33799.97,42631
2023-06-15T00:00:00+00:00,33799.97,33960.48,33315.49,33655.5,40631
2023-06-16T00:00:00+00:00,33655.5,34157.95,33342.93,33915.43,42509
2023-06-19T00:00:00+00:00,33915.43,34007.81,33375.29,33497.8,25213
2023-06-20T00:00:00+00:00,33497.8,33625.32,33215.3,33275.8,37138
2023-06-21T00:00:00+00:00,33275.8,33930.29,33252.79,33720.27,36643
2023-06-22T00:00:00+00:00,33720.27,33782.86,33295.34,33645.35,30724
2023-06-23T00:00:00+00:00,33645.35,33707.76,32540.24,32807.759999999995,51128
2023-06-26T00:00:00+00:00,32807.759999999995,33050.31,32525.809999999998,32732.819999999996,38067
2023-06-27T00:00:00+00:00,32732.819999999996,33025.14,32430.629999999997,32960.12999999999,30878
2023-06-28T00:00:00+00:00,32960.12999999999,33505.13999999999,32772.619999999995,33420.119999999995,33604
2023-06-29T00:00:00+00:00,33420.119999999995,33667.299999999996,33229.799999999996,33304.799999999996,29548
2023-06-30T00:00:00+00:00,33304.799999999996,33654.899999999994,33050.38999999999,33567.399999999994,23919
2023-07-03T00:00:00+00:00,33567.399999999994,33967.259999999995,33562.24999999999,33747.23999999999,19643
2023-07-04T00:00:00+00:00,33747.23999999999,33757.26999999999,33304.74999999999,33345.24999999999,13749
2023-07-05T00:00:00+00:00,33345.24999999999,33514.63999999999,33114.62999999999,33237.13999999999,24953
2023-07-06T00:00:00+00:00,33237.13999999999,33237.13999999999,32369.429999999993,32531.929999999993,31279
2023-07-07T00:00:00+00:00,32531.929999999993,32856.78999999999,32346.77999999999,32556.769999999993,28554
2023-07-10T00:00:00+00:00,32556.769999999993,32696.61999999999,32184.61999999999,32461.629999999994,27316
2023-07-11T00:00:00+00:00,32461.629999999994,32603.859999999993,32178.86999999999,32443.86999999999,22666
2023-07-12T00:00:00+00:00,32443.86999999999,32531.359999999993,31893.84999999999,32161.359999999993,33742
2023-07-13T00:00:00+00:00,32161.359999999993,32943.799999999996,32068.789999999994,32886.27999999999,25522
2023-07-14T00:00:00+00:00,32886.27999999999,33009.20999999999,32342.199999999993,32471.699999999993,28543
2023-07-17T00:00:00+00:00,32471.699999999993,32591.61999999999,32239.11999999999,32494.139999999992,19170
2023-07-18T00:00:00+00:00,32494.139999999992,32941.59999999999,32462.109999999993,32871.58999999999,25047
2023-07-19T00:00:00+00:00,32871.58999999999,33191.59999999999,32786.59,33004.10999999999,27979
2023-07-20T00:00:00+00:00,33004.10999999999,33016.59999999999,32371.579999999994,32444.089999999993,28446
2023-07-21T00:00:00+00:00,32444.089999999993,32891.52999999999,32191.519999999993,32814.01999999999,28342
2023-07-24T00:00:00+00:00,32814.01999999999,32956.48999999999,32621.47999999999,32873.999999999985,23504
2023-07-25T00:00:00+00:00,32873.999999999985,32894.00999999999,32626.979999999985,32763.999999999985,18504
2023-07-26T00:00:00+00:00,32763.999999999985,32848.96999999999,32526.479999999985,32656.469999999987,24996
2023-07-27T00:00:00+00:00,32656.469999999987,33351.57999999999,32552.079999999987,32704.079999999987,30386
2023-07-28T00:00:00+00:00,32704.079999999987,33269.61999999999,32122.109999999986,33227.12999999998,42113
2023-07-31T00:00:00+00:00,33227.12999999998,33506.819999999985,33109.319999999985,33414.30999999998,26974
2023-08-01T00:00:00+00:00,33414.30999999998,33591.889999999985,33264.389999999985,33321.889999999985,24087
2023-08-02T00:00:00+00:00,33321.889999999985,33321.889999999985,32364.869999999984,32384.389999999985,36518
2023-08-03T00:00:00+00:00,32384.389999999985,32551.659999999985,31784.159999999985,32029.139999999985,49641
2023-08-04T00:00:00+00:00,32029.139999999985,32406.689999999984,31981.679999999986,32059.179999999986,44210
2023-08-07T00:00:00+00:00,32059.179999999986,32554.069999999985,31911.559999999987,32534.059999999987,33321
2023-08-08T00:00:00+00:00,32534.059999999987,32636.569999999985,32201.549999999985,32404.559999999987,34072
2023-08-09T00:00:00+00:00,32404.559999999987,32511.439999999984,32158.929999999986,32291.449999999986,33023
2023-08-10T00:00:00+00:00,32291.449999999986,32926.54999999999,32119.529999999984,32629.039999999986,47315
2023-08-11T00:00:00+00:00,32629.039999999986,32816.47999999998,32538.969999999987,32586.479999999985,29128
2023-08-14T00:00:00+00:00,32586.479999999985,32711.299999999985,32126.279999999984,32403.799999999985,33795
2023-08-15T00:00:00+00:00,32403.799999999985,32501.209999999985,31988.709999999985,32013.709999999985,34171
2023-08-16T00:00:00+00:00,32013.709999999985,32088.719999999987,31731.199999999986,31758.709999999985,36031
2023-08-17T00:00:00+00:00,31758.709999999985,31883.639999999985,31393.619999999984,31426.139999999985,38391
2023-08-18T00:00:00+00:00,31426.139999999985,31728.559999999987,31333.549999999985,31568.569999999985,45200
2023-08-21T00:00:00+00:00,31568.569999999985,31943.419999999984,31490.919999999984,31923.409999999985,34508
2023-08-22T00:00:00+00:00,31923.409999999985,32115.849999999984,31778.339999999986,31840.839999999986,32559
2023-08-23T00:00:00+00:00,31840.839999999986,32298.299999999985,31788.299999999985,32290.809999999987,30139
2023-08-24T00:00:00+00:00,32290.809999999987,32383.259999999984,31763.239999999987,31793.259999999984,32028
2023-08-25T00:00:00+00:00,31793.259999999984,31985.709999999985,31640.699999999986,31950.709999999985,32960
2023-08-28T00:00:00+00:00,31950.709999999985,32413.029999999984,31948.509999999984,32408.029999999984,19900
2023-08-29T00:00:00+00:00,32408.029999999984,32542.959999999985,32237.969999999987,32527.969999999987,20161
2023-08-30T00:00:00+00:00,32527.969999999987,32635.459999999985,32267.949999999986,32482.969999999987,26717
2023-08-31T00:00:00+00:00,32482.969999999987,32767.889999999985,32422.889999999985,32575.369999999984,27750
2023-09-01T00:00:00+00:00,32575.369999999984,32917.859999999986,32532.499999999985,32840.359999999986,34466
2023-09-04T00:00:00+00:00,32840.359999999986,33162.71999999999,32782.709999999985,32983.18999999999,20672
2023-09-05T00:00:00+00:00,32983.18999999999,33242.669999999984,32852.65999999999,33135.179999999986,32609
2023-09-06T00:00:00+00:00,33135.179999999986,33372.61999999999,33082.609999999986,33207.609999999986,29558
2023-09-07T00:00:00+00:00,33207.609999999986,33481.57999999999,32931.569999999985,33056.57999999999,28843
2023-09-08T00:00:00+00:00,33056.57999999999,33121.51999999998,32626.519999999986,32886.529999999984,30710
2023-09-11T00:00:00+00:00,32886.529999999984,32886.529999999984,32521.489999999987,32796.499999999985,30562
2023-09-12T00:00:00+00:00,32796.499999999985,33030.40999999999,32615.409999999985,32910.389999999985,28776
2023-09-13T00:00:00+00:00,32910.389999999985,33060.62999999998,32750.609999999986,32993.12999999998,34560
2023-09-14T00:00:00+00:00,32993.12999999998,33545.12999999998,32962.61999999999,33540.11999999999,30591
2023-09-15T00:00:00+00:00,33540.11999999999,33785.249999999985,33367.749999999985,33402.75999999999,36033
2023-09-18T00:00:00+00:00,33402.75999999999,33480.109999999986,33275.08999999998,33397.58999999998,22619
2023-09-19T00:00:00+00:00,33397.58999999998,33520.05999999998,33260.04999999999,33392.55999999998,26477
2023-09-20T00:00:00+00:00,33392.55999999998,33429.79999999999,33097.279999999984,33099.79999999999,29532
2023-09-21T00:00:00+00:00,33099.79999999999,33102.97999999999,32348.459999999985,32355.469999999987,42674
2023-09-22T00:00:00+00:00,32355.469999999987,32752.699999999986,32277.689999999984,32610.189999999984,37796
2023-09-25T00:00:00+00:00,32610.189999999984,32857.72999999999,32502.719999999987,32825.209999999985,38102
2023-09-26T00:00:00+00:00,32825.209999999985,32825.209999999985,32162.979999999985,32237.999999999985,39518
2023-09-27T00:00:00+00:00,32237.999999999985,32587.949999999986,32070.459999999985,32405.449999999986,41893
2023-09-28T00:00:00+00:00,32405.449999999986,32405.449999999986,31766.079999999987,32106.079999999987,51650
2023-09-29T00:00:00+00:00,32106.079999999987,32225.839999999986,31815.819999999985,31938.329999999987,50072
2023-10-02T00:00:00+00:00,31938.329999999987,32505.409999999985,31580.409999999985,31710.399999999987,54140
2023-10-03T00:00:00+00:00,31710.399999999987,31765.339999999986,30757.829999999987,30822.829999999987,59061
2023-10-04T00:00:00+00:00,30822.829999999987,30925.199999999986,30365.189999999984,30792.679999999986,64526
2023-10-05T00:00:00+00:00,30792.679999999986,31294.849999999984,30654.829999999987,31127.339999999986,54372
2023-10-06T00:00:00+00:00,31127.339999999986,31489.749999999985,30962.229999999985,31447.249999999985,59138
2023-10-09T00:00:00+00:00,31447.249999999985,31447.249999999985,31029.509999999984,31366.999999999985,33750
2023-10-10T00:00:00+00:00,31366.999999999985,32074.499999999985,31344.979999999985,31894.479999999985,44964
2023-10-11T00:00:00+00:00,31894.479999999985,32189.519999999986,31864.509999999984,32129.519999999986,40751
2023-10-12T00:00:00+00:00,32129.519999999986,32759.589999999986,32090.089999999986,32372.069999999985,47885
2023-10-13T00:00:00+00:00,32372.069999999985,32622.049999999985,31944.549999999985,31989.559999999987,55402
2023-10-16T00:00:00+00:00,31989.559999999987,32151.819999999985,31654.309999999987,32084.319999999985,45428
2023-10-17T00:00:00+00:00,32084.319999999985,32354.269999999986,31911.749999999985,32214.749999999985,51064
2023-10-18T00:00:00+00:00,32214.749999999985,32228.989999999987,31683.969999999987,31753.979999999985,50159
2023-10-19T00:00:00+00:00,31753.979999999985,31831.399999999987,31338.899999999987,31361.419999999984,70327
2023-10-20T00:00:00+00:00,31361.419999999984,31521.179999999986,31093.669999999984,31106.159999999985,58004
2023-10-23T00:00:00+00:00,31106.159999999985,31288.519999999986,30818.499999999985,31153.519999999986,51255
2023-10-24T00:00:00+00:00,31153.519999999986,31388.389999999985,30638.379999999986,31345.879999999986,56775
2023-10-25T00:00:00+00:00,31345.879999999986,31553.409999999985,31025.889999999985,31038.409999999985,52621
2023-10-26T00:00:00+00:00,31038.409999999985,31038.409999999985,30545.859999999986,30628.859999999986,62362
2023-10-27T00:00:00+00:00,30628.859999999986,31180.809999999987,30610.799999999985,30728.299999999985,55235
2023-10-30T00:00:00+00:00,30728.299999999985,30943.209999999985,30473.189999999984,30675.679999999986,52074
2023-10-31T00:00:00+00:00,30675.679999999986,31483.199999999986,30633.179999999986,31455.679999999986,54838
2023-11-01T00:00:00+00:00,31455.679999999986,31998.139999999985,31378.119999999984,31995.619999999984,58667
2023-11-02T00:00:00+00:00,31995.619999999984,32438.129999999986,31903.119999999984,32415.609999999986,42369
2023-11-03T00:00:00+00:00,32415.609999999986,32908.15999999999,32313.139999999985,32820.639999999985,22019
2023-11-06T00:00:00+00:00,32820.639999999985,32872.98999999998,32555.479999999985,32697.989999999987,34659
2023-11-07T00:00:00+00:00,32697.989999999987,32718.009999999984,32287.999999999985,32580.519999999986,34176
2023-11-08T00:00:00+00:00,32580.519999999986,32647.959999999985,32127.979999999985,32402.979999999985,39722
2023-11-09T00:00:00+00:00,32402.979999999985,32957.97999999999,32282.979999999985,32597.979999999985,43575
2023-11-10T00:00:00+00:00,32597.979999999985,33007.94999999998,32330.429999999986,32930.43999999999,41757
2023-11-13T00:00:00+00:00,32930.43999999999,33077.96999999999,32582.949999999986,32858.459999999985,35431
2023-11-14T00:00:00+00:00,32858.459999999985,33325.40999999999,32750.399999999987,33315.389999999985,35795
2023-11-15T00:00:00+00:00,33315.389999999985,33680.36999999999,33280.359999999986,33457.859999999986,40894
2023-11-16T00:00:00+00:00,33457.859999999986,33700.419999999984,33287.919999999984,33502.919999999984,38583
2023-11-17T00:00:00+00:00,33502.919999999984,33687.97999999999,33337.96999999999,33590.46999999999,32997
2023-11-20T00:00:00+00:00,33590.46999999999,33937.86999999999,33267.849999999984,33490.349999999984,33316
2023-11-21T00:00:00+00:00,33490.349999999984,33550.30999999998,33212.789999999986,33252.80999999998,30549
2023-11-22T00:00:00+00:00,33252.80999999998,33847.79999999999,33178.289999999986,33835.29999999999,35341
2023-11-23T00:00:00+00:00,33835.29999999999,33835.29999999999,33705.21999999999,33803.22999999999,11118
2023-11-24T00:00:00+00:00,33803.22999999999,33902.71999999999,33667.71999999999,33817.69999999998,18497
2023-11-27T00:00:00+00:00,33817.69999999998,33892.669999999984,33472.64999999999,33592.64999999999,28002
2023-11-28T00:00:00+00:00,33592.64999999999,33647.669999999984,33300.15999999999,33382.64999999999,32366
2023-11-29T00:00:00+00:00,33382.64999999999,33597.65999999999,33262.64999999999,33390.169999999984,35341
2023-11-30T00:00:00+00:00,33390.169999999984,33657.669999999984,33232.64999999999,33597.65999999999,38331
2023-12-01T00:00:00+00:00,33597.65999999999,33647.64999999999,33327.62999999998,33547.64999999999,36012
2023-12-04T00:00:00+00:00,33547.64999999999,33547.64999999999,32975.05999999998,33132.569999999985,38460
2023-12-05T00:00:00+00:00,33132.569999999985,33155.04999999999,32760.039999999986,32990.04999999999,38704
2023-12-06T00:00:00+00:00,32990.04999999999,33535.029999999984,32952.51999999998,33203.039999999986,34840
2023-12-07T00:00:00+00:00,33203.039999999986,33324.47999999999,32311.969999999987,32571.989999999987,50382
2023-12-08T00:00:00+00:00,32571.989999999987,32773.96999999999,32361.449999999986,32731.449999999986,43442
2023-12-11T00:00:00+00:00,32731.449999999986,33268.999999999985,32689.489999999987,33251.499999999985,35059
2023-12-12T00:00:00+00:00,33251.499999999985,33349.36999999999,32914.86999999999,33146.849999999984,28120
2023-12-13T00:00:00+00:00,33146.849999999984,33237.069999999985,32839.54999999999,33059.569999999985,29903
2023-12-14T00:00:00+00:00,33059.569999999985,33299.539999999986,32634.519999999986,32810.039999999986,49719
2023-12-15T00:00:00+00:00,32810.039999999986,33257.18999999999,32810.039999999986,32852.18999999999,35622
2023-12-18T00:00:00+00:00,32852.18999999999,33014.389999999985,32689.389999999985,32936.86999999999,25019
2023-12-19T00:00:00+00:00,32936.86999999999,33824.349999999984,32794.32999999999,33579.349999999984,33085
2023-12-20T00:00:00+00:00,33579.349999999984,33964.319999999985,33194.30999999998,33341.80999999998,33546
2023-12-21T00:00:00+00:00,33341.80999999998,33479.779999999984,33215.26999999998,33442.25999999999,35601
2023-12-22T00:00:00+00:00,33442.25999999999,33555.00999999999,33237.48999999998,33427.499999999985,27162
2023-12-26T00:00:00+00:00,33427.499999999985,33697.65999999999,33355.169999999984,33652.669999999984,7194
2023-12-27T00:00:00+00:00,33652.669999999984,33892.58999999998,33567.58999999998,33647.58999999998,25618
2023-12-28T00:00:00+00:00,33647.58999999998,33678.139999999985,33400.61999999999,33550.639999999985,25160
2023-12-29T00:00:00+00:00,33550.639999999985,33758.349999999984,33310.82999999999,33418.32999999999,24341
2024-01-02T00:00:00+00:00,33418.32999999999,33551.099999999984,33083.58999999998,33196.08999999998,16145
2024-01-03T00:00:00+00:00,33196.08999999998,33476.07999999999,33166.05999999998,33191.05999999998,29739
2024-01-04T00:00:00+00:00,33191.05999999998,33631.05999999998,32803.54999999999,33478.539999999986,34225
2024-01-05T00:00:00+00:00,33478.539999999986,33741.07999999999,33371.07999999999,33531.08999999998,36314
2024-01-08T00:00:00+00:00,33531.08999999998,34046.039999999986,33373.529999999984,33973.51999999998,15664
2024-01-09T00:00:00+00:00,33973.51999999998,34101.01999999998,33710.999999999985,34008.50999999999,32486
2024-01-10T00:00:00+00:00,34008.50999999999,35068.54999999999,33961.04999999999,35061.05999999998,34764
2024-01-11T00:00:00+00:00,35061.05999999998,35923.50999999999,34956.01999999998,35376.50999999999,35824
2024-01-12T00:00:00+00:00,35376.50999999999,35853.65999999999,35311.639999999985,35663.64999999999,52796
2024-01-15T00:00:00+00:00,35663.64999999999,36328.539999999986,35628.54999999999,36301.539999999986,29120
2024-01-16T00:00:00+00:00,36301.539999999986,36301.539999999986,35686.029999999984,36033.529999999984,58002
2024-01-17T00:00:00+00:00,36033.529999999984,36370.96999999999,35428.459999999985,35640.959999999985,55690
2024-01-18T00:00:00+00:00,35640.959999999985,36205.96999999999,35476.46999999999,36188.44999999998,48571
2024-01-19T00:00:00+00:00,36188.44999999998,36465.789999999986,35905.76999999998,36405.789999999986,47497
2024-01-22T00:00:00+00:00,36405.789999999986,36850.79999999999,36401.279999999984,36818.289999999986,35462
2024-01-23T00:00:00+00:00,36818.289999999986,37105.75999999999,36158.25999999999,36625.76999999998,39816
2024-01-24T00:00:00+00:00,36625.76999999998,36685.79999999999,36210.789999999986,36233.29999999999,37268
2024-01-25T00:00:00+00:00,36233.29999999999,36420.609999999986,36003.109999999986,36145.61999999999,36358
2024-01-26T00:00:00+00:00,36145.61999999999,36205.68999999999,35790.669999999984,35993.18999999999,36824
2024-01-29T00:00:00+00:00,35993.18999999999,36298.109999999986,35895.599999999984,36270.599999999984,28512
2024-01-30T00:00:00+00:00,36270.599999999984,36380.609999999986,35845.58999999998,35855.609999999986,29518
2024-01-31T00:00:00+00:00,35855.609999999986,36498.65999999999,35773.639999999985,36073.64999999999,46510
2024-02-01T00:00:00+00:00,36073.64999999999,36408.679999999986,35836.15999999999,36381.179999999986,46679
2024-02-02T00:00:00+00:00,36381.179999999986,36548.669999999984,36133.65999999999,36508.669999999984,39525
2024-02-05T00:00:00+00:00,36508.669999999984,36619.15999999999,36231.139999999985,36466.14999999999,33229
2024-02-06T00:00:00+00:00,36466.14999999999,36476.01999999998,35925.999999999985,36083.50999999999,33884
2024-02-07T00:00:00+00:00,36083.50999999999,36498.569999999985,35943.54999999999,36489.04999999999,33722
2024-02-08T00:00:00+00:00,36489.04999999999,37243.58999999998,36408.569999999985,37216.08999999998,35792
2024-02-09T00:00:00+00:00,37216.08999999998,37381.039999999986,36976.029999999984,37218.529999999984,29809
2024-02-12T00:00:00+00:00,37218.529999999984,37693.50999999999,37163.48999999998,37560.98999999998,16824
2024-02-13T00:00:00+00:00,37560.98999999998,38493.47999999999,37498.98999999998,37803.97999999999,48413
2024-02-14T00:00:00+00:00,37803.97999999999,38220.94999999998,37683.44999999998,38198.46999999999,41720
2024-02-15T00:00:00+00:00,38198.46999999999,38748.44999999998,38020.93999999999,38713.43999999999,38254
2024-02-16T00:00:00+00:00,38713.43999999999,38958.40999999999,38318.90999999999,38343.40999999999,46315
2024-02-19T00:00:00+00:00,38343.40999999999,38700.919999999984,38343.40999999999,38648.919999999984,22134
2024-02-20T00:00:00+00:00,38648.919999999984,38833.389999999985,38200.889999999985,38390.86999999999,43681
2024-02-21T00:00:00+00:00,38390.86999999999,38900.849999999984,38183.349999999984,38868.36999999999,44080
2024-02-22T00:00:00+00:00,38868.36999999999,39578.359999999986,38735.859999999986,39513.86999999999,44365
2024-02-23T00:00:00+00:00,39513.86999999999,39718.33999999998,39360.83999999998,39520.859999999986,29878
2024-02-26T00:00:00+00:00,39520.859999999986,39610.819999999985,39268.30999999998,39398.30999999998,29179
2024-02-27T00:00:00+00:00,39398.30999999998,39510.80999999998,39195.79999999999,39423.29999999999,29364
2024-02-28T00:00:00+00:00,39423.29999999999,39423.819999999985,39051.29999999999,39083.79999999999,28736
2024-02-29T00:00:00+00:00,39083.79999999999,39417.569999999985,38963.05999999998,39390.04999999999,38840
2024-03-01T00:00:00+00:00,39390.04999999999,40362.55999999998,39353.04999999999,40267.54999999999,37446
2024-03-04T00:00:00+00:00,40267.54999999999,40430.039999999986,40082.51999999998,40142.539999999986,28078
2024-03-05T00:00:00+00:00,40142.539999999986,40302.51999999998,39747.50999999999,39942.50999999999,37229
2024-03-06T00:00:00+00:00,39942.50999999999,40642.50999999999,39832.999999999985,40462.51999999998,43076
2024-03-07T00:00:00+00:00,40462.51999999998,40663.929999999986,39336.429999999986,39936.429999999986,45147
2024-03-08T00:00:00+00:00,39936.429999999986,40191.26999999998,39156.279999999984,39263.779999999984,58727
2024-03-11T00:00:00+00:00,39263.779999999984,39263.779999999984,38491.58999999998,38611.58999999998,49729
2024-03-12T00:00:00+00:00,38611.58999999998,39308.87999999998,38469.37999999998,39273.86999999999,46712
2024-03-13T00:00:00+00:00,39273.86999999999,39384.29999999999,38644.789999999986,38744.29999999999,42649
2024-03-14T00:00:00+00:00,38744.29999999999,39074.54999999999,38482.04999999999,38742.04999999999,49134
2024-03-15T00:00:00+00:00,38742.04999999999,39147.19999999998,38635.18999999999,39074.69999999998,44785
2024-03-18T00:00:00+00:00,39074.69999999998,39974.15999999999,39066.64999999999,39809.65999999999,37677
2024-03-19T00:00:00+00:00,39809.65999999999,40268.75999999999,39573.73999999998,40211.249999999985,43069
2024-03-20T00:00:00+00:00,40211.249999999985,40772.109999999986,40211.249999999985,40747.109999999986,38748
2024-03-21T00:00:00+00:00,40747.109999999986,41292.15999999999,40602.64999999999,41169.65999999999,37820
2024-03-22T00:00:00+00:00,41169.65999999999,41249.609999999986,40819.61999999999,40902.109999999986,33379
2024-03-25T00:00:00+00:00,40902.109999999986,41008.249999999985,40358.23999999998,40548.25999999999,28494
2024-03-26T00:00:00+00:00,40548.25999999999,40858.539999999986,40453.529999999984,40626.01999999998,26524
2024-03-27T00:00:00+00:00,40626.01999999998,41138.609999999986,40604.11999999999,40868.61999999999,30678
2024-03-28T00:00:00+00:00,40868.61999999999,40868.61999999999,40187.79999999999,40492.789999999986,28823
2024-04-01T00:00:00+00:00,40492.789999999986,40863.64999999999,39796.64999999999,40063.669999999984,33933
2024-04-02T00:00:00+00:00,40063.669999999984,40288.93999999999,39548.919999999984,39786.93999999999,37362
2024-04-03T00:00:00+00:00,39786.93999999999,40181.50999999999,39347.00999999999,40121.499999999985,37862
2024-04-04T00:00:00+00:00,40121.499999999985,40389.169999999984,39176.669999999984,39196.669999999984,42861
2024-04-05T00:00:00+00:00,39196.669999999984,39499.25999999999,38882.23999999998,39426.749999999985,49680
2024-04-08T00:00:00+00:00,39426.749999999985,39754.57999999999,39324.57999999999,39579.599999999984,36961
2024-04-09T00:00:00+00:00,39579.599999999984,39917.12999999998,39397.109999999986,39802.11999999999,40002
2024-04-10T00:00:00+00:00,39802.11999999999,39842.169999999984,39129.64999999999,39224.669999999984,56688
2024-04-11T00:00:00+00:00,39224.669999999984,39802.19999999998,39117.679999999986,39779.679999999986,51908
2024-04-12T00:00:00+00:00,39779.679999999986,40062.30999999998,38892.30999999998,38964.819999999985,45866
2024-04-15T00:00:00+00:00,38964.819999999985,39607.39999999999,38727.39999999999,38799.87999999998,58302
2024-04-16T00:00:00+00:00,38799.87999999998,38857.539999999986,38397.529999999984,38587.51999999998,66758
2024-04-17T00:00:00+00:00,38587.51999999998,38760.11999999999,37727.62999999998,37827.62999999998,67958
2024-04-18T00:00:00+00:00,37827.62999999998,38340.109999999986,37760.099999999984,37852.609999999986,53501
2024-04-19T00:00:00+00:00,37852.609999999986,37885.18999999999,36807.709999999985,37210.209999999985,80951
2024-04-22T00:00:00+00:00,37210.209999999985,37947.98999999998,37162.96999999999,37827.97999999999,49623
2024-04-23T00:00:00+00:00,37827.97999999999,38058.08999999998,37518.08999999998,38055.58999999998,40322
2024-04-24T00:00:00+00:00,38055.58999999998,38560.599999999984,38008.58999999998,38173.08999999998,46415
2024-04-25T00:00:00+00:00,38173.08999999998,38173.08999999998,37228.179999999986,37950.679999999986,56537
2024-04-26T00:00:00+00:00,37950.679999999986,38498.11999999999,37663.109999999986,38473.109999999986,44763
2024-04-29T00:00:00+00:00,38473.109999999986,38846.11999999999,38271.11999999999,38426.099999999984,44866
2024-04-30T00:00:00+00:00,38426.099999999984,38721.19999999998,38178.679999999986,38201.179999999986,45320
2024-05-01T00:00:00+00:00,38201.179999999986,38588.709999999985,37839.19999999998,37923.71999999999,43715
2024-05-02T00:00:00+00:00,37923.71999999999,38453.90999999999,37831.419999999984,38051.419999999984,46297
2024-05-03T00:00:00+00:00,38051.419999999984,38474.029999999984,37899.00999999999,38434.029999999984,32348
2024-05-06T00:00:00+00:00,38434.029999999984,38994.279999999984,38434.029999999984,38984.279999999984,16636
2024-05-07T00:00:00+00:00,38984.279999999984,39036.849999999984,38634.86999999999,38801.859999999986,27491
2024-05-08T00:00:00+00:00,38801.859999999986,38856.859999999986,38244.359999999986,38466.86999999999,30087
2024-05-09T00:00:00+00:00,38466.86999999999,38549.499999999985,38069.47999999999,38524.499999999985,28205
2024-05-10T00:00:00+00:00,38524.499999999985,38849.669999999984,38197.15999999999,38294.669999999984,23735
2024-05-13T00:00:00+00:00,38294.669999999984,38372.39999999999,38049.87999999998,38257.37999999998,21184
2024-05-14T00:00:00+00:00,38257.37999999998,38694.96999999999,38169.94999999998,38682.44999999998,24459
2024-05-15T00:00:00+00:00,38682.44999999998,38920.05999999998,38352.55999999998,38797.54999999999,24489
2024-05-16T00:00:00+00:00,38797.54999999999,39057.62999999998,38600.139999999985,38607.62999999998,29207
2024-05-17T00:00:00+00:00,38607.62999999998,38935.18999999999,38607.62999999998,38777.679999999986,23897
2024-05-20T00:00:00+00:00,38777.679999999986,39560.43999999999,38770.43999999999,39302.929999999986,27629
2024-05-21T00:00:00+00:00,39302.929999999986,39442.999999999985,38838.00999999999,38960.48999999998,22307
2024-05-22T00:00:00+00:00,38960.48999999998,39045.58999999998,38543.08999999998,38848.099999999984,29695
2024-05-23T00:00:00+00:00,38848.099999999984,39270.71999999999,38510.69999999998,38628.21999999999,38606
2024-05-24T00:00:00+00:00,38628.21999999999,38960.73999999998,38445.72999999999,38860.749999999985,23475
2024-05-27T00:00:00+00:00,38860.749999999985,39063.51999999998,38741.50999999999,39031.499999999985,13269
2024-05-28T00:00:00+00:00,39031.499999999985,39073.57999999999,38833.569999999985,39031.07999999999,26812
2024-05-29T00:00:00+00:00,39031.07999999999,39241.15999999999,38238.639999999985,38246.14999999999,32002
2024-05-30T00:00:00+00:00,38246.14999999999,38413.75999999999,37686.23999999998,38168.749999999985,37780
2024-05-31T00:00:00+00:00,38168.749999999985,38796.36999999999,38041.36999999999,38796.36999999999,45659
2024-06-03T00:00:00+00:00,38796.36999999999,39114.099999999984,38496.58999999998,38769.099999999984,43015
2024-06-04T00:00:00+00:00,38769.099999999984,38961.679999999986,38359.15999999999,38509.15999999999,50342
2024-06-05T00:00:00+00:00,38509.15999999999,39054.26999999998,38409.25999999999,39026.749999999985,32534
2024-06-06T00:00:00+00:00,39026.749999999985,39146.859999999986,38611.83999999998,38731.849999999984,32310
2024-06-07T00:00:00+00:00,38731.849999999984,38981.929999999986,38614.419999999984,38696.929999999986,44460
2024-06-10T00:00:00+00:00,38696.929999999986,39309.679999999986,38634.669999999984,39282.179999999986,30829
2024-06-11T00:00:00+00:00,39282.179999999986,39409.75999999999,38872.23999999998,39002.249999999985,35199
2024-06-12T00:00:00+00:00,39002.249999999985,39357.33999999998,38869.819999999985,39267.319999999985,42891
2024-06-13T00:00:00+00:00,39267.319999999985,39471.72999999999,38564.209999999985,38771.709999999985,37553
2024-06-14T00:00:00+00:00,38771.709999999985,39199.62999999998,38454.62999999998,38634.639999999985,39613
2024-06-17T00:00:00+00:00,38634.639999999985,38748.389999999985,38103.389999999985,38603.39999999999,33854
2024-06-18T00:00:00+00:00,38603.39999999999,38791.359999999986,38481.83999999998,38748.859999999986,30818
2024-06-19T00:00:00+00:00,38748.859999999986,38954.05999999998,38469.04999999999,38544.05999999998,16650
2024-06-20T00:00:00+00:00,38544.05999999998,38891.54999999999,38406.54999999999,38756.54999999999,41646
2024-06-21T00:00:00+00:00,38756.54999999999,38940.44999999998,38517.93999999999,38660.43999999999,42697
2024-06-24T00:00:00+00:00,38660.43999999999,39135.249999999985,38545.22999999999,38890.23999999998,45435
2024-06-25T00:00:00+00:00,38890.23999999998,39509.61999999999,38855.11999999999,39479.609999999986,38906
2024-06-26T00:00:00+00:00,39479.609999999986,39959.819999999985,39382.319999999985,39609.79999999999,41906
2024-06-27T00:00:00+00:00,39609.79999999999,39806.139999999985,39331.139999999985,39716.11999999999,41191
2024-06-28T00:00:00+00:00,39716.11999999999,40094.05999999998,39616.55999999998,39926.55999999998,48788
2024-07-01T00:00:00+00:00,39926.55999999998,40104.73999999998,39574.72999999999,39639.749999999985,48126
2024-07-02T00:00:00+00:00,39639.749999999985,40407.109999999986,39589.609999999986,40379.61999999999,44501
2024-07-03T00:00:00+00:00,40379.61999999999,40862.319999999985,40302.29999999999,40802.29999999999,32793
2024-07-04T00:00:00+00:00,40802.29999999999,41107.55999999998,40740.039999999986,41055.04999999999,17508
2024-07-05T00:00:00+00:00,41055.04999999999,41265.40999999999,40890.419999999984,41135.40999999999,40538
2024-07-08T00:00:00+00:00,41135.40999999999,41245.51999999998,40918.029999999984,41080.50999999999,28390
2024-07-09T00:00:00+00:00,41080.50999999999,41912.82999999999,41048.32999999999,41675.32999999999,34543
2024-07-10T00:00:00+00:00,41675.32999999999,42625.15999999999,41565.179999999986,42602.669999999984,31093
2024-07-11T00:00:00+00:00,42602.669999999984,42630.249999999985,41622.749999999985,41767.749999999985,63534
2024-07-12T00:00:00+00:00,41767.749999999985,41945.39999999999,41148.40999999999,41327.90999999999,49940
2024-07-15T00:00:00+00:00,41327.90999999999,41538.64999999999,41153.64999999999,41311.12999999998,34618
2024-07-16T00:00:00+00:00,41311.12999999998,41696.23999999998,41243.73999999998,41658.73999999998,40672
2024-07-17T00:00:00+00:00,41658.73999999998,41736.529999999984,40284.01999999998,40396.51999999998,54541
2024-07-18T00:00:00+00:00,40396.51999999998,40558.929999999986,40003.929999999986,40173.919999999984,69729
2024-07-19T00:00:00+00:00,40173.919999999984,40361.80999999998,39709.319999999985,39766.79999999999,61991
2024-07-22T00:00:00+00:00,39766.79999999999,40114.749999999985,39597.23999999998,40024.749999999985,65750
2024-07-23T00:00:00+00:00,40024.749999999985,40102.37999999998,39567.359999999986,39579.86999999999,53715
2024-07-24T00:00:00+00:00,39579.86999999999,39774.79999999999,38234.79999999999,38307.29999999999,62028
2024-07-25T00:00:00+00:00,38307.29999999999,38456.779999999984,37479.25999999999,37864.279999999984,105899
2024-07-26T00:00:00+00:00,37864.279999999984,38419.23999999998,37749.72999999999,38369.22999999999,89712
2024-07-29T00:00:00+00:00,38369.22999999999,38864.47999999999,38316.96999999999,38454.47999999999,71632
2024-07-30T00:00:00+00:00,38454.47999999999,38872.389999999985,38027.86999999999,38177.37999999998,85474
2024-07-31T00:00:00+00:00,38177.37999999998,39410.19999999998,38098.179999999986,38840.19999999998,89353
2024-08-01T00:00:00+00:00,38840.19999999998,39001.14999999999,36554.139999999985,36876.14999999999,94541
2024-08-02T00:00:00+00:00,36876.14999999999,36876.14999999999,34509.539999999986,35004.539999999986,125234
2024-08-05T00:00:00+00:00,35004.539999999986,35004.539999999986,30815.909999999985,33580.419999999984,137095
2024-08-06T00:00:00+00:00,33580.419999999984,35107.21999999999,33042.209999999985,33636.709999999985,88827
2024-08-07T00:00:00+00:00,33636.709999999985,36031.179999999986,33446.679999999986,34538.679999999986,120623
2024-08-08T00:00:00+00:00,34538.679999999986,35953.779999999984,33906.76999999998,35871.75999999999,101625
2024-08-09T00:00:00+00:00,35871.75999999999,36106.539999999986,34617.039999999986,35412.029999999984,94449
2024-08-12T00:00:00+00:00,35412.029999999984,36014.65999999999,35337.64999999999,35707.14999999999,16229
2024-08-13T00:00:00+00:00,35707.14999999999,36609.89999999999,35577.89999999999,36557.39999999999,48993
2024-08-14T00:00:00+00:00,36557.39999999999,36809.859999999986,35967.83999999998,36412.33999999998,49902
2024-08-15T00:00:00+00:00,36412.33999999998,37852.539999999986,36353.039999999986,37852.539999999986,25192
2024-08-16T00:00:00+00:00,37852.539999999986,38255.22999999999,37423.22999999999,37798.22999999999,32427
2024-08-19T00:00:00+00:00,37798.22999999999,38235.679999999986,37278.15999999999,37960.669999999984,68426
2024-08-20T00:00:00+00:00,37960.669999999984,38406.00999999999,37605.98999999998,37753.499999999985,64530
2024-08-21T00:00:00+00:00,37753.499999999985,38373.64999999999,37604.139999999985,38168.64999999999,78783
2024-08-22T00:00:00+00:00,38168.64999999999,38776.389999999985,37998.87999999998,38263.87999999998,84485
2024-08-23T00:00:00+00:00,38263.87999999998,38789.099999999984,38154.58999999998,38444.099999999984,94660
2024-08-26T00:00:00+00:00,38444.099999999984,38475.279999999984,37920.279999999984,38044.789999999986,63522
2024-08-27T00:00:00+00:00,38044.789999999986,38650.039999999986,37965.539999999986,38377.54999999999,57275
2024-08-28T00:00:00+00:00,38377.54999999999,38702.75999999999,38015.749999999985,38260.25999999999,69412
2024-08-29T00:00:00+00:00,38260.25999999999,38918.779999999984,37964.25999999999,38481.25999999999,79681
2024-08-30T00:00:00+00:00,38481.25999999999,39149.15999999999,38409.65999999999,39139.169999999984,66213
2024-09-02T00:00:00+00:00,39139.169999999984,39269.86999999999,38565.36999999999,38945.349999999984,30342
2024-09-03T00:00:00+00:00,38945.349999999984,39065.08999999998,37540.08999999998,37730.099999999984,96600
2024-09-04T00:00:00+00:00,37730.099999999984,37850.83999999998,36615.82999999999,36640.32999999999,115072
2024-09-05T00:00:00+00:00,36640.32999999999,37210.64999999999,36296.139999999985,37073.15999999999,100482
2024-09-06T00:00:00+00:00,37073.15999999999,37138.39999999999,35210.89999999999,35245.919999999984,130886
2024-09-09T00:00:00+00:00,35245.919999999984,36594.099999999984,35207.08999999998,36416.609999999986,93323
2024-09-10T00:00:00+00:00,36416.609999999986,36624.33999999998,35681.819999999985,36194.32999999999,88475
2024-09-11T00:00:00+00:00,36194.32999999999,36702.04999999999,35327.54999999999,36624.55999999998,123340
2024-09-12T00:00:00+00:00,36624.55999999998,37338.709999999985,36624.55999999998,37188.69999999998,98544
2024-09-13T00:00:00+00:00,37188.69999999998,37327.999999999985,36555.48999999998,36725.499999999985,74846
2024-09-16T00:00:00+00:00,36725.499999999985,36989.05999999998,36471.539999999986,36912.039999999986,20447
2024-09-17T00:00:00+00:00,36912.039999999986,37034.289999999986,36077.289999999986,36949.29999999999,69952
2024-09-18T00:00:00+00:00,36949.29999999999,36979.889999999985,36387.87999999998,36919.86999999999,77874
2024-09-19T00:00:00+00:00,36919.86999999999,38177.599999999984,36878.07999999999,37980.08999999998,76990
2024-09-20T00:00:00+00:00,37980.08999999998,38636.46999999999,37881.959999999985,38503.97999999999,76636
2024-09-23T00:00:00+00:00,38503.97999999999,38887.15999999999,38347.639999999985,38549.65999999999,51489
2024-09-24T00:00:00+00:00,38549.65999999999,38726.669999999984,37931.64999999999,38129.14999999999,62910
2024-09-25T00:00:00+00:00,38129.14999999999,38562.75999999999,38040.75999999999,38545.76999999998,45315
2024-09-26T00:00:00+00:00,38545.76999999998,39850.36999999999,38530.87999999998,39792.86999999999,62499
2024-09-27T00:00:00+00:00,39792.86999999999,40134.79999999999,37487.819999999985,37564.79999999999,77048
2024-09-30T00:00:00+00:00,37564.79999999999,38666.209999999985,37564.79999999999,38413.69999999998,61730
2024-10-01T00:00:00+00:00,38413.69999999998,38994.639999999985,37825.11999999999,38217.12999999998,71578
2024-10-02T00:00:00+00:00,38217.12999999998,38974.62999999998,37900.12999999998,38919.64999999999,62529
2024-10-03T00:00:00+00:00,38919.64999999999,39252.89999999999,38560.39999999999,38837.90999999999,65865
2024-10-04T00:00:00+00:00,38837.90999999999,39865.54999999999,38690.539999999986,39788.029999999984,62986
2024-10-07T00:00:00+00:00,39788.029999999984,40076.05999999998,38976.539999999986,39158.54999999999,56674
2024-10-08T00:00:00+00:00,39158.54999999999,39706.01999999998,38911.499999999985,39588.51999999998,59416
2024-10-09T00:00:00+00:00,39588.51999999998,39891.11999999999,39316.599999999984,39878.609999999986,41406
2024-10-10T00:00:00+00:00,39878.609999999986,39926.569999999985,39074.04999999999,39601.55999999998,50948
2024-10-11T00:00:00+00:00,39601.55999999998,40131.89999999999,39566.87999999998,39949.37999999998,43674
2024-10-14T00:00:00+00:00,39949.37999999998,40327.54999999999,39740.039999999986,40312.54999999999,31079
2024-10-15T00:00:00+00:00,40312.54999999999,40462.779999999984,39020.279999999984,39135.29999999999,50668
2024-10-16T00:00:00+00:00,39135.29999999999,39672.93999999999,39057.929999999986,39622.929999999986,44754
2024-10-17T00:00:00+00:00,39622.929999999986,39633.47999999999,38938.96999999999,39408.46999999999,50077
2024-10-18T00:00:00+00:00,39408.46999999999,39468.68999999999,39083.669999999984,39333.679999999986,37048
2024-10-21T00:00:00+00:00,39333.679999999986,39424.389999999985,38894.39999999999,39299.389999999985,36875
2024-10-22T00:00:00+00:00,39299.389999999985,39299.389999999985,38350.179999999986,38474.669999999984,48458
2024-10-23T00:00:00+00:00,38474.669999999984,38697.51999999998,37802.499999999985,38027.499999999985,47634
2024-10-24T00:00:00+00:00,38027.499999999985,38502.789999999986,37885.30999999998,38252.80999999998,53826
2024-10-25T00:00:00+00:00,38252.80999999998,38537.859999999986,37885.83999999998,38247.83999999998,42201
2024-10-28T00:00:00+00:00,38247.83999999998,38923.749999999985,37381.76999999998,38783.75999999999,49421
2024-10-29T00:00:00+00:00,38783.75999999999,39438.73999999998,38576.72999999999,39353.71999999999,53740
2024-10-30T00:00:00+00:00,39353.71999999999,39871.47999999999,39171.959999999985,39441.47999999999,57760
2024-10-31T00:00:00+00:00,39441.47999999999,39441.47999999999,38261.57999999999,38492.05999999998,79305
2024-11-01T00:00:00+00:00,38492.05999999998,38926.90999999999,38091.889999999985,38714.39999999999,60862
2024-11-04T00:00:00+00:00,38714.39999999999,38805.419999999984,38398.43999999999,38580.419999999984,33781
2024-11-05T00:00:00+00:00,38580.419999999984,39240.68999999999,38305.669999999984,39105.679999999986,68899
2024-11-06T00:00:00+00:00,39105.679999999986,40288.46999999999,38813.959999999985,40203.459999999985,119351
2024-11-07T00:00:00+00:00,40203.459999999985,40213.94999999998,39143.94999999998,39813.43999999999,81646
2024-11-08T00:00:00+00:00,39813.43999999999,40041.30999999998,39056.319999999985,39176.319999999985,65825
2024-11-11T00:00:00+00:00,39176.319999999985,39922.12999999998,39176.319999999985,39730.11999999999,46103
2024-11-12T00:00:00+00:00,39730.11999999999,39982.36999999999,39092.37999999998,39312.37999999998,59345
2024-11-13T00:00:00+00:00,39312.37999999998,39492.639999999985,38587.639999999985,39050.62999999998,77526
2024-11-14T00:00:00+00:00,39050.62999999998,39200.50999999999,38605.48999999998,38997.98999999998,71712
2024-11-15T00:00:00+00:00,38997.98999999998,39218.30999999998,37870.80999999998,38128.29999999999,73915
2024-11-18T00:00:00+00:00,38128.29999999999,38668.96999999999,38011.47999999999,38463.98999999998,64043
2024-11-19T00:00:00+00:00,38463.98999999998,38674.289999999986,37802.26999999998,38339.279999999984,83037
2024-11-20T00:00:00+00:00,38339.279999999984,38637.01999999998,37949.50999999999,38452.51999999998,65744
2024-11-21T00:00:00+00:00,38452.51999999998,38477.25999999999,37807.25999999999,38314.75999999999,88867
2024-11-22T00:00:00+00:00,38314.75999999999,38737.529999999984,38138.01999999998,38690.039999999986,69790
2024-11-25T00:00:00+00:00,38690.039999999986,39165.72999999999,38688.72999999999,38958.22999999999,57885
2024-11-26T00:00:00+00:00,38958.22999999999,38990.89999999999,38113.90999999999,38418.40999999999,66165
2024-11-27T00:00:00+00:00,38418.40999999999,38526.15999999999,37728.669999999984,37896.169999999984,61340
2024-11-28T00:00:00+00:00,37896.169999999984,38571.429999999986,37869.419999999984,38309.43999999999,30781
2024-11-29T00:00:00+00:00,38309.43999999999,38541.64999999999,38074.15999999999,38374.15999999999,48227
2024-12-02T00:00:00+00:00,38374.15999999999,38789.889999999985,38035.36999999999,38704.86999999999,56813
2024-12-03T00:00:00+00:00,38704.86999999999,39510.109999999986,38675.58999999998,39347.609999999986,52806
2024-12-04T00:00:00+00:00,39347.609999999986,39857.80999999998,39120.289999999986,39787.80999999998,47985
2024-12-05T00:00:00+00:00,39787.80999999998,39820.54999999999,39340.529999999984,39408.029999999984,43643
2024-12-06T00:00:00+00:00,39408.029999999984,39550.779999999984,39020.789999999986,39373.289999999986,46820
2024-12-09T00:00:00+00:00,39373.289999999986,39606.539999999986,39056.529999999984,39291.51999999998,48565
2024-12-10T00:00:00+00:00,39291.51999999998,39576.779999999984,39212.26999999998,39416.75999999999,45679
2024-12-11T00:00:00+00:00,39416.75999999999,40234.51999999998,39207.50999999999,40037.51999999998,38618
2024-12-12T00:00:00+00:00,40037.51999999998,40259.98999999998,39707.48999999998,39770.00999999999,47739
2024-12-13T00:00:00+00:00,39770.00999999999,39942.48999999998,39417.98999999998,39687.50999999999,45840
2024-12-16T00:00:00+00:00,39687.50999999999,39912.50999999999,39557.98999999998,39827.48999999998,32254
2024-12-17T00:00:00+00:00,39827.48999999998,39980.00999999999,39407.50999999999,39467.48999999998,53761
2024-12-18T00:00:00+00:00,39467.48999999998,39645.00999999999,38433.00999999999,38729.98999999998,66931
2024-12-19T00:00:00+00:00,38729.98999999998,39557.50999999999,38397.98999999998,39189.98999999998,96171
2024-12-20T00:00:00+00:00,39189.98999999998,39387.40999999999,38557.39999999999,39014.919999999984,93815
2024-12-23T00:00:00+00:00,39014.919999999984,39546.539999999986,39014.919999999984,39521.539999999986,61601
2024-12-24T00:00:00+00:00,39521.539999999986,39558.93999999999,39211.93999999999,39456.929999999986,25123
2024-12-26T00:00:00+00:00,39456.929999999986,39953.94999999998,39456.929999999986,39853.93999999999,28226
2024-12-27T00:00:00+00:00,39853.93999999999,40616.57999999999,39744.55999999998,40276.55999999998,68762
2024-12-30T00:00:00+00:00,40276.55999999998,40523.37999999998,39440.859999999986,39576.36999999999,75326
2024-12-31T00:00:00+00:00,39576.36999999999,39693.90999999999,39346.40999999999,39563.889999999985,28825
2025-01-02T00:00:00+00:00,39563.889999999985,39854.39999999999,39346.87999999998,39589.389999999985,62120
2025-01-03T00:00:00+00:00,39589.389999999985,39799.64999999999,39392.639999999985,39709.64999999999,52296
2025-01-06T00:00:00+00:00,39709.64999999999,40170.389999999985,39392.87999999998,39892.889999999985,64222
2025-01-07T00:00:00+00:00,39892.889999999985,40480.46999999999,39793.459999999985,39992.94999999998,78702
2025-01-08T00:00:00+00:00,39992.94999999998,40282.639999999985,39878.12999999998,40052.64999999999,90051
2025-01-09T00:00:00+00:00,40052.64999999999,40090.349999999984,39555.32999999999,39698.349999999984,26028
2025-01-10T00:00:00+00:00,39698.349999999984,39734.389999999985,38788.90999999999,38921.39999999999,87949
2025-01-13T00:00:00+00:00,38921.39999999999,38990.69999999998,38288.709999999985,38865.69999999998,58245
2025-01-14T00:00:00+00:00,38865.69999999998,39221.779999999984,38471.76999999998,38869.289999999986,88296
2025-01-15T00:00:00+00:00,38869.289999999986,38986.389999999985,38379.37999999998,38851.37999999998,71023
2025-01-16T00:00:00+00:00,38851.37999999998,39090.139999999985,38410.11999999999,38472.61999999999,84188
2025-01-17T00:00:00+00:00,38472.61999999999,39066.68999999999,38211.679999999986,38939.169999999984,64547
2025-01-20T00:00:00+00:00,38939.169999999984,39254.89999999999,38817.90999999999,39077.919999999984,44197
2025-01-21T00:00:00+00:00,39077.919999999984,39479.47999999999,38766.959999999985,39471.959999999985,62334
2025-01-22T00:00:00+00:00,39471.959999999985,40081.48999999998,39446.96999999999,39906.46999999999,44052
2025-01-23T00:00:00+00:00,39906.46999999999,40165.919999999984,39806.40999999999,39993.40999999999,41793
2025-01-24T00:00:00+00:00,39993.40999999999,40745.01999999998,39935.50999999999,40602.50999999999,59864
2025-01-27T00:00:00+00:00,40602.50999999999,40602.50999999999,38811.00999999999,39231.029999999984,113834
2025-01-28T00:00:00+00:00,39231.029999999984,39566.71999999999,39017.19999999998,39509.209999999985,71024
2025-01-29T00:00:00+00:00,39509.209999999985,39744.98999999998,39239.98999999998,39499.96999999999,75288
2025-01-30T00:00:00+00:00,39499.96999999999,39825.68999999999,39331.19999999998,39673.179999999986,68263
2025-01-31T00:00:00+00:00,39673.179999999986,39941.08999999998,39396.58999999998,39416.08999999998,64594
2025-02-03T00:00:00+00:00,39416.08999999998,39416.08999999998,38488.109999999986,39302.609999999986,101108
2025-02-04T00:00:00+00:00,39302.609999999986,39426.18999999999,38689.179999999986,39126.18999999999,62738
2025-02-05T00:00:00+00:00,39126.18999999999,39231.50999999999,38679.00999999999,39059.029999999984,53092
2025-02-06T00:00:00+00:00,39059.029999999984,39311.97999999999,38941.96999999999,39054.96999999999,48831
2025-02-07T00:00:00+00:00,39054.96999999999,39122.37999999998,38447.359999999986,38522.36999999999,70862
2025-02-10T00:00:00+00:00,38522.36999999999,39086.569999999985,38352.05999999998,39034.069999999985,33112
2025-02-11T00:00:00+00:00,39034.069999999985,39199.55999999998,38872.05999999998,39154.55999999998,30064
2025-02-12T00:00:00+00:00,39154.55999999998,39340.069999999985,38867.569999999985,39292.57999999999,57872
2025-02-13T00:00:00+00:00,39292.57999999999,39710.529999999984,39228.529999999984,39580.51999999998,59199
2025-02-14T00:00:00+00:00,39580.51999999998,39695.83999999998,39103.33999999998,39228.33999999998,38289
2025-02-17T00:00:00+00:00,39228.33999999998,39344.999999999985,39094.97999999999,39245.48999999998,18718
2025-02-18T00:00:00+00:00,39245.48999999998,39607.98999999998,39215.98999999998,39437.96999999999,32901
2025-02-19T00:00:00+00:00,39437.96999999999,39437.96999999999,38860.959999999985,39078.46999999999,37333
2025-02-20T00:00:00+00:00,39078.46999999999,39078.46999999999,38486.50999999999,38637.01999999998,52177
2025-02-21T00:00:00+00:00,38637.01999999998,38969.68999999999,38152.169999999984,38262.169999999984,64630
2025-02-24T00:00:00+00:00,38262.169999999984,38478.679999999986,37973.679999999986,38138.65999999999,74882
2025-02-25T00:00:00+00:00,38138.65999999999,38574.18999999999,37776.679999999986,38156.669999999984,111458
2025-02-26T00:00:00+00:00,38156.669999999984,38577.289999999986,37830.279999999984,38265.279999999984,85278
2025-02-27T00:00:00+00:00,38265.279999999984,38475.029999999984,37637.50999999999,37792.529999999984,127253
2025-02-28T00:00:00+00:00,37792.529999999984,37870.499999999985,36920.97999999999,37627.97999999999,142777
2025-03-03T00:00:00+00:00,37627.97999999999,38334.64999999999,37174.639999999985,37429.65999999999,134546
2025-03-04T00:00:00+00:00,37429.65999999999,37632.569999999985,36340.05999999998,37297.569999999985,211817
2025-03-05T00:00:00+00:00,37297.569999999985,37908.109999999986,37165.599999999984,37715.58999999998,150294
2025-03-06T00:00:00+00:00,37715.58999999998,37961.069999999985,36916.08999999998,37118.569999999985,126753
2025-03-07T00:00:00+00:00,37118.569999999985,37396.55999999998,36536.54999999999,37254.05999999998,126329
2025-03-10T00:00:00+00:00,37254.05999999998,37343.069999999985,36240.55999999998,36485.569999999985,132273
2025-03-11T00:00:00+00:00,36485.569999999985,37006.039999999986,36041.539999999986,36601.05999999998,170656
2025-03-12T00:00:00+00:00,36601.05999999998,37294.039999999986,36601.05999999998,37074.029999999984,115438
2025-03-13T00:00:00+00:00,37074.029999999984,37417.48999999998,36624.98999999998,36830.00999999999,129647
2025-03-14T00:00:00+00:00,36830.00999999999,37712.50999999999,36627.98999999998,37629.98999999998,85471
2025-03-17T00:00:00+00:00,37629.98999999998,38132.50999999999,37482.48999999998,38012.48999999998,61812
2025-03-18T00:00:00+00:00,38012.48999999998,38120.00999999999,37749.98999999998,37882.499999999985,69228
2025-03-19T00:00:00+00:00,37882.499999999985,38232.50999999999,37659.999999999985,37972.50999999999,60831
2025-03-20T00:00:00+00:00,37972.50999999999,38067.50999999999,37527.499999999985,37819.98999999998,59364
2025-03-21T00:00:00+00:00,37819.98999999998,38100.00999999999,37479.98999999998,37707.50999999999,62037
2025-03-24T00:00:00+00:00,37707.50999999999,38145.00999999999,37707.50999999999,38115.00999999999,35545
2025-03-25T00:00:00+00:00,38115.00999999999,38275.00999999999,37844.98999999998,38222.50999999999,29967
2025-03-26T00:00:00+00:00,38222.50999999999,38369.98999999998,37804.98999999998,37852.48999999998,36158
2025-03-27T00:00:00+00:00,37852.48999999998,38002.499999999985,37659.98999999998,37842.48999999998,42962
2025-03-28T00:00:00+00:00,37842.48999999998,37842.48999999998,36397.87999999998,36417.89999999999,57508
2025-03-31T00:00:00+00:00,36417.89999999999,36417.89999999999,35591.139999999985,36136.14999999999,89106
2025-04-01T00:00:00+00:00,36136.14999999999,36198.50999999999,35256.00999999999,35863.499999999985,96351
2025-04-02T00:00:00+00:00,35863.499999999985,36616.709999999985,34947.21999999999,35001.71999999999,93499
2025-04-03T00:00:00+00:00,35001.71999999999,35009.90999999999,33557.889999999985,33764.889999999985,144566
2025-04-04T00:00:00+00:00,33764.889999999985,34490.039999999986,32122.529999999984,32392.519999999986,247638
2025-04-07T00:00:00+00:00,32392.519999999986,33873.05999999998,30593.059999999987,32670.079999999987,290831
2025-04-08T00:00:00+00:00,32670.079999999987,34078.11999999999,31956.099999999984,32290.619999999984,220565
2025-04-09T00:00:00+00:00,32290.619999999984,35304.32999999999,31289.329999999987,35211.83999999998,284772
2025-04-10T00:00:00+00:00,35211.83999999998,35401.08999999998,32648.579999999987,33611.099999999984,212908
2025-04-11T00:00:00+00:00,33611.099999999984,33946.36999999999,32818.889999999985,33906.389999999985,189318
2025-04-14T00:00:00+00:00,33906.389999999985,34666.22999999999,33906.389999999985,34466.22999999999,100769
2025-04-15T00:00:00+00:00,34466.22999999999,34786.32999999999,34336.819999999985,34636.33999999998,79919
2025-04-16T00:00:00+00:00,34636.33999999998,34636.33999999998,33743.959999999985,33956.46999999999,93994
2025-04-17T00:00:00+00:00,33956.46999999999,34892.209999999985,33927.209999999985,34659.69999999998,91892
2025-04-21T00:00:00+00:00,34659.69999999998,34780.819999999985,34003.29999999999,34255.80999999998,49304
2025-04-22T00:00:00+00:00,34255.80999999998,35108.97999999999,34119.46999999999,34956.46999999999,64345
2025-04-23T00:00:00+00:00,34956.46999999999,35656.959999999985,34859.46999999999,35574.47999999999,87433
2025-04-24T00:00:00+00:00,35574.47999999999,35806.90999999999,34939.40999999999,35721.89999999999,60016
2025-04-25T00:00:00+00:00,35721.89999999999,36209.69999999998,35577.179999999986,36164.68999999999,67897
2025-04-28T00:00:00+00:00,36164.68999999999,36248.12999999998,35835.62999999998,36018.139999999985,53093
2025-04-29T00:00:00+00:00,36018.139999999985,36351.08999999998,35951.57999999999,36158.57999999999,71839
2025-04-30T00:00:00+00:00,36158.57999999999,36436.569999999985,35732.04999999999,36384.04999999999,91549
2025-05-01T00:00:00+00:00,36384.04999999999,37192.05999999998,36184.54999999999,36874.55999999998,73065
2025-05-02T00:00:00+00:00,36874.55999999998,37359.96999999999,36767.94999999998,37327.44999999998,78363
2025-05-05T00:00:00+00:00,37327.44999999998,37463.69999999998,37036.18999999999,37256.18999999999,38611
2025-05-06T00:00:00+00:00,37256.18999999999,37319.179999999986,36746.669999999984,36829.18999999999,55370
2025-05-07T00:00:00+00:00,36829.18999999999,37287.169999999984,36707.169999999984,37072.179999999986,64593
2025-05-08T00:00:00+00:00,37072.179999999986,37797.65999999999,36822.64999999999,37595.15999999999,64446
2025-05-09T00:00:00+00:00,37595.15999999999,37803.08999999998,37400.57999999999,37588.099999999984,48094
2025-05-12T00:00:00+00:00,37588.099999999984,38906.789999999986,37569.29999999999,38851.79999999999,69408
2025-05-13T00:00:00+00:00,38851.79999999999,38877.22999999999,38139.71999999999,38419.71999999999,49340
2025-05-14T00:00:00+00:00,38419.71999999999,38495.01999999998,37699.999999999985,37762.50999999999,59085
2025-05-15T00:00:00+00:00,37762.50999999999,37980.529999999984,37690.51999999998,37898.029999999984,45189
2025-05-16T00:00:00+00:00,37898.029999999984,38098.669999999984,37588.65999999999,38046.15999999999,33258
2025-05-19T00:00:00+00:00,38046.15999999999,38046.15999999999,37340.139999999985,37677.64999999999,36332
2025-05-20T00:00:00+00:00,37677.64999999999,38030.72999999999,37490.709999999985,37700.709999999985,39242
2025-05-21T00:00:00+00:00,37700.709999999985,37761.21999999999,36908.69999999998,36941.209999999985,57219
2025-05-22T00:00:00+00:00,36941.209999999985,37301.76999999998,36794.25999999999,37216.749999999985,52488
2025-05-23T00:00:00+00:00,37216.749999999985,37472.33999999998,36552.349999999984,36919.849999999984,66831
2025-05-26T00:00:00+00:00,36919.849999999984,37753.749999999985,36919.849999999984,37674.249999999985,20825
2025-05-27T00:00:00+00:00,37674.249999999985,38469.15999999999,37506.64999999999,38414.15999999999,28818
2025-05-28T00:00:00+00:00,38414.15999999999,38417.099999999984,37744.599999999984,38009.609999999986,39658
2025-05-29T00:00:00+00:00,38009.609999999986,38557.58999999998,37795.08999999998,37995.109999999986,54478
2025-05-30T00:00:00+00:00,37995.109999999986,38200.46999999999,37475.44999999998,37747.96999999999,59584
2025-06-02T00:00:00+00:00,37747.96999999999,37929.54999999999,37357.039999999986,37869.54999999999,52482
2025-06-03T00:00:00+00:00,37869.54999999999,37869.54999999999,37440.099999999984,37800.109999999986,44254
2025-06-04T00:00:00+00:00,37800.109999999986,37955.599999999984,37558.08999999998,37625.58999999998,42794
2025-06-05T00:00:00+00:00,37625.58999999998,37811.04999999999,37381.039999999986,37531.05999999998,62758
2025-06-06T00:00:00+00:00,37531.05999999998,38229.05999999998,37469.54999999999,38094.069999999985,45213
2025-06-09T00:00:00+00:00,38094.069999999985,38405.539999999986,37968.039999999986,38298.039999999986,32071
2025-06-10T00:00:00+00:00,38298.039999999986,38568.51999999998,38195.999999999985,38453.51999999998,46727
2025-06-11T00:00:00+00:00,38453.51999999998,38796.999999999985,38356.48999999998,38456.499999999985,50720
2025-06-12T00:00:00+00:00,38456.499999999985,38472.50999999999,38032.50999999999,38265.00999999999,38090
2025-06-13T00:00:00+00:00,38265.00999999999,38265.00999999999,37554.98999999998,38034.98999999998,67973
2025-06-16T00:00:00+00:00,38034.98999999998,38705.00999999999,37887.98999999998,38664.98999999998,35122
2025-06-17T00:00:00+00:00,38664.98999999998,38720.00999999999,38292.499999999985,38342.50999999999,45515
2025-06-18T00:00:00+00:00,38342.50999999999,39049.98999999998,38217.999999999985,38762.50999999999,50437
2025-06-19T00:00:00+00:00,38762.50999999999,38935.00999999999,38462.48999999998,38489.98999999998,24323
2025-06-20T00:00:00+00:00,38489.98999999998,38765.00999999999,38327.48999999998,38462.499999999985,46225
2025-06-23T00:00:00+00:00,38462.499999999985,38727.499999999985,38032.98999999998,38724.98999999998,45723
2025-06-24T00:00:00+00:00,38724.98999999998,39092.48999999998,38658.00999999999,38862.499999999985,29003
2025-06-25T00:00:00+00:00,38862.499999999985,39249.999999999985,38797.499999999985,39074.999999999985,29633
2025-06-26T00:00:00+00:00,39074.999999999985,40012.68999999999,39074.999999999985,40002.679999999986,33718
2025-06-27T00:00:00+00:00,40002.679999999986,40798.12999999998,39963.12999999998,40678.11999999999,44125
2025-06-30T00:00:00+00:00,40678.11999999999,41024.14999999999,40374.12999999998,40396.62999999998,42144
2025-07-01T00:00:00+00:00,40396.62999999998,40514.40999999999,39724.39999999999,39724.40999999999,39142
2025-07-02T00:00:00+00:00,39724.40999999999,40100.36999999999,39582.87999999998,39885.359999999986,36024
2025-07-03T00:00:00+00:00,39885.359999999986,40273.73999999998,39801.21999999999,40266.22999999999,25518
2025-07-04T00:00:00+00:00,40266.22999999999,40266.22999999999,39746.849999999984,39871.849999999984,22424
2025-07-07T00:00:00+00:00,39871.849999999984,40061.33999999998,39493.819999999985,39506.32999999999,44571
2025-07-08T00:00:00+00:00,39506.32999999999,40187.069999999985,39487.05999999998,40084.569999999985,35173
2025-07-09T00:00:00+00:00,40084.569999999985,40127.539999999986,39710.039999999986,40047.529999999984,31730
2025-07-10T00:00:00+00:00,40047.529999999984,40090.43999999999,39667.919999999984,39852.93999999999,27856
2025-07-11T00:00:00+00:00,39852.93999999999,40076.11999999999,39388.599999999984,39581.11999999999,32767
2025-07-14T00:00:00+00:00,39581.11999999999,39717.679999999986,39315.179999999986,39612.679999999986,25887
2025-07-15T00:00:00+00:00,39612.679999999986,39938.249999999985,39488.249999999985,39715.749999999985,38987
2025-07-16T00:00:00+00:00,39715.749999999985,40028.61999999999,39248.61999999999,39673.61999999999,48585
2025-07-17T00:00:00+00:00,39673.61999999999,40229.169999999984,39471.65999999999,40179.169999999984,26223
2025-07-18T00:00:00+00:00,40179.169999999984,40254.499999999985,39749.499999999985,39829.50999999999,24836
2025-07-21T00:00:00+00:00,39829.50999999999,40096.109999999986,39783.599999999984,39931.099999999984,18639
2025-07-22T00:00:00+00:00,39931.099999999984,40389.11999999999,39561.62999999998,39731.61999999999,35604
2025-07-23T00:00:00+00:00,39731.61999999999,41872.22999999999,39715.209999999985,41837.22999999999,55468
2025-07-24T00:00:00+00:00,41837.22999999999,42201.51999999998,41653.999999999985,41784.00999999999,37550
2025-07-25T00:00:00+00:00,41784.00999999999,41863.71999999999,41398.709999999985,41491.21999999999,30624
2025-07-28T00:00:00+00:00,41491.21999999999,41801.429999999986,40793.40999999999,40943.429999999986,32449
2025-07-29T00:00:00+00:00,40943.429999999986,41081.89999999999,40684.37999999998,40789.37999999998,30889
2025-07-30T00:00:00+00:00,40789.37999999998,40902.679999999986,40595.179999999986,40847.69999999998,37226
2025-07-31T00:00:00+00:00,40847.69999999998,41395.779999999984,40683.25999999999,40900.76999999998,46636
2025-08-01T00:00:00+00:00,40900.76999999998,41116.179999999986,39848.669999999984,40068.669999999984,73671
2025-08-04T00:00:00+00:00,40068.669999999984,40755.57999999999,39863.069999999985,40738.069999999985,36826
2025-08-05T00:00:00+00:00,40738.069999999985,40786.36999999999,40448.859999999986,40623.86999999999,40128
2025-08-06T00:00:00+00:00,40623.86999999999,41014.279999999984,40529.75999999999,40911.779999999984,37769
2025-08-07T00:00:00+00:00,40911.779999999984,41454.68999999999,40695.169999999984,41289.68999999999,51249
2025-08-08T00:00:00+00:00,41289.68999999999,42495.12999999998,41250.11999999999,42420.139999999985,42278
2025-08-11T00:00:00+00:00,42420.139999999985,42598.929999999986,42291.419999999984,42381.429999999986,28200
2025-08-12T00:00:00+00:00,42381.429999999986,43474.46999999999,42294.459999999985,43404.46999999999,47764
2025-08-13T00:00:00+00:00,43404.46999999999,43584.669999999984,43122.14999999999,43204.65999999999,39709
2025-08-14T00:00:00+00:00,43204.65999999999,43300.01999999998,42627.499999999985,42905.00999999999,39253
2025-08-15T00:00:00+00:00,42905.00999999999,43598.319999999985,42833.29999999999,43518.29999999999,37156
2025-08-18T00:00:00+00:00,43518.29999999999,44039.72999999999,43484.749999999985,43892.249999999985,31258
2025-08-19T00:00:00+00:00,43892.249999999985,43987.709999999985,43417.69999999998,43475.19999999998,40115
2025-08-20T00:00:00+00:00,43475.19999999998,43573.319999999985,42663.33999999998,42948.319999999985,51358
2025-08-21T00:00:00+00:00,42948.319999999985,43029.099999999984,42614.099999999984,42756.599999999984,43674
2025-08-22T00:00:00+00:00,42756.599999999984,43212.22999999999,42422.22999999999,43102.209999999985,40349
2025-08-25T00:00:00+00:00,43102.209999999985,43301.389999999985,42616.389999999985,42621.39999999999,31670
2025-08-26T00:00:00+00:00,42621.39999999999,42799.419999999984,42221.89999999999,42634.39999999999,31025
2025-08-27T00:00:00+00:00,42634.39999999999,42717.569999999985,42362.54999999999,42585.069999999985,28800
2025-08-28T00:00:00+00:00,42585.069999999985,43124.96999999999,42349.97999999999,42992.48999999998,35149
2025-08-29T00:00:00+00:00,42992.48999999998,43009.64999999999,42104.62999999998,42162.12999999998,40540
2025-09-01T00:00:00+00:00,42162.12999999998,42538.849999999984,41861.32999999999,42418.849999999984,29028
2025-09-02T00:00:00+00:00,42418.849999999984,42561.959999999985,41784.459999999985,42251.97999999999,62737
2025-09-03T00:00:00+00:00,42251.97999999999,42375.01999999998,41945.00999999999,42202.51999999998,47426
2025-09-04T00:00:00+00:00,42202.51999999998,42993.109999999986,42098.599999999984,42985.58999999998,37569
2025-09-05T00:00:00+00:00,42985.58999999998,43311.08999999998,42656.08999999998,42971.08999999998,69034
2025-09-08T00:00:00+00:00,42971.08999999998,44105.22999999999,42971.08999999998,44037.73999999998,31224
2025-09-09T00:00:00+00:00,44037.73999999998,44265.789999999986,43145.76999999998,43670.779999999984,44369
2025-09-10T00:00:00+00:00,43670.779999999984,44086.359999999986,43526.349999999984,43938.849999999984,36295
2025-09-11T00:00:00+00:00,43938.849999999984,44864.48999999998,43914.999999999985,44822.00999999999,38461
2025-09-12T00:00:00+00:00,44822.00999999999,44979.50999999999,44604.50999999999,44746.98999999998,32615
2025-09-15T00:00:00+00:00,44746.98999999998,45021.999999999985,44679.50999999999,44969.499999999985,11705
2025-09-16T00:00:00+00:00,44969.499999999985,45127.00999999999,44679.48999999998,44834.50999999999,25886
2025-09-17T00:00:00+00:00,44834.50999999999,45111.999999999985,44651.98999999998,44954.499999999985,50168
2025-09-18T00:00:00+00:00,44954.499999999985,46042.00999999999,44906.999999999985,45934.499999999985,35080
2025-09-19T00:00:00+00:00,45934.499999999985,46011.999999999985,44589.98999999998,45376.98999999998,36883
2025-09-22T00:00:00+00:00,45376.98999999998,45879.48999999998,45334.50999999999,45839.499999999985,25227
2025-09-23T00:00:00+00:00,45839.499999999985,46017.00999999999,45614.48999999998,45691.98999999998,26608
2025-09-24T00:00:00+00:00,45691.98999999998,45977.00999999999,45341.999999999985,45794.499999999985,33714
2025-09-25T00:00:00+00:00,45794.499999999985,45962.00999999999,45389.499999999985,45751.98999999998,43634
2025-09-26T00:00:00+00:00,45751.98999999998,45907.00999999999,45314.48999999998,45596.98999999998,41469
2025-09-29T00:00:00+00:00,45596.98999999998,45596.98999999998,45032.50999999999,45230.01999999998,38379
2025-09-30T00:00:00+00:00,45230.01999999998,45288.599999999984,44726.109999999986,44976.099999999984,44089
2025-10-01T00:00:00+00:00,44976.099999999984,45056.279999999984,44473.76999999998,44946.279999999984,43010
2025-10-02T00:00:00+00:00,44946.279999999984,45338.029999999984,44833.01999999998,45153.01999999998,33427
2025-10-03T00:00:00+00:00,45153.01999999998,46318.46999999999,45038.459999999985,46168.47999999999,37332
2025-10-06T00:00:00+00:00,46168.47999999999,48829.76999999998,46168.47999999999,48694.749999999985,68029
2025-10-07T00:00:00+00:00,48694.749999999985,48787.679999999986,47940.179999999986,48170.15999999999,63562
2025-10-08T00:00:00+00:00,48170.15999999999,48353.46999999999,47863.46999999999,48293.44999999998,44111
2025-10-09T00:00:00+00:00,48293.44999999998,49058.80999999998,48199.30999999998,48658.80999999998,60718
2025-10-10T00:00:00+00:00,48658.80999999998,48819.23999999998,45881.73999999998,45949.249999999985,109004
2025-10-13T00:00:00+00:00,45949.249999999985,47204.89999999999,45949.249999999985,47137.39999999999,66789
2025-10-14T00:00:00+00:00,47137.39999999999,48065.54999999999,46625.539999999986,47113.039999999986,123084
2025-10-15T00:00:00+00:00,47113.039999999986,48425.50999999999,47056.00999999999,48175.499999999985,94906
2025-10-16T00:00:00+00:00,48175.499999999985,48680.169999999984,47910.14999999999,48160.14999999999,107239
2025-10-17T00:00:00+00:00,48160.14999999999,48464.72999999999,47172.22999999999,48412.23999999998,114613
2025-10-20T00:00:00+00:00,48412.23999999998,49921.709999999985,48412.23999999998,49781.709999999985,46964
2025-10-21T00:00:00+00:00,49781.709999999985,50137.89999999999,49262.919999999984,49497.89999999999,65985
2025-10-22T00:00:00+00:00,49497.89999999999,49830.109999999986,48570.099999999984,48947.599999999984,81206
2025-10-23T00:00:00+00:00,48947.599999999984,49213.11999999999,48578.109999999986,49125.609999999986,52186
2025-10-24T00:00:00+00:00,49125.609999999986,49791.69999999998,49074.69999999998,49679.19999999998,29204
2025-10-27T00:00:00+00:00,49679.19999999998,50803.249999999985,49679.19999999998,50650.72999999999,33456
2025-10-28T00:00:00+00:00,50650.72999999999,50933.109999999986,50280.58999999998,50803.099999999984,34164
2025-10-29T00:00:00+00:00,50803.099999999984,51678.609999999986,50763.58999999998,51171.099999999984,67136
2025-10-30T00:00:00+00:00,51171.099999999984,51993.71999999999,50976.71999999999,51693.69999999998,94437
2025-10-31T00:00:00+00:00,51693.69999999998,52776.14999999999,51609.139999999985,52386.15999999999,74811
2025-11-03T00:00:00+00:00,52386.15999999999,52747.679999999986,52262.65999999999,52595.179999999986,50496
2025-11-04T00:00:00+00:00,52595.179999999986,52798.32999999999,51233.33999999998,51293.319999999985,94115
2025-11-05T00:00:00+00:00,51293.319999999985,51494.76999999998,49294.75999999999,51332.26999999998,104678
2025-11-06T00:00:00+00:00,51332.26999999998,51418.43999999999,50150.93999999999,50425.93999999999,97318
2025-11-07T00:00:00+00:00,50425.93999999999,50621.57999999999,49636.55999999998,50556.569999999985,117330
2025-11-10T00:00:00+00:00,50556.569999999985,51443.919999999984,50556.569999999985,51428.919999999984,61041
2025-11-11T00:00:00+00:00,51428.919999999984,51659.319999999985,50719.32999999999,51314.32999999999,65616
2025-11-12T00:00:00+00:00,51314.32999999999,51635.029999999984,50683.00999999999,51495.01999999998,63796
2025-11-13T00:00:00+00:00,51495.01999999998,51528.569999999985,50128.07999999999,50203.07999999999,112091
2025-11-14T00:00:00+00:00,50203.07999999999,50866.179999999986,49806.15999999999,50548.669999999984,115264
2025-11-17T00:00:00+00:00,50548.669999999984,50603.48999999998,49588.50999999999,49918.48999999998,101021
2025-11-18T00:00:00+00:00,49918.48999999998,50071.65999999999,48472.14999999999,48761.669999999984,148102
2025-11-19T00:00:00+00:00,48761.669999999984,49955.29999999999,48385.319999999985,49950.30999999998,126268
2025-11-20T00:00:00+00:00,49950.30999999998,50718.47999999999,48450.999999999985,48478.47999999999,170962
2025-11-21T00:00:00+00:00,48478.47999999999,49166.30999999998,48133.789999999986,48863.79999999999,147060
2025-11-24T00:00:00+00:00,48863.79999999999,49728.539999999986,48743.539999999986,49621.01999999998,67479
2025-11-25T00:00:00+00:00,49621.01999999998,49821.669999999984,48359.14999999999,49246.64999999999,80129
2025-11-26T00:00:00+00:00,49246.64999999999,50289.79999999999,49077.779999999984,50219.779999999984,50308
2025-11-27T00:00:00+00:00,50219.779999999984,50432.73999999998,50043.249999999985,50135.23999999998,22831
2025-11-28T00:00:00+00:00,50135.23999999998,50355.789999999986,50103.779999999984,50323.29999999999,9804
2025-12-01T00:00:00+00:00,50323.29999999999,50492.75999999999,49145.249999999985,49550.26999999998,65804
2025-12-02T00:00:00+00:00,49550.26999999998,49821.039999999986,49278.529999999984,49626.039999999986,50283
2025-12-03T00:00:00+00:00,49626.039999999986,50244.179999999986,49366.68999999999,49944.18999999999,54324
2025-12-04T00:00:00+00:00,49944.18999999999,51134.75999999999,49887.25999999999,50699.75999999999,60071
2025-12-05T00:00:00+00:00,50699.75999999999,50922.819999999985,50302.79999999999,50722.79999999999,52316
2025-12-08T00:00:00+00:00,50722.79999999999,50824.83999999998,50252.33999999998,50452.33999999998,49025
2025-12-09T00:00:00+00:00,50452.33999999998,51103.01999999998,50450.999999999985,50845.51999999998,46072
2025-12-10T00:00:00+00:00,50845.51999999998,51186.15999999999,50406.15999999999,51023.65999999999,55279
2025-12-11T00:00:00+00:00,51023.65999999999,51037.499999999985,49992.48999999998,50970.00999999999,61297
2025-12-12T00:00:00+00:00,50970.00999999999,51202.50999999999,49764.999999999985,50139.98999999998,78041
2025-12-15T00:00:00+00:00,50139.98999999998,50449.98999999998,49960.00999999999,50142.499999999985,56222
2025-12-16T00:00:00+00:00,50142.499999999985,50187.50999999999,49444.999999999985,49645.00999999999,68131
2025-12-17T00:00:00+00:00,49645.00999999999,49850.00999999999,48999.98999999998,49220.00999999999,67078
2025-12-18T00:00:00+00:00,49220.00999999999,49667.48999999998,48752.98999999998,49337.48999999998,124566
2025-12-19T00:00:00+00:00,49337.48999999998,50552.50999999999,49337.48999999998,50475.00999999999,57311
2025-12-22T00:00:00+00:00,50475.00999999999,50734.999999999985,50257.48999999998,50462.50999999999,40317
2025-12-23T00:00:00+00:00,50462.50999999999,50829.999999999985,50394.999999999985,50588.00999999999,27706
2025-12-24T00:00:00+00:00,50588.00999999999,50797.50999999999,50293.00999999999,50548.00999999999,14089
2025-12-26T00:00:00+00:00,50548.00999999999,50914.98999999998,50545.00999999999,50889.999999999985,8251
2025-12-29T00:00:00+00:00,50889.999999999985,50948.73999999998,50321.249999999985,50466.249999999985,30019
2025-12-30T00:00:00+00:00,50466.249999999985,50816.25999999999,50324.249999999985,50688.75999999999,17456
2025-12-31T00:00:00+00:00,50688.75999999999,50868.749999999985,50386.249999999985,50868.73999999998,8052
2026-01-02T00:00:00+00:00,50868.73999999998,51438.429999999986,50825.919999999984,51210.929999999986,24864
2026-01-05T00:00:00+00:00,51210.929999999986,52410.929999999986,50901.40999999999,52335.929999999986,44342
2026-01-06T00:00:00+00:00,52335.929999999986,52818.48999999998,52078.499999999985,52258.499999999985,35647
2026-01-07T00:00:00+00:00,52258.499999999985,52600.76999999998,52018.279999999984,52065.76999999998,28933
2026-01-08T00:00:00+00:00,52065.76999999998,52085.04999999999,51220.029999999984,51705.039999999986,42272
2026-01-09T00:00:00+00:00,51705.039999999986,53995.44999999998,51500.43999999999,53702.959999999985,48483
2026-01-12T00:00:00+00:00,53702.959999999985,54330.04999999999,53693.039999999986,54235.039999999986,34805
2026-01-13T00:00:00+00:00,54235.039999999986,54348.57999999999,53641.05999999998,54091.07999999999,44859
2026-01-14T00:00:00+00:00,54091.07999999999,54705.23999999998,53815.22999999999,54192.71999999999,62494
2026-01-15T00:00:00+00:00,54192.71999999999,54665.349999999984,53907.849999999984,54217.82999999999,43809
2026-01-16T00:00:00+00:00,54217.82999999999,54324.14999999999,53736.64999999999,53944.14999999999,30724
2026-01-19T00:00:00+00:00,53944.14999999999,53944.14999999999,53283.07999999999,53663.07999999999,33915
2026-01-20T00:00:00+00:00,53663.07999999999,53714.029999999984,52154.029999999984,52299.04999999999,81281
2026-01-21T00:00:00+00:00,52299.04999999999,53653.21999999999,52001.19999999998,53395.71999999999,83146
2026-01-22T00:00:00+00:00,53395.71999999999,54291.61999999999,53372.109999999986,54186.609999999986,45087
2026-01-23T00:00:00+00:00,54186.609999999986,54219.37999999998,52946.87999999998,53004.37999999998,53864
2026-01-26T00:00:00+00:00,53004.37999999998,53315.15999999999,52320.669999999984,52665.65999999999,53875
2026-01-27T00:00:00+00:00,52665.65999999999,53542.029999999984,52642.51999999998,52957.51999999998,40958
2026-01-28T00:00:00+00:00,52957.51999999998,54022.69999999998,52957.51999999998,53915.18999999999,51725
2026-01-29T00:00:00+00:00,53915.18999999999,54273.749999999985,52543.72999999999,53448.749999999985,83008
2026-01-30T00:00:00+00:00,53448.749999999985,53947.389999999985,53057.89999999999,53547.39999999999,87974
2026-02-02T00:00:00+00:00,53547.39999999999,54423.21999999999,52690.709999999985,53990.71999999999,77422
2026-02-03T00:00:00+00:00,53990.71999999999,54972.169999999984,53639.65999999999,54284.669999999984,76340
2026-02-04T00:00:00+00:00,54284.669999999984,55254.07999999999,54022.08999999998,54807.069999999985,96592
2026-02-05T00:00:00+00:00,54807.069999999985,54895.539999999986,53813.029999999984,53900.539999999986,125629
2026-02-06T00:00:00+00:00,53900.539999999986,56664.569999999985,53085.04999999999,56615.05999999998,87236
2026-02-09T00:00:00+00:00,56615.05999999998,58677.55999999998,56197.54999999999,57392.569999999985,93449
2026-02-10T00:00:00+00:00,57392.569999999985,58582.47999999999,57077.46999999999,58092.48999999998,77094
2026-02-11T00:00:00+00:00,58092.48999999998,58620.32999999999,57847.80999999998,58250.319999999985,68611
2026-02-12T00:00:00+00:00,58250.319999999985,58314.499999999985,56644.48999999998,57078.98999999998,190492
2026-02-13T00:00:00+00:00,57078.98999999998,57807.62999999998,56775.62999999998,57562.639999999985,126593
2026-02-16T00:00:00+00:00,57562.639999999985,57848.929999999986,56806.429999999986,56829.429999999986,35981
2026-02-17T00:00:00+00:00,56829.429999999986,57297.62999999998,56247.61999999999,57125.12999999998,96979
2026-02-18T00:00:00+00:00,57125.12999999998,57851.349999999984,56866.849999999984,57643.849999999984,48083
2026-02-19T00:00:00+00:00,57643.849999999984,57827.23999999998,56864.749999999985,57142.22999999999,136502
2026-02-20T00:00:00+00:00,57142.22999999999,57385.749999999985,56755.72999999999,57208.249999999985,79468
2026-02-23T00:00:00+00:00,57208.249999999985,57271.90999999999,56562.419999999984,56897.39999999999,51730
2026-02-24T00:00:00+00:00,56897.39999999999,58188.07999999999,56748.55999999998,57998.069999999985,53476
2026-02-25T00:00:00+00:00,57998.069999999985,60164.04999999999,57844.54999999999,60081.539999999986,49268
2026-02-26T00:00:00+00:00,60081.539999999986,60081.539999999986,58345.14999999999,58712.64999999999,138208
2026-02-27T00:00:00+00:00,58712.64999999999,59496.099999999984,58241.099999999984,58733.57999999999,94106
2026-03-02T00:00:00+00:00,58733.57999999999,58733.57999999999,57132.109999999986,57580.109999999986,106353
2026-03-03T00:00:00+00:00,57580.109999999986,57950.93999999999,53671.43999999999,55298.429999999986,202879
2026-03-04T00:00:00+00:00,55298.429999999986,56557.40999999999,53712.889999999985,56347.40999999999,185007
2026-03-05T00:00:00+00:00,56347.40999999999,56708.82999999999,54014.32999999999,54361.349999999984,218634
2026-03-06T00:00:00+00:00,54361.349999999984,55857.26999999998,53800.26999999998,54072.279999999984,155710
2026-03-09T00:00:00+00:00,54072.279999999984,54990.55999999998,51253.54999999999,54665.55999999998,175807
2026-03-10T00:00:00+00:00,54665.55999999998,55854.349999999984,53609.83999999998,54904.349999999984,161325
2026-03-11T00:00:00+00:00,54904.349999999984,55812.849999999984,54355.82999999999,54690.349999999984,134345
2026-03-12T00:00:00+00:00,54690.349999999984,54827.499999999985,53542.50999999999,53762.50999999999,206886
2026-03-13T00:00:00+00:00,53762.50999999999,54327.50999999999,52747.499999999985,53234.999999999985,103813
2026-03-16T00:00:00+00:00,53234.999999999985,54642.48999999998,52862.98999999998,54437.98999999998,75516
2026-03-17T00:00:00+00:00,54437.98999999998,54664.999999999985,53507.98999999998,54477.48999999998,56749
2026-03-18T00:00:00+00:00,54477.48999999998,55351.57999999999,53367.069999999985,53496.57999999999,62282
2026-03-19T00:00:00+00:00,53496.57999999999,53957.79999999999,51909.789999999986,53262.289999999986,249412
2026-03-20T00:00:00+00:00,53262.289999999986,53692.29999999999,51099.79999999999,51192.289999999986,96619
2026-03-23T00:00:00+00:00,51192.289999999986,54192.789999999986,50607.789999999986,53239.80999999998,198892
2026-03-24T00:00:00+00:00,53239.80999999998,53599.789999999986,51617.79999999999,53317.289999999986,136769
2026-03-25T00:00:00+00:00,53317.289999999986,54397.289999999986,53317.289999999986,53827.29999999999,92916
2026-03-26T00:00:00+00:00,53827.29999999999,54187.29999999999,52337.789999999986,52659.79999999999,180680
2026-03-27T00:00:00+00:00,52659.79999999999,53707.80999999998,51467.789999999986,51522.789999999986,91706
2026-03-30T00:00:00+00:00,51522.789999999986,52205.21999999999,50380.21999999999,50992.19999999998,96212
2026-03-31T00:00:00+00:00,50992.19999999998,53129.71999999999,50530.19999999998,52922.209999999985,153527
2026-04-01T00:00:00+00:00,52922.209999999985,54657.21999999999,52705.19999999998,54190.21999999999,81743
2026-04-02T00:00:00+00:00,54190.21999999999,54394.69999999998,52152.209999999985,53124.709999999985,240864
2026-04-03T00:00:00+00:00,53124.709999999985,53480.19999999998,52915.209999999985,53242.209999999985,26018
2026-04-06T00:00:00+00:00,53242.209999999985,54147.209999999985,52655.19999999998,53942.209999999985,56953
2026-04-07T00:00:00+00:00,53942.209999999985,54080.209999999985,52804.709999999985,53999.709999999985,105341
2026-04-08T00:00:00+00:00,53999.709999999985,57337.19999999998,53999.709999999985,57004.709999999985,105085
2026-04-09T00:00:00+00:00,57004.709999999985,57020.209999999985,55760.209999999985,56684.71999999999,152930
2026-04-10T00:00:00+00:00,56684.71999999999,57482.75999999999,56483.23999999998,57462.749999999985,44067
2026-04-13T00:00:00+00:00,57462.749999999985,57755.22999999999,55920.709999999985,57690.72999999999,51314
2026-04-14T00:00:00+00:00,57690.72999999999,58888.109999999986,57466.099999999984,58826.109999999986,36828
2026-04-15T00:00:00+00:00,58826.109999999986,58901.94999999998,58149.94999999998,58616.929999999986,34687
2026-04-16T00:00:00+00:00,58616.929999999986,59812.14999999999,58567.64999999999,59394.639999999985,86174
2026-04-17T00:00:00+00:00,59394.639999999985,60134.44999999998,58636.94999999998,59796.93999999999,47147
2026-04-20T00:00:00+00:00,59796.93999999999,59796.93999999999,58707.43999999999,59349.429999999986,44331
2026-04-21T00:00:00+00:00,59349.429999999986,59733.90999999999,58358.89999999999,58893.90999999999,54230
2026-04-22T00:00:00+00:00,58893.90999999999,59957.529999999984,58852.529999999984,59880.00999999999,46291
2026-04-23T00:00:00+00:00,59880.00999999999,60298.43999999999,58393.429999999986,58940.93999999999,181894
2026-04-24T00:00:00+00:00,58940.93999999999,60182.43999999999,58902.94999999998,60062.459999999985,75951
2026-04-27T00:00:00+00:00,60062.459999999985,61005.51999999998,59706.01999999998,60241.039999999986,55069
2026-04-28T00:00:00+00:00,60241.039999999986,60546.30999999998,58933.79999999999,59073.79999999999,74072
2026-04-29T00:00:00+00:00,59073.79999999999,59576.01999999998,58633.50999999999,58685.999999999985,72919
2026-04-30T00:00:00+00:00,58685.999999999985,59942.169999999984,58670.179999999986,59792.18999999999,173328
2026-05-01T00:00:00+00:00,59792.18999999999,59957.22999999999,59142.71999999999,59352.709999999985,40760
2026-05-04T00:00:00+00:00,59352.709999999985,60085.57999999999,59170.58999999998,59530.57999999999,74432
2026-05-05T00:00:00+00:00,59530.57999999999,60796.75999999999,59357.25999999999,60786.75999999999,40162
2026-05-06T00:00:00+00:00,60786.75999999999,62420.47999999999,60703.48999999998,62172.98999999998,74856
2026-05-07T00:00:00+00:00,62172.98999999998,63431.65999999999,61779.65999999999,62181.679999999986,89955
2026-05-08T00:00:00+00:00,62181.679999999986,63783.54999999999,62029.039999999986,63709.05999999998,76551
2026-05-11T00:00:00+00:00,63709.05999999998,63882.429999999986,62417.419999999984,62962.419999999984,62877
2026-05-12T00:00:00+00:00,62962.419999999984,63313.889999999985,61838.86999999999,62571.37999999998,93687
2026-05-13T00:00:00+00:00,62571.37999999998,63554.919999999984,62300.419999999984,63545.419999999984,59243
2026-05-14T00:00:00+00:00,63545.419999999984,63910.889999999985,62601.36999999999,63103.37999999998,65853
2026-05-15T00:00:00+00:00,63103.37999999998,63342.39999999999,61042.889999999985,61729.889999999985,115406
2026-05-18T00:00:00+00:00,61729.889999999985,61916.73999999998,60467.23999999998,61544.249999999985,152862
2026-05-19T00:00:00+00:00,61544.249999999985,61715.72999999999,60015.71999999999,60628.23999999998,143199
2026-05-20T00:00:00+00:00,60628.23999999998,61614.71999999999,59385.19999999998,61304.71999999999,139242
2026-05-21T00:00:00+00:00,61304.71999999999,62406.23999999998,61066.249999999985,62138.72999999999,103295
2026-05-22T00:00:00+00:00,62138.72999999999,63851.64999999999,62107.12999999998,63381.639999999985,74964
2026-05-25T00:00:00+00:00,63381.639999999985,65739.74999999999,63381.639999999985,65550.23999999999,45089
2026-05-26T00:00:00+00:00,65550.23999999999,65730.41,64695.91999999999,65585.41,76073
2026-05-27T00:00:00+00:00,65585.41,66571.76,64822.24,65331.76,81871
2026-05-28T00:00:00+00:00,65331.76,65970.52,63953.53,65855.53,174608
2026-05-29T00:00:00+00:00,65855.53,66724.39,65614.89,66284.9,73419
2026-06-01T00:00:00+00:00,66284.9,67685.46,66113.44,67305.44,81518
2026-06-02T00:00:00+00:00,67305.44,67669.16,65639.65,67569.14,79528
2026-06-03T00:00:00+00:00,67569.14,68853.02,66916.03,68175.51,86565
2026-06-04T00:00:00+00:00,68175.51,68175.51,66986.59,67686.58,208226
2026-06-05T00:00:00+00:00,67686.58,67728.57,63548.56,63778.07,168189
2026-06-08T00:00:00+00:00,63778.07,65977.19,63462.69,65529.7,232895
2026-06-09T00:00:00+00:00,65529.7,66176.18,63164.17,64513.67,277991
2026-06-10T00:00:00+00:00,64513.67,65159.78,63180.28,63274.76,277298
2026-06-11T00:00:00+00:00,63274.76,66667.99,62403.01,66452.49,512630
2026-06-12T00:00:00+00:00,66452.49,67487.51,65913,67335,223712
2026-06-15T00:00:00+00:00,67335,69857.51,67335,69727.51,123292
2026-06-16T00:00:00+00:00,69727.51,70107.51,69077.99,69102.49,120014
2026-06-17T00:00:00+00:00,69102.49,71002.51,68857.99,69962.5,148777
2026-06-18T00:00:00+00:00,69962.5,72220.01,69782.99,71975,302558
2026-06-19T00:00:00+00:00,71975,72323,70808.01,72003,89534
2026-06-22T00:00:00+00:00,72003,73792.49,71233,73122.99,115281
2026-06-23T00:00:00+00:00,73122.99,73262.99,68472.99,69360,249246
2026-06-24T00:00:00+00:00,69360,71169.99,68642.99,71150.01,295776
2026-06-25T00:00:00+00:00,71150.01,72782.51,70837.99,71325,496532
2026-06-26T00:00:00+00:00,71325,71788.01,68852.99,69619.99,315216
2026-06-29T00:00:00+00:00,69619.99,70924.39,68257.38,70721.88,219371
2026-06-30T00:00:00+00:00,70721.88,71461.25,69534.24,71073.75,128460
2026-07-01T00:00:00+00:00,71073.75,72184.28,69589.29,69694.27,158814
2026-07-02T00:00:00+00:00,69694.27,70125.39,67665.87,68400.39,539868
2026-07-03T00:00:00+00:00,68400.39,70095.7,67826.18,69900.68,122414
2026-07-06T00:00:00+00:00,69900.68,70579.92,69014.9,70321.91,139222
2026-07-07T00:00:00+00:00,70321.91,70368.98,67466.96,67646.98,170861
2026-07-08T00:00:00+00:00,67646.98,68625.82,65493.31,67733.31,252139
2026-07-09T00:00:00+00:00,67733.31,69147.67,67537.65,69112.67,266670
2026-07-10T00:00:00+00:00,69112.67,69560.39,68275.87,69360.38,101944
2026-07-13T00:00:00+00:00,69360.38,69360.38,66802.2,67154.19,158038
2026-07-14T00:00:00+00:00,67154.19,68808.96,66413.95,68285.95,175382
2026-07-15T00:00:00+00:00,68285.95,68979.48,67149.46,67736.96,103041
2026-07-16T00:00:00+00:00,67736.96,67972.38,65785.36,66007.37,295402
2026-07-17T00:00:00+00:00,66007.37,66015.26,62865.25,65175.25,212762
2026-07-20T00:00:00+00:00,65175.25,66056.59,64679.57,65179.08,152959
2026-07-21T00:00:00+00:00,65179.08,67403.31,64386.3,67290.81,147186
2026-07-22T00:00:00+00:00,67290.81,67732.22,65675.24,66392.24,147477
2026-07-23T00:00:00+00:00,66392.24,67156.63,65076.11,65521.12,333876
2026-07-24T00:00:00+00:00,65521.12,65787.51,64288.01,64435.01,230359
2026-07-27T00:00:00+00:00,64435.01,65790.07,63460.55,63975.06,223704
2026-07-28T00:00:00+00:00,63975.06,64046.88,61996.87,62491.39,253315
2026-07-29T00:00:00+00:00,62491.39,63351.4,60596.9,61081.9,369589
2026-07-30T00:00:00+00:00,61081.9,63929.62,61079.61,63759.12,289695
2026-07-31T00:00:00+00:00,63759.12,65587.4,63607.88,64037.88,80943
